tweet_id,author_id,inbound,created_at,text,response_tweet_id,in_response_to_tweet_id,conversation_id
18209,120041,True,2017-11-01 05:10:10+00:00,@115850. Thanks Joyeeta(customer service) for AMAZON service. Didn't opted for faster delivery still got it when i emailed you its urgent.,18208,,18209.0
18208,AmazonHelp,False,2017-11-01 05:14:55+00:00,@120041 We're glad the order was delivered ahead of schedule! We'll forward your kind words with the customer service associate. ^ZH,,18209.0,18209.0
18424,120094,True,2017-11-01 05:03:17+00:00,また #詐欺 からショートメール来たよ。今度はアマゾンサポートセンター 0363847899 https://t.co/8OicafY1Pz,18422,,18424.0
18422,AmazonHelp,False,2017-11-01 05:29:53+00:00,@120094 失礼いたします。ご存知かと存じますが、当サイトからSMSでメールをお送りすることはございません。アマゾンの名をかたるフィッシング行為が増えているようです。どうぞお気を付けくださいませ。https://t.co/k4jy2iTq1Y  SM,18423,18424.0,18424.0
18423,120094,True,2017-11-01 05:42:40+00:00,@AmazonHelp はい^ ^すぐに架空請求だと分かりました。ありがとうございます。,18425,18422.0,18424.0
18425,AmazonHelp,False,2017-11-01 05:47:54+00:00,@120094 とんでもないことでございます。今後も引き続きお気を付けください。TN,,18423.0,18424.0
20052,120407,True,2017-11-01 06:36:44+00:00,@AmazonHelp cannot change default wishlist in any app or browser regardless of mobile device. log out/in does not fix. Error message. Advise,20050,,20052.0
20050,AmazonHelp,False,2017-11-01 06:44:29+00:00,@120407 Sorry to hear that. What error message are you getting? ^RS,20051,20052.0,20052.0
20051,120407,True,2017-11-01 06:58:33+00:00,@AmazonHelp Amazon has encountered an error. Please try again shortly. This message appears every time I attempt to change my default list for days now.,20053,20050.0,20052.0
20053,AmazonHelp,False,2017-11-01 07:13:30+00:00,@120407 My apologies Christopher. Have you tried from a non mobile device? ^DC,,20051.0,20052.0
20427,120465,True,2017-11-01 03:08:53+00:00,"🎊#ガルパン 見放題一挙配信決定🎊 
アニメ「ガールズ&amp;パンツァー」のTVシリーズ・OVA・劇場版が11/17より #Amazonプライムビデオ で一挙配信決定📢見放題独占配信となる劇場版は特典映像「#秋山優花里 の戦車講座」付き！https://t.co/PDxWrlMkxZ https://t.co/ysSDBbBA2X","20428,20426,20429",,20427.0
20426,120464,True,2017-11-01 07:03:05+00:00,"@120465 ありがたや...ありがたや...
所でグランドツアーシーズン2の配信はまだでしょうかー？",20425,20427.0,20427.0
20425,AmazonHelp,False,2017-11-01 07:06:28+00:00,@120464 申し訳ございませんが、今後の配信予定についてはご案内することができません。配信を心待ちにされているところ誠に恐れ入りますが、適宜サイト上などをご確認ください。TN,,20426.0,20427.0
20428,447654,True,2017-11-01 17:11:05+00:00,"@120465 新火箱(FireTV)買って正解だった
d(ŐдŐ๑)",1409653,20427.0,20427.0
1409653,AmazonHelp,False,2017-11-01 23:09:00+00:00,@447654 ご購入ありがとうございます！そのようにおっしゃっていただけて何よりです😊 YM,,20428.0,20427.0
20429,448554,True,2017-11-02 01:39:11+00:00,@120465 17日からかぁ、この連休中から開始してほしかった・・・(´・ω・｀),1413783,20427.0,20427.0
1413783,AmazonHelp,False,2017-11-02 01:52:53+00:00,@448554 申し訳ございません。お客様からご指摘いただいた点は担当部署にお伝えし、今後のサービス改善の参考にさせていただきます。 YM,,20429.0,20427.0
21459,120689,True,2017-11-01 07:14:42+00:00,Friend has received his Amazon Echo Plus shipment in the morning today. Still waiting for my dot.,"21457,21460",,21459.0
21457,AmazonHelp,False,2017-11-01 07:54:26+00:00,@120689 Could you please confirm if we have missed the mentioned time frame? 2/2 ^AH,21458,21459.0,21459.0
21460,AmazonHelp,False,2017-11-01 07:54:26+00:00,@120689 Our products are shipped on time so that they can reach you by the estimated delivery date. 1/2 ^AH,,21459.0,21459.0
21458,120689,True,2017-11-01 08:03:26+00:00,"@AmazonHelp Not at all, you’re on schedule. Thanks. :)",,21457.0,21459.0
21493,120694,True,2017-11-01 07:46:26+00:00,"@115821 
Why does not Amazon support the Arabic language knowing that many customers have 85% of the Arabs?
@AmazonHelp",21492,,21493.0
21492,AmazonHelp,False,2017-11-01 07:49:00+00:00,"@120694 Hi, I'll be sure to pass your feedback on, thanks. ^AS",,21493.0,21493.0
21914,120775,True,2017-11-01 07:42:45+00:00,#AmazonPayAppQuiz who's the winner @115850 @AmazonHelp,21913,,21914.0
21913,AmazonHelp,False,2017-11-01 08:06:28+00:00,@120775 I believe the winners will be announced by 7th November. Kindly wait until then. ^AB,,21914.0,21914.0
27904,122105,True,2017-11-01 10:18:16+00:00,"@115830 still waiting for my parcels supposed to be delivered next day, 2 days later still waiting, customer service department no help",27902,,27904.0
27902,AmazonHelp,False,2017-11-01 10:31:54+00:00,@122105 Is there a delivery date showing here https://t.co/aaDyEz1VgE? ^BM,27903,27904.0,27904.0
27903,122105,True,2017-11-01 10:40:08+00:00,@AmazonHelp 30th,27905,27902.0,27904.0
27905,AmazonHelp,False,2017-11-01 10:52:00+00:00,@122105 And does it advise anything on the tracking? When was the latest update? ^PK,,27903.0,27904.0
29944,122588,True,2017-11-01 11:37:28+00:00,"2 months later, 5 phone calls, speaking to an upper level manager and I still haven't received access to my @115821 account. COOL GUYS.",29942,,29944.0
29942,AmazonHelp,False,2017-11-01 11:43:37+00:00,@122588 I'm sorry to hear that Heather. Have you been given any advice since the issue began? ^DC,29943,29944.0,29944.0
29943,122588,True,2017-11-01 11:44:18+00:00,@AmazonHelp I was told I'd receive an email to reset my password since my account was hacked and 5 phone calls later nothing.,29945,29942.0,29944.0
29945,AmazonHelp,False,2017-11-01 11:47:28+00:00,@122588 Have you checked your junk/spam folders to make sure the e-mails aren't getting filtered out? ^MJ,29946,29943.0,29944.0
29946,122588,True,2017-11-01 11:48:12+00:00,@AmazonHelp  https://t.co/b5RacHAicP,29947,29945.0,29944.0
29947,AmazonHelp,False,2017-11-01 12:05:32+00:00,@122588 Please provide a few more details and a member of my team will personally look into this further: https://t.co/N3eoiSF1lL ^SD,29948,29946.0,29944.0
29948,122588,True,2017-11-01 12:51:09+00:00,@AmazonHelp I can't log in to my account to even do that. That's the issue. I have Zero access cause it's been hacked.,29949,29947.0,29944.0
29949,AmazonHelp,False,2017-11-01 12:55:28+00:00,"@122588 No problem, Heather! Below the Sign In button there is the option to Skip Sign In. Click on that since you don't have access.",29950,29948.0,29944.0
29950,122588,True,2017-11-01 13:32:35+00:00,@AmazonHelp Sent.,29951,29949.0,29944.0
29951,AmazonHelp,False,2017-11-01 13:37:32+00:00,"@122588 We just received the form, Heather! Someone will contact you soon! ^AD",,29950.0,29944.0
30036,122605,True,2017-11-01 11:23:21+00:00,"@115850 I just got a message that my package was delivered to my home, but I am sitting in my office! Can u please ask who took it?",30034,,30036.0
30034,122605,True,2017-11-01 11:23:33+00:00,"@115850 Even if it is a neighbour, I would like to know who.",30031,30036.0,30036.0
30031,AmazonHelp,False,2017-11-01 11:31:01+00:00,@122605 I'm sorry for the wrong update. Please get in touch with us via https://t.co/TxK11z5H93 and we'll look into this for you. ^AM,"30032,30033",30034.0,30036.0
30033,122605,True,2017-11-01 11:41:46+00:00,@AmazonHelp Found it! It was slipped inside through the grill. Plz ask the delivery team to give the correct update!,,30031.0,30036.0
30032,122605,True,2017-11-01 11:42:01+00:00,@AmazonHelp And thank you for the help.,30035,30031.0,30036.0
30035,AmazonHelp,False,2017-11-01 11:59:49+00:00,"@122605 Thank you for your feedback, Abhinav. I will have this forwarded to the concerned team internally. ^KS",,30032.0,30036.0
38808,124468,True,2017-10-31 20:19:47+00:00,@AmazonHelp I’m requested a courier pick up a package to return it yesterday and nobody’s turned up to pick it up yet,38807,,38808.0
38807,124468,True,2017-11-01 14:46:31+00:00,@AmazonHelp Anyone out there,38806,38808.0,38808.0
38806,AmazonHelp,False,2017-11-01 14:54:00+00:00,"@124468 This may be helpful: https://t.co/Tx9woJ1OSE

If this doesn't help to answer, reach us phone/chat: https://t.co/JzP7hlA23B ^KN",,38807.0,38808.0
43303,125595,True,2017-11-01 15:54:32+00:00,"You know what sucks, @115821? When you pre-order something to guarantee an arrival on the day of release only to find out you gotta wait https://t.co/mrqoj4FmiI",43302,,43303.0
43302,AmazonHelp,False,2017-11-01 16:01:22+00:00,@125595 I'm sorry for the troubles with your order! Please contact us by Phone/Chat: https://t.co/hApLpMlfHN &amp; we'll be glad to help!^FR,,43303.0,43303.0
53510,128089,True,2017-11-01 18:52:33+00:00,"Ahahaha dear @115821 @115850 what's wrong with you guys ? 
#Patanjali aloe vera gel price 😂 https://t.co/JhQhPNbmgR",53509,,53510.0
53509,AmazonHelp,False,2017-11-01 18:54:27+00:00,"@128089 Thank you for keeping us posted, Aakash. We will have this reported to the concerned team internally. ^KS",,53510.0,53510.0
54401,128313,True,2017-11-01 19:03:38+00:00,@AmazonHelp ive signed up to prime student about a week ago with 6 months free so why is it saying theres a problem with my card? https://t.co/EvBkqR1APB,54400,,54401.0
54400,AmazonHelp,False,2017-11-01 19:10:34+00:00,@128313 I'm sorry for the trouble! Please reach out to us here: https://t.co/JzP7hlA23B so we can look into this with you. ^AH,,54401.0,54401.0
57421,129022,True,2017-11-01 20:06:09+00:00,"#HearUsAmazon

Fed up with garbage returns / No Track on our returns @115850 @115851 @128876 https://t.co/DgIvsmyaKT","57420,57422",,57421.0
57420,AmazonHelp,False,2017-11-01 20:13:36+00:00,@129022 Sorry about the trouble with the returns. Please connect with us here: https://t.co/isRjP4ZiBn and we'll get this checked. ^HD,,57421.0,57421.0
57422,129022,True,2017-11-02 01:47:43+00:00,"@115850 @115851 @128876 I dont deal in shoes
I got only 1 shoe
No one contacted me to claim it 
Already complained many times no one listens",1413758,57421.0,57421.0
1413758,AmazonHelp,False,2017-11-02 01:58:00+00:00,@129022 We'd like to take a closer look into this. Kindly fill in your details here: https://t.co/GIJyeYqKE0 and I'll look into this.^SQ,,57422.0,57421.0
58087,129186,True,2017-11-01 19:58:05+00:00,@AmazonHelp can I DM you instead?,58085,,58087.0
58085,AmazonHelp,False,2017-11-01 20:29:29+00:00,"@129186 I've just replied to your DM, thank you for your patience! ^LA",58086,58087.0,58087.0
58086,129186,True,2017-11-02 13:05:09+00:00,@AmazonHelp I replied a while ago,,58085.0,58087.0
59520,129576,True,2017-11-01 20:53:49+00:00,@115850 When will iPhone X will be back in stock?,"59518,59522",,59520.0
59522,AmazonHelp,False,2017-11-01 20:57:27+00:00,"@129576 We haven't made an announcement on that yet. However, you can click on ""Email Me"" option 1/2 ^HD",,59520.0,59520.0
59518,AmazonHelp,False,2017-11-01 20:58:00+00:00,@129576 on the product page and you'll receive an email once the item is back in stock. 2/2 ^HD,59519,59520.0,59520.0
59519,129576,True,2017-11-01 21:02:58+00:00,@AmazonHelp are you going to keep the availability to limited pincodes like flipkart? They have the device available to buy.,59521,59518.0,59520.0
59521,AmazonHelp,False,2017-11-01 21:10:08+00:00,"@129576 You'll be able to see the availability of that particular to your pincode once it is back in stock, Karan. ^HD",,59519.0,59520.0
63156,130480,True,2017-11-01 21:45:36+00:00,First time i've ordered something from @AmazonHelp and it has not arrived. Eagerly waiting for the seller to refund...,63153,,63156.0
63153,AmazonHelp,False,2017-11-01 21:48:29+00:00,@130480 I'm sorry! Have you received an email confirming the refund?  ^AG,"63154,63155",63156.0,63156.0
63155,130480,True,2017-11-01 21:49:41+00:00,"@AmazonHelp Whoever is in charge of responding, i am certain he is not superman. Still waiting for a response.",63157,63153.0,63156.0
63154,130480,True,2017-11-01 21:50:23+00:00,@AmazonHelp The recent and worst reviews made it look like a gamble to order my sweater. Not cool.,,63153.0,63156.0
63157,AmazonHelp,False,2017-11-01 23:04:34+00:00,@130480 I'm sorry for the wait. Please let us know if you haven't heard from the seller in two business days. ^SE,,63155.0,63156.0
65683,131034,True,2017-11-30 08:53:32+00:00,"yup @115821 we paid for shipping to get the package Tuesday and seen this last night at 10pm  We're sorry your package is late
We don't have a new delivery date from UPS, but we recommend waiting as it'll usually arrive within a few days. NO!!!!!",65681,,65683.0
65681,AmazonHelp,False,2017-11-30 08:55:56+00:00,@131034 I'm sorry to hear about the delay. Is there any further information on your tracking? You can find your tracking here:  https://t.co/Y5jpI9gRhE. ^MI,65682,65683.0,65683.0
65682,131034,True,2017-11-30 09:00:56+00:00,@AmazonHelp yup that is where I found out it was not arriving thanks will wait for it tomorrow after work,65684,65681.0,65683.0
65684,AmazonHelp,False,2017-11-30 09:03:53+00:00,@131034 You're very welcome Frank. Please keep us posted!!^GA,,65682.0,65683.0
67420,131398,True,2017-11-30 09:18:27+00:00,"Good Work @115830  for managing to not help me find my package. Amazon: ""Well it has been signed for!""
Me: By who???
Amazon: ""Don't know!""

Brilliant! 
Have a good Christmas Delivery man...my treat!
#Smallfry #charity #buyerbeware","67419,67421",,67420.0
67419,AmazonHelp,False,2017-11-30 09:27:52+00:00,@131398 I'm sorry to hear of the mix up. Check out our help page on locating goods marked as delivered: https://t.co/cVe1l4OjvB ^KI,,67420.0,67420.0
67421,131783,True,2017-11-30 09:44:18+00:00,@131398 @115830 Their delivery driver chucked one over our back gate yesterday and said it’d been signed for!!,69652,67420.0,67420.0
69652,AmazonHelp,False,2017-11-30 09:56:00+00:00,@131783 I'm sorry to hear this Glenn. Was your product damaged at all?^PJ,,67421.0,67420.0
76097,133026,True,2017-11-30 11:25:45+00:00,There is nothing worse than checking your order on amazon and seeing “Delayed” next to it 😩😩😩,76095,,76097.0
76095,AmazonHelp,False,2017-11-30 11:30:33+00:00,"@133026 Oh no!  We're sorry to hear that your package was delayed Michelle.  Have you received an e-mail with an updated delivery date? It may have been routed to a junk/spam folder as sometimes happens.  Keep us posted, we're here to help any way we can! ^AZ",76096,76097.0,76097.0
76096,133026,True,2017-12-01 16:00:21+00:00,@AmazonHelp No worries! It was delivered on time. Just to my next door neighbors house :( not your fault,,76095.0,76097.0
80746,133914,True,2017-11-30 13:04:18+00:00,Shoutout to @115821 for having my favorite @2647 #hdconcealers at a discounted rate of $3 in the @2647 store and only they $5 #iwin #nyxcosmetics https://t.co/H3Sb0rprXw,80745,,80746.0
80745,AmazonHelp,False,2017-11-30 13:10:30+00:00,@133914 No problem at all! We have your back! 👍 ^KI,,80746.0,80746.0
83499,134346,True,2017-11-30 13:26:54+00:00,"@115830 Hello, I have been incorrectly charged for a product I purchased on https://t.co/05jLowTHUh by the seller Amazon EU S.a.r.L.. I guess there is no way to contact the seller since it was sold by Amazon, at least I haven't been able to find one. Pls, advise.",83497,,83499.0
83497,AmazonHelp,False,2017-11-30 13:36:34+00:00,"@134346 Hello Suyash, sorry you have not had a pleasant experience with this order. Just to confirm, were you charged an incorrect amount or did you not receive the correct product? You can contact the seller by following the instructions here: https://t.co/ZWFO8EajzY ^TE",83498,83499.0,83499.0
83498,134346,True,2017-11-30 15:23:31+00:00,@AmazonHelp I have sent the order id and other details on a direct message to you. Kindly review and revert. Thanks!,,83497.0,83499.0
86264,134834,True,2017-11-30 13:57:40+00:00,@AmazonHelp Buenas tardes. @4496 tiene mi envío 'estacionado' y dicen que el remitente debe llamarles para desbloquear esta situación. Estaba garantizada la entrega hoy. gracias,86263,,86264.0
86263,AmazonHelp,False,2017-11-30 14:01:00+00:00,"@134834 ¡Buenas tardes! Lamento el inconveniente, en este caso por favor entra en contacto con nuestros compañeros de servicio al cliente en el siguiente enlace: https://t.co/OjvUxwnzPe. ^NP",,86264.0,86264.0
86266,134835,True,2017-11-30 13:55:12+00:00,"Why is it @115821 that whenever we call for a simple, simple question your Seller Support agents don't know the answer? Why? #WTF is wrong with you guys? How you are a billion dollar company is beyond me. Bunch of fucking idiots work in customer service.",86265,,86266.0
86265,AmazonHelp,False,2017-11-30 13:59:29+00:00,"@134835 Oh no! We certainly don't want you having a poor experience. We'd love to assist you. Without providing any account information, could you explain what happened? ^GP",,86266.0,86266.0
91453,135823,True,2017-11-30 14:51:46+00:00,@115851 Amazon order id 408-3551852-8027568 Amazon India uncooperative m going to Consumer Forum will claim 7 lakhs OK ?,"91452,91454",,91453.0
91452,AmazonHelp,False,2017-11-30 15:11:01+00:00,"@135823 I'm sorry for the unpleasant experience. Please share your details here https://t.co/GIJyeYqKE0, we would assist you accordingly. 
Please don't provide your order details, as we consider it to be personal information. Our Twitter page is public.​ ^MD",,91453.0,91453.0
91454,135823,True,2017-11-30 15:15:57+00:00,@115851 Amazon Echo damaged in transit package returned i say return fine but adjust the prepaid amount with the new replacement to be sent amazon call centre trained robots say NO I say 7 lakhs from CF for INR 7000 harassment unless Mr. Jeff says otherwise @115851,93741,91453.0,91453.0
93741,AmazonHelp,False,2017-11-30 15:28:30+00:00,@135823 Kindly fill in your details using the link provided earlier so that we can resolve your issue at the earliest. ^MN,,91454.0,91453.0
96737,137111,True,2017-11-30 16:17:55+00:00,@117634 whispersync isn't working for my devices. Even force syncing both doesn't track progress. How do I fix this? :-/,96736,,96737.0
96736,AmazonHelp,False,2017-11-30 16:35:00+00:00,@137111 Sorry to know your facing issues with your product. Please report this to our support team here: https://t.co/vlvfJr4nN9 and we'll be glad to assist. ^HS,,96737.0,96737.0
98607,137580,True,2017-11-30 16:07:08+00:00,Je viens de me faire engueuler au téléphone par un livreur Amazon ???,98606,,98607.0
98606,AmazonHelp,False,2017-11-30 16:19:00+00:00,"@137580 Bonjour, désolée d'apprendre cela 😓 Pouvez-vous nous expliquer la situation s'il vous plaît ? Il s'agit de quel transporteur ? ^MA",98604,98607.0,98607.0
98604,137580,True,2017-11-30 16:45:26+00:00,"@AmazonHelp Il s’agit d’Amazon Logistics, mon adresse n’était pas assez précise, je pensais être livrée dans ma boîte aux lettres, le livreur a été impoli au possible pour me demander le numéro de l’étage et la porte...",98602,98606.0,98607.0
98602,AmazonHelp,False,2017-11-30 16:56:00+00:00,"@137580 Dans un souci permanent de qualité et d’efficacité, je vous invite à nous communiquer le numéro de suivi de votre commande. ^SB",98603,98604.0,98607.0
98603,137580,True,2017-11-30 16:59:58+00:00,@AmazonHelp C’est : C10054694003,98605,98602.0,98607.0
98605,AmazonHelp,False,2017-11-30 17:18:02+00:00,"@137580 Vous m'en voyez sincèrement navrée, afin qu'on puisse remonter cet incident, je vous prie de remplir le formulaire suivant : https://t.co/HtUowg2UGX ^ASZ",,98603.0,98607.0
98659,137593,True,2017-11-30 16:42:16+00:00,Los de @132703 han conseguido que el siguiente pedido de @116928  me llegue a un locker. Allí sí reparte Seur y llegan al día siguiente (que para eso tengo el prime).,"98658,98660",,98659.0
98658,AmazonHelp,False,2017-11-30 16:44:36+00:00,"@137593 Hola Rafa, ¿tienes algún pedido pendiente o algún inconveniente con la entrega? ^LG",98657,98659.0,98659.0
98657,137593,True,2017-11-30 16:46:15+00:00,@AmazonHelp Voy ahora de nuevo a pasarme por la oficina de ASM a ver si han encontrado el paquete. Pero que pedir a un locker que está a tres  calles de mi casa haga que el paquete llegue un día antes... Hacéoslo mirar. Tengo todo ahora de 2 a 3 días en domicilio.,98656,98658.0,98659.0
98656,137593,True,2017-11-30 16:46:51+00:00,"@AmazonHelp Y de verdad, parece que me estéis penalizando. O sales de casa a recogerlo, o un día más para la entrega. 😒",98655,98657.0,98659.0
98655,AmazonHelp,False,2017-11-30 16:50:28+00:00,"@137593 Comprendemos tu molestia, Rafa. Si no recibes respuesta de @132703, por favor contacta con nuestros compañeros de Soporte al Cliente a través del sitio web. ^LG",,98656.0,98659.0
108074,139996,True,2017-11-23 18:41:08+00:00,"Hi @AmazonHelp. Any chance of my package arriving during work hours tomorrow? Because, you know, I’m not at home during the day, and I generally like to leave work at 5pm. Thanks.",108073,,108074.0
108073,AmazonHelp,False,2017-11-23 18:49:00+00:00,"@139996 I understand your concern, Adam! We'd like to help! Depending on your carrier, your package can usually be delivered anytime until 8:00 PM. ^HM",108072,108074.0,108074.0
108072,139996,True,2017-11-23 18:52:12+00:00,@AmazonHelp Do you realise how unhelpful that response is? What do you suggest I do? Stay at work until 8pm? Change delivery to my home address and hope it’s delivered in the evening? Or just not shop with you? I’m all ears.,108071,108073.0,108074.0
108071,AmazonHelp,False,2017-11-23 19:02:00+00:00,"@139996 I completely understand your frustration! Let's take a look into available options in real-time. When you have a free moment, please reach out to us here: https://t.co/hApLpMlfHN",108070,108072.0,108074.0
108070,139996,True,2017-11-23 19:39:10+00:00,@AmazonHelp “In real-time”? By that you mean over the phone? My order isn’t displaying either.,108069,108071.0,108074.0
108069,AmazonHelp,False,2017-11-23 19:43:00+00:00,@139996 I'm so sorry about that! Please try this link: https://t.co/JzP7hlA23B instead. We're available in real-time via the Phone or Chat options in the link above. ^EZ,,108070.0,108074.0
122816,143406,True,2017-11-23 15:01:28+00:00,Amazonプライム会員になったので、孤独のグルメの「ふらっとQUZUMI」をまとめて観ています。食べた刹那の困り系喜び顔がたまりません。,122815,,122816.0
122815,AmazonHelp,False,2017-11-24 00:13:53+00:00,"@143406 Amazonプライム、ご登録ありがとうございます！特典一覧をお送りしますので、よろしければチェックしてみてください🙇‍♂️
|∀・).｡oO(中の人も「ふらっとQUZUMI」の部分好きです。なんというか、幸せな気持ちが伝わりますよね・・・🍀)　MH https://t.co/zmvHE88QIE",,122816.0,122816.0
124106,143758,True,2017-11-24 01:00:37+00:00,@115821 @AmazonHelp I manage to get into my account but you’re still blocking my purchases.,124105,,124106.0
124105,AmazonHelp,False,2017-11-24 01:18:38+00:00,@143758 I'm sorry for the delay. We don't have access to your account via Twitter. Would you please let a member of our team assist via phone? This link can be used to contact us: https://t.co/0nB5OiTSrj  -SE,,124106.0,124106.0
125387,116618,True,2017-11-23 23:00:03+00:00,"No football tonight, just family. #TNFonPrimeVideo returns on 11/30. https://t.co/xmN9TtIVHK",125386,,125387.0
125386,144114,True,2017-11-24 01:30:30+00:00,@116618 where's the game tonight? it's not allowing us to get on and watch?,125385,125387.0,125387.0
125385,AmazonHelp,False,2017-11-24 02:14:11+00:00,@144114 Thursday Night Football won't be airing tonight; I'm sorry for any inconvenience this may cause. More information on when it will be airing again can be found here: https://t.co/UpUbwv0fzM ^QJ,,125386.0,125387.0
126842,144472,True,2017-11-24 03:12:38+00:00,@117086 Olá acabei de comprar o produto Thor bomba divina na promoção e quando eu fui fechar o pedido ele parece que saiu da oferta. Por favor posso entrar em contato em detalhes com vocês?,126841,,126842.0
126841,AmazonHelp,False,2017-11-24 03:19:00+00:00,"@144472 Olá, Scott! Por favor, confira estas informações: https://t.co/S5UKmfqDzK ^CR",,126842.0,126842.0
131684,145698,True,2017-11-24 06:48:33+00:00,"First time I recommend @AmazonHelp @115850 to my friend saying 'ooh it's very nice no issue' and they deliver a wrong product which isn't eligible for return.

Kidhar aake taali bajau main batao?","131685,131686,131687,131688,131683",,131684.0
131683,AmazonHelp,False,2017-11-24 07:35:28+00:00,@145698 Apologies for the delivery of the wrong product. Did you report this to our support center? If not report it here: https://t.co/vlvfJr4nN9. We'd be glad to assist you. ^JS,,131684.0,131684.0
132439,145878,True,2017-11-24 08:04:11+00:00,@AmazonHelp Hi. Amazon.de order #303-8616874-5049134. I selected prime speed shipping for next day shipping; yet it shows arrival date for for wednesday 29/11. What's up with that?,132437,,132439.0
132437,AmazonHelp,False,2017-11-24 08:07:00+00:00,@145878 Hi Michael. Delivery times are from when an order dispatches. Not from when it's placed. I hope this help. ^DC,132438,132439.0,132439.0
132438,145878,True,2017-11-24 08:08:03+00:00,@AmazonHelp I see. Can I expect it garuanteed on Wednesday then?,132440,132437.0,132439.0
132440,AmazonHelp,False,2017-11-24 08:19:57+00:00,@145878 If the order confirmation says so - why not? Regards ^TA,132441,132438.0,132439.0
132441,145878,True,2017-11-24 08:23:18+00:00,"@AmazonHelp Figured I'd double check, it's my first more expensive order on Amazon. My bad for asking I guess? 🤔",132442,132440.0,132439.0
132442,AmazonHelp,False,2017-11-24 08:35:27+00:00,"@145878 The order confirmation usually shows the correct date. Therefore, we cannot tell you anything else. And don't worry: You can ask anytime :-) ^KM",,132441.0,132439.0
132483,145890,True,2017-11-24 07:52:55+00:00,@116316 Is this an international version? https://t.co/yQqX55guvk,132481,,132483.0
132481,AmazonHelp,False,2017-11-24 08:03:00+00:00,@145890 The mentioned mobile phone is a prepaid phone. The mobile phones sold by Amazon.de directly do not have a contract. You can therefore sign a contract with the company of your own choice. ^TA,132482,132483.0,132483.0
132482,145890,True,2017-11-24 08:07:52+00:00,"@AmazonHelp Ok, I can use it in the Netherlands without network issues? Is it the same phone as: https://t.co/UVSOtXOrNS",132484,132481.0,132483.0
132484,AmazonHelp,False,2017-11-24 08:41:29+00:00,"@145890 Yes, you should be able to use it without any network restriction in the Netherlands. ^AM",,132482.0,132483.0
132575,145909,True,2017-11-24 06:56:22+00:00,@145910 @115850 MRP is rs 135 inclusive of all taxes and delivery is free but I paid Rs 215 for this product how you can charge more than MRP? @7664 @118341 https://t.co/kOnaDkJ7Ao,132573,,132575.0
132573,AmazonHelp,False,2017-11-24 07:47:27+00:00,"@145909 We are sorry you feel that way. To know more about our pricing check this link out: https://t.co/HKfumBX3Ht. Please don't provide your order details, as we consider it to be personal information. Our Twitter page is visible to the public. ^VM",132574,132575.0,132575.0
132574,145909,True,2017-11-24 07:59:29+00:00,@AmazonHelp Due to GST every state have same MRP now and this product is manufactured after GST how you can charge more than MRP explain this or I will go to the consumer court,132576,132573.0,132575.0
132576,AmazonHelp,False,2017-11-24 08:21:29+00:00,"@145909 I get your concern. As mentioned earlier, the M.R.P. displayed for products on our website represents the full retail price listed on the product itself as shared by Manufacturers, Distributors or Sellers. Please refer to the link provided earlier for more details. ^AP",,132574.0,132575.0
133653,146128,True,2017-11-24 08:19:02+00:00,@115821 Courier Delivery man Mr. Amit Nagar (Mob  9690906485) demanding Bribe for Delivery the courier on my address when Amazon not able to delivery any product Why booked the couriers.   Very Bad Service given by Amazon.                     Order# 407-8101394-0361901,133651,,133653.0
133651,AmazonHelp,False,2017-11-24 08:39:26+00:00,"@146128 I'm sorry for the experience with delivery. We'd like to look into it. Please share your details here: https://t.co/cllwXc2HeK we'll reach out to you soon. Also, please don't provide your order details, as we consider it to be personal information. ^AP",133652,133653.0,133653.0
133652,146128,True,2017-11-24 08:43:40+00:00,@AmazonHelp i have recorded delivery man Phone call. he is demanding clearly bribe for delivery the courier very poor service by amazon.,,133651.0,133653.0
140935,147799,True,2017-11-24 11:42:47+00:00,"@AmazonHelp Your delivery service has lost my parcel, but are saying it has been delivered. It can't possibly have been as no one was home. What exactly am I supposed to do now?",140934,,140935.0
140934,AmazonHelp,False,2017-11-24 11:52:51+00:00,"@147799 Thank you for contacting us! I am sorry your package hasn't arrived. Just to clarify, which site are you using, https://t.co/4QMruY51pq .uk/ .de? ^SC",140933,140935.0,140935.0
140933,147799,True,2017-11-24 11:53:17+00:00,@AmazonHelp .uk,140932,140934.0,140935.0
140932,AmazonHelp,False,2017-11-24 11:57:29+00:00,@147799 Thanks for letting us know! We'd like to help you locate your package. Let's start here: https://t.co/wC1NQq7LMi. Please let us know if you need any additional help. We're here for you! ^KJ,140931,140933.0,140935.0
140931,147799,True,2017-11-24 12:01:28+00:00,"@AmazonHelp Already done that. I phoned last night, they said they would investigate. Emailed today to say it has been 'delivered correctly'. So you've sent two tablets somewhere but don't know where or who accepted the delivery because theres no signature but it wasn't me or my neighbours!",140930,140932.0,140935.0
140930,AmazonHelp,False,2017-11-24 12:05:23+00:00,@147799 I am sorry to hear this. Please click on the link below to contact us and we will see what options we have for you: https://t.co/JzP7hlA23B.^GA,,140931.0,140935.0
142800,148238,True,2017-11-24 13:00:40+00:00,"@AmazonHelp Moin! Habe gerade meinen Monitor erhalten, der offensichtlich schon einmal einen Besitzer hatte. Siegel gebrochen und offensichtlich aus- und wieder eingepackt wurde. Wenn ich WHD möchte, bestelle ich die auch. Hier möchte ich aber keine WHD. Was machen wir nun?",142799,,142800.0
142799,AmazonHelp,False,2017-11-24 13:10:34+00:00,"@148238 Oje, tut mir leid zu lesen 😔 Wenn der Verkauf und Versand durch uns war und der Artikel noch verfügbar ist, kannst du eine kostenlose Ersatzlieferung veranlassen. Alternativ Rücksendung und Erstattung. Guck mal hier: https://t.co/P1eh8o0m7d LLieber Gruß ^TG",,142800.0,142800.0
142879,148251,True,2017-11-24 12:47:13+00:00,"um, hiiiiiii I need coffee and Amazon sent the wrong humidifier filter so I'm drier than a desert???",142878,,142879.0
142878,AmazonHelp,False,2017-11-24 12:56:40+00:00,@148251 Oh no! Sorry you did not receive the correct item. Please visit our online returns center here:https://t.co/TdGQys9JgY to look into available options. Thank you ^AP,142877,142879.0,142879.0
142877,148251,True,2017-11-24 12:58:27+00:00,@AmazonHelp Thank you! I've already printed the label and re-ordered!,142876,142878.0,142879.0
142876,AmazonHelp,False,2017-11-24 13:04:31+00:00,@148251 You're welcome. Let us know if you need anything else.^ES,,142877.0,142879.0
142881,148252,True,2017-11-24 12:57:29+00:00,@120533   (Coucou ) https://t.co/IvPHn0gPxW,142880,,142881.0
142880,AmazonHelp,False,2017-11-24 13:03:48+00:00,"@148252 Bonjour, comment pourrai-je vous aider ?^AR",,142881.0,142881.0
144125,148583,True,2017-11-24 13:31:34+00:00,otro repartidor hiper majo de amazon qué está pasando,144123,,144125.0
144123,AmazonHelp,False,2017-11-24 13:34:25+00:00,"@148583 Hola Javier, ¿cómo te podemos ayudar? ^FZ",144124,144125.0,144125.0
144124,148583,True,2017-11-24 13:36:50+00:00,"@AmazonHelp si el tuit no era irónico :(
pero ya que estás, poner la switch a menos de 300€ sería un detallazo",,144123.0,144125.0
149297,150012,True,2017-11-24 14:38:12+00:00,"Habe ich das richtig verstanden das ich jetzt auf den Echo Geräten in in allen Räumen die gleiche Musik hören kann oder gar unterschiedliche?
@116316",149296,,149297.0
149296,AmazonHelp,False,2017-11-24 14:44:00+00:00,@150012 Alle Informationen zum Echo und der Multiroomfunktion findest du hier: https://t.co/0yNDzOKbap ^BL,149295,149297.0,149297.0
149295,150012,True,2017-11-24 14:44:16+00:00,@AmazonHelp Danke,149294,149296.0,149297.0
149294,AmazonHelp,False,2017-11-24 14:53:00+00:00,@150012 Gerne! 😊,,149295.0,149297.0
151979,150731,True,2017-11-24 15:54:31+00:00,"@115850 
I want to buy new phone wtih exchanging the old one. I am eligible for it if I dont have invoice. But I do have all accessories plus box.",151977,,151979.0
151977,AmazonHelp,False,2017-11-24 16:12:29+00:00,@150731 I understand that you want to exchange your phone for a new one. Kindly refer here: https://t.co/pF7XoNG2HB for more details about exchange. ^SG,151978,151979.0,151979.0
151978,150731,True,2017-11-24 16:59:12+00:00,@AmazonHelp I dont have invoice. And i cant find any relatable FAQ ffor this.,151980,151977.0,151979.0
151980,AmazonHelp,False,2017-11-24 17:34:00+00:00,@150731 You can print invoice of your order using the following link : https://t.co/taVHY6m0YP . Do keep us posted for further assistance. ^SD,,151978.0,151979.0
151992,150733,True,2017-11-24 16:05:45+00:00,"GG le support d'@120533 : ""Oui oui on vous assure vous serez livré aujourd'hui"". Et 20 min plus tard avoir une notif' ""Votre colis sera livré MARDI"" sur l'app'..... @2600. :/",151989,,151992.0
151989,AmazonHelp,False,2017-11-24 16:12:28+00:00,"@150733 Bonjour Jeremie, avez-vous un souci avec une commande en cours ? ^MA","151990,151991",151992.0,151992.0
151991,150733,True,2017-11-24 16:17:06+00:00,"@AmazonHelp j'ai commandé mercredi des éléments disponibles et éligibles PRIME e, étant PRIME.
Une livraison aujourd'hui était prévue. Je discute ce matin et à 16h avec le tchat pour être sûr d'être livré : C'est ok. Et là je reçois une notif : Livraison MARDI. :/",151993,151989.0,151992.0
151990,150733,True,2017-11-24 16:19:00+00:00,@AmazonHelp C'n'est pas super pro. Pourquoi ne pas me prévenir de suite. Je suis très embêté j'en ai besoin demain....,,151989.0,151992.0
151993,AmazonHelp,False,2017-11-24 16:19:35+00:00,@150733 Quelle est la raison annoncée pour ce délai de livraison ? ^KD,151994,151991.0,151992.0
151994,150733,True,2017-11-24 16:20:28+00:00,"@AmazonHelp AUCUNE. Commande : 407-6181636-6520342

Tout était marqué ""livraison vendredi 24 novembre"", jusqu'il y a 20 minutes.",151995,151993.0,151992.0
151995,AmazonHelp,False,2017-11-24 16:32:42+00:00,@150733 Avez-vous signalé cet incident à notre service client ? ^ASZ,"151996,151997",151994.0,151992.0
151997,150733,True,2017-11-24 16:33:41+00:00,"@AmazonHelp Justement, j'ai discuté 2 fois avec eux aujourd'hui. et les 2 personnes m'ont assurées que je serais livré ce jour. Vous pouvez regarder les historiques sans problème. Date de livraison garantie.",151998,151995.0,151992.0
151996,150733,True,2017-11-24 16:34:31+00:00,"@AmazonHelp Je comprends les ""latences"" dûes au Black Friday, mais franchement, prévenir le client devrait arriver avant ... Savez vous si je peux passer chez UPS récupérer mon colis directement ?",,151995.0,151992.0
151998,AmazonHelp,False,2017-11-24 16:54:00+00:00,"@150733 Je comprends parfaitement et je suis vraiment navrée. Du moment que votre commande est toujours en retard, je vous invite à relancer le service client pour prendre les mesures nécessaires. ^SB",151999,151997.0,151992.0
151999,150733,True,2017-11-24 17:19:25+00:00,"@AmazonHelp Ils vont me dire que c'est livré peut être ^^.
Mais je vais essayer. Merci.",152000,151998.0,151992.0
152000,AmazonHelp,False,2017-11-24 17:23:32+00:00,@150733 Tenez-nous au courant s'il vous plaît. ^MA,,151999.0,151992.0
158806,152506,True,2017-11-24 17:26:36+00:00,FINALLLYYYY ITS COMUNG TUESDAY I ORDERED IN OCTORBER @115850 BHAGWAAN KE GHAR ME DER HAI PER ANDHER NHI LMAO https://t.co/dSCNWvurL2,158804,,158806.0
158804,AmazonHelp,False,2017-11-24 17:51:00+00:00,"@152506 The stretch with the dispatch &amp; delivery date is long, is there any unexpected delay? Keep us posted. ^MJ",158805,158806.0,158806.0
158805,152506,True,2017-11-24 17:54:17+00:00,@AmazonHelp Yes I will keep you posted for sure. xx,,158804.0,158806.0
163506,153819,True,2017-11-24 19:23:59+00:00,@153820 hi #amazonrestaurants. Delivery driver is now a further 20 mins late... After you told me he was already running 15 mins late. Trying to ring you and still waiting on the line for 8 mins #poorcustomerservice https://t.co/lQNZ7TSZeN,163505,,163506.0
163505,AmazonHelp,False,2017-11-24 19:38:00+00:00,@153819 I'm sorry for the trouble this may have caused! Please keep us posted on the outcome of the call. We are here to help! ^VB,,163506.0,163506.0
163621,153847,True,2017-11-24 19:18:50+00:00,@115821  Very frustrating that currently your website is not working. Trying to shop your deals but won’t recognize my email,163620,,163621.0
163620,AmazonHelp,False,2017-11-24 19:26:26+00:00,"@153847 I'm sorry for the trouble with your account. Are you seeing this message on multiple browsers and devices? If so, have you received an e-mail from our Account Specialists regarding your account status? ^RA",,163621.0,163621.0
163632,153850,True,2017-11-24 19:20:18+00:00,"@117086 meu pedido chegou e eu estou extremamente feliz, amo vocês",163630,,163632.0
163630,AmazonHelp,False,2017-11-24 19:25:08+00:00,@153850 Sérioo🎉 ! Posta uma fotinho para a gente. ^MB https://t.co/IBkMfGOrrC,163631,163632.0,163632.0
163631,153850,True,2017-11-24 19:47:18+00:00,@AmazonHelp AAAAAAAAAAAAAA TO APAIXONADA https://t.co/RmrYYlzxW9,163633,163630.0,163632.0
163633,AmazonHelp,False,2017-11-24 19:49:27+00:00,"@153850 Nossa, que compra legal! 😍 Você é fã mesmo de 1D, não é? ✨ ^CR",,163631.0,163632.0
164838,154208,True,2017-11-24 20:05:41+00:00,@115821 gon rule the world with this Prime membership. Free one &amp; two-day shipping and unbelievable prices just sic! #BlackAmazon,164836,,164838.0
164836,AmazonHelp,False,2017-11-24 20:09:39+00:00,@154208 We're so glad you enjoy! 😁 ^TG,164837,164838.0,164838.0
164837,154208,True,2017-11-24 20:50:12+00:00,@AmazonHelp Yes!!!,,164836.0,164838.0
164916,154224,True,2017-11-24 19:55:54+00:00,I thought @115830 were supposed to be cutting back on excess packing I’m not sure it worked this time !!!!! https://t.co/UplwJwxiU4,164915,,164916.0
164915,AmazonHelp,False,2017-11-24 19:59:01+00:00,@154224 We're always looking for ways to improve! We'd appreciate providing your feedback here: https://t.co/fxgZ6hTrFA ^ZW,,164916.0,164916.0
164957,154235,True,2017-11-24 19:47:47+00:00,"@AmazonHelp como teniendo cuenta premium, hago un pedido ayer jueves y hoy me notifican que me llega el jueves de la semana que viene, es decir, 7 días después...es esto posible o hay algún error?",164955,,164957.0
164955,AmazonHelp,False,2017-11-24 19:53:27+00:00,"@154235 Hola, te recordamos que la fecha de entrega de un producto dependerá de su disponibilidad, ubicación en nuestra red de almacenes así como de la dirección donde será entregado. Puedes encontrar más información aquí: https://t.co/Q7nQhLY9nV. ^MZ",164956,164957.0,164957.0
164956,154235,True,2017-11-24 19:56:03+00:00,@AmazonHelp Gracias🤦,,164955.0,164957.0
166544,154684,True,2017-11-24 20:04:56+00:00,"@120474 At the 02 now, was told to pick up tickets from the box office but the tickets have been used by someone else!?",166543,,166544.0
166543,AmazonHelp,False,2017-11-24 20:14:33+00:00,"@154684 Hi! That's interesting, to pick up tickets, you have to present the confirmation e-mail that's sent when the tickets were purchased. Does anyone have access to your e-mail account? Here is some information about tickets: https://t.co/F9Ku3zx9Zv Let us know! ^DA",,166544.0,166544.0
167963,155072,True,2017-11-24 20:55:44+00:00,When you paying #Prime to get your delivery two days later what's the point of be prime (I don't use music or prime movie) ??? #Amazon @115830 #ripoff #BlackFriday https://t.co/xRiKp8DTKN,167962,,167963.0
167962,AmazonHelp,False,2017-11-24 21:00:51+00:00,"@155072 Have we missed the delivery date for this order? Delivery speed is calculated from the time your order has shipped; for more information about how we calculate shipping speed, please use the following link: https://t.co/oU9wWDaM9i ^WM",,167963.0,167963.0
170899,155855,True,2017-11-24 21:41:48+00:00,"@115830 Can someone please DM me about your shocking customer service and crap Black Friday ordering.  You’re on a par with @252 right now, and the whole world knows how shit they are! 🤬😠😤",170898,,170899.0
170898,AmazonHelp,False,2017-11-24 21:53:30+00:00,@155855 We'd like to help! Please use the link below to DM with us. As a reminder we don't have access to your Amazon account; please refrain from providing personal or account details.  ^AG https://t.co/1XyLaGkcaN,170896,170899.0,170899.0
170896,155855,True,2017-11-24 22:05:28+00:00,@AmazonHelp Are you able to trace online chats or do I need to screenshot what is happening ? I am beyond fed up with the *help* I’ve got tonight! 😤,170894,170898.0,170899.0
170894,AmazonHelp,False,2017-11-24 22:13:00+00:00,"@155855 For security, we are unable to view customer account details on Twitter. However, our chats are recorded. Please let us know what's going on. ^BH",170895,170896.0,170899.0
170895,155855,True,2017-11-24 22:24:11+00:00,@AmazonHelp It is far too long winded to discuss on Twitter. I have got nowhere with live chat. Am fed up with the way I’ve been treated by your customer services tonight 😩😤 What do I do now?,170897,170894.0,170899.0
170897,AmazonHelp,False,2017-11-24 22:42:31+00:00,"@155855 Understood. Without posting account or order details, can you please tell us about the initial issue you were trying to get resolved when you contacted us? https://t.co/1XyLaGkcaN",,170895.0,170899.0
173419,156596,True,2017-11-24 23:06:32+00:00,shoutout to @115821 for stealing my money for shit I never even signed up for ✌🏻✌🏻✌🏻✌🏻,173418,,173419.0
173418,AmazonHelp,False,2017-11-24 23:12:32+00:00,"@156596 I'm sorry for the trouble! We'd like to take a closer look at this with you, please reach out to us at your convenience here: https://t.co/hApLpMlfHN ^LJ",,173419.0,173419.0
175430,157201,True,2017-11-24 23:49:02+00:00,When things get weird with @AmazonHelp. https://t.co/3RRl8j52kg,175429,,175430.0
175429,AmazonHelp,False,2017-11-24 23:53:00+00:00,"@157201 I'm sorry for the poor experience. Typically, when the chat is completed a survey will pop up. When completed these are sent to management for review to help with coaching opportunities.  ^EP",,175430.0,175430.0
176347,157496,True,2017-11-25 00:39:30+00:00,@AmazonHelp How long does it usually take to ship orders?,176345,,176347.0
176345,AmazonHelp,False,2017-11-25 00:41:58+00:00,@157496 Shipping times vary based on a number of factors. We aim to meet the delivery date shown during checkout and confirmed via e-mail. Have we missed this date? ^SB,176346,176347.0,176347.0
176346,157496,True,2017-11-25 00:45:23+00:00,@AmazonHelp It says it was to ship today but it hasn't yet.,176348,176345.0,176347.0
176348,AmazonHelp,False,2017-11-25 00:52:00+00:00,"@157496 It's possible your order can ship tonight or tomorrow and can still meet the expected delivery date. Keep us updated, Rachel! ^JP",,176346.0,176347.0
180954,158506,True,2017-10-04 13:00:36+00:00,"@115850 when will Fire TV with 4K Ultra HD and Alexa Voice Remote | Streaming Media Player
Be launched in India?",180953,,180954.0
180953,AmazonHelp,False,2017-10-04 13:05:00+00:00,"@158506 We don't have any announcement for Fire TV and Alexa Voice Remote |Streaming Media Player yet. But, stay tuned. ^AP",,180954.0,180954.0
181076,158529,True,2017-10-04 12:30:33+00:00,"Okay @115821 , where did you hide tracking numbers?  Why do they show up on the app but not the web page?  Is this an ""improvement?"" #ItsNot",181074,,181076.0
181074,AmazonHelp,False,2017-10-04 12:54:00+00:00,"@158529 On the Amazon site, sign in to Your Account&gt;Your Orders and the track package button should be on the right of the item.^EM",181075,181076.0,181076.0
181075,158529,True,2017-10-04 13:25:30+00:00,@AmazonHelp Doesn’t answer my question.  Where are the tracking numbers?,181077,181074.0,181076.0
181077,AmazonHelp,False,2017-10-04 13:32:55+00:00,"@158529 After selecting the order, the tracking number will be listed under the ""track package"" button. ^ZW",181078,181075.0,181076.0
181078,158529,True,2017-10-04 15:27:04+00:00,@AmazonHelp Interesting bug.  Six packages (over 2 orders) and only the most recent has a tracking number listed.  Weird.,181079,181077.0,181076.0
181079,AmazonHelp,False,2017-10-04 15:32:40+00:00,@158529 What is the current status of your order? You can find some information that may help here: https://t.co/gCBLihYm6B ^MT,,181078.0,181076.0
182499,158919,True,2017-10-04 17:21:35+00:00,"My hot sauce from @115821 wasn’t broken this time, but it was the wrong sauce. Gonna have to start ordering from @12159",182498,,182499.0
182498,AmazonHelp,False,2017-10-04 17:27:01+00:00,@158919 I'm sorry you got the wrong sauce. We'd be happy to look into your options with you here: https://t.co/EKXRLsnxJu ^AF,,182499.0,182499.0
182627,158945,True,2017-10-04 17:11:37+00:00,I just had such shitty customer service from @115821 and it's over an $18 refund. Oh my god it is not worth the trouble.,182625,,182627.0
182625,AmazonHelp,False,2017-10-04 17:20:29+00:00,"@158945 I'm sorry you had an upsetting experience with us. Without sharing account info, can you tell us what happened? ^VS",182626,182627.0,182627.0
182626,158945,True,2017-10-04 18:03:06+00:00,"@AmazonHelp It's okay: customer rep on the phone has terrible job/gets paid pennies, so I don't want her in trouble. I was just annoyed temporarily.",182628,182625.0,182627.0
182628,AmazonHelp,False,2017-10-04 18:06:32+00:00,@158945 What info was provided while on the phone? Did we ask you to wait until a certain date before we explore more options? ^RA,182629,182626.0,182627.0
182629,158945,True,2017-10-04 18:48:34+00:00,@AmazonHelp No although I was expecting the rep to say that. Just asked me to look around the front porch. I've had packages misdirected and returned.,182630,182628.0,182627.0
182630,AmazonHelp,False,2017-10-04 19:08:06+00:00,"@158945 Delivered packages usually show up within 36 hours: https://t.co/Suw0w2wmpl If it doesn't turn up, please call us again! ^TK",182631,182629.0,182627.0
182631,158945,True,2017-10-04 20:40:23+00:00,"@AmazonHelp Okay, it has been three business days, but you've already processed the refund, so thanks.",,182630.0,182627.0
182830,159016,True,2017-10-04 16:09:49+00:00,"@115830 might seem like a small issue to you, but ppl have chosen you to order #battlefront2 for the beta access. @10115 need to sort it",182829,,182830.0
182829,AmazonHelp,False,2017-10-04 16:13:27+00:00,@159016 I'm so sorry for the trouble you've had! Have you tried to reach out to EA? You can do so here: https://t.co/4H7fP2RzI3 ^ZW,182828,182830.0,182830.0
182828,159016,True,2017-10-04 16:25:55+00:00,@AmazonHelp Pre ordered this months ago via amazon. Contact amazon customer services 3 times. Still have now beta code email.,182827,182829.0,182830.0
182827,AmazonHelp,False,2017-10-04 16:32:28+00:00,@159016 What information was provided when you spoke with us? ^RA,182826,182828.0,182830.0
182826,159016,True,2017-10-04 16:42:52+00:00,"@AmazonHelp Order number. Name. And status. Was promised three times that beta code would be with me prior to beta launch, which was 9 am today.",182825,182827.0,182830.0
182825,AmazonHelp,False,2017-10-04 16:47:31+00:00,@159016 Have you checked your Spam and Junk folders as well? Did we set up a follow up regarding this matter? ^CO,182823,182826.0,182830.0
182823,159016,True,2017-10-04 17:04:20+00:00,@AmazonHelp I can pm you my order number to check,"182822,182824",182825.0,182830.0
182822,AmazonHelp,False,2017-10-04 17:16:32+00:00,"@159016 Since we do not have access to orders or accounts over Twitter, we would not be able to access your details. There may ... 1/2",,182823.0,182830.0
182824,AmazonHelp,False,2017-10-04 17:16:32+00:00,@159016 be new information available on the situation. Could you try contact our customer service one more time? ^MJ 2/2,,182823.0,182830.0
183684,159193,True,2017-09-30 15:21:39+00:00,@119625 having issues with you ipad app. Keeps hanging when I try to change audio of fullmetal alchemist. Wtf did I pay you guys for,183683,,183684.0
183683,AmazonHelp,False,2017-09-30 15:43:53+00:00,@159193 Sorry for the hassle. Could you please uninstall and reinstall the app and try again? ^HN,183682,183684.0,183684.0
183682,159193,True,2017-09-30 16:46:49+00:00,@AmazonHelp I'll do that. Will get back,183681,183683.0,183684.0
183681,AmazonHelp,False,2017-09-30 18:17:32+00:00,@159193 Perfect! Please let us know if you would require any further assistance. ^PB,183680,183682.0,183684.0
183680,159193,True,2017-10-04 12:25:05+00:00,@AmazonHelp Reinstalling didn't work. Issue is still there. Can't change audio or subs and then app hangs,183679,183681.0,183684.0
183679,AmazonHelp,False,2017-10-04 12:44:00+00:00,@159193 That's odd! Kindly report it here: https://t.co/9VrvB82P7G and our team will have a look into it for you. ^AB,,183680.0,183684.0
191668,161044,True,2017-10-04 15:30:13+00:00,eu amo a @117086! comprei uns livros na segunda e eles já entregaram na minha casa &lt;3,191667,,191668.0
191667,AmazonHelp,False,2017-10-04 15:35:31+00:00,@161044 Não deu tempo nem para esperar. Manda para nós uma foto dos seus novos livros 💕📦 ^VL,,191668.0,191668.0
207599,165094,True,2017-11-03 18:21:33+00:00,@115830 Had to sit in all day waiting on a delivery to then find out it has been delayed!Now expected to wait up to another2days!Shocking,207597,,207599.0
207597,AmazonHelp,False,2017-11-03 18:26:29+00:00,@165094 I'm really sorry about the delay. We'd like to help! Who was the carrier? You can find that here: https://t.co/aaDyEz1VgE ^AJ,207598,207599.0,207599.0
207598,165094,True,2017-11-03 18:28:41+00:00,@AmazonHelp Amazon shipping,207600,207597.0,207599.0
207600,AmazonHelp,False,2017-11-03 18:41:30+00:00,@165094 Thanks for the info!  We'll need you to either ring or chat us here:  https://t.co/JzP7hlA23B We're here to help! ^JD,,207598.0,207599.0
210384,165795,True,2017-10-04 18:34:33+00:00,"@AmazonHelp If I pay for an Amazon Smile order with a GC, does it still generate income for the charity? Or do you have to pay with CC?","210383,210385",,210384.0
210385,AmazonHelp,False,2017-10-04 18:45:04+00:00,"@165795 Yes, paying for your Amazon order with a gift card will still generate income for your selected charity. You can ^JM 1/2",,210384.0,210384.0
210383,AmazonHelp,False,2017-10-04 18:45:11+00:00,@165795 find some helpful information here: https://t.co/qvCmc0Tvng ^JM 2/2,,210384.0,210384.0
215208,167129,True,2017-10-05 00:46:31+00:00,Jk looks like they put my package in front of my house but didn't realize it required a signature. @AmazonHelp plz help,215205,,215208.0
215205,AmazonHelp,False,2017-10-05 00:52:28+00:00,@167129 We're happy to help! Who is the carrier showing here for this delivery: https://t.co/Y5jpI9gRhE ^ML,"215206,215203,215207",215208.0,215208.0
215206,167129,True,2017-10-05 01:03:22+00:00,@AmazonHelp All the items except the fan were noted delivered.,,215205.0,215208.0
215207,167129,True,2017-10-05 01:04:40+00:00,@AmazonHelp Spoke to rep and she can only replace 3 parts and refund the other parts. Disappointing because I was told it required a signature.,,215205.0,215208.0
215203,167129,True,2017-10-05 01:05:04+00:00,@AmazonHelp No one's offering anything to really help other than making me wait another week...,215201,215205.0,215208.0
215201,AmazonHelp,False,2017-10-05 01:09:00+00:00,@167129 I completely understand your frustration. Please keep us posted on the delivery of the replacements.^ML,215202,215203.0,215208.0
215202,167129,True,2017-10-05 01:10:10+00:00,@AmazonHelp Sure. Don't you guys generally at least offer credits when this occurs? It's disappointing being told I'm just SOL.,215204,215201.0,215208.0
215204,167129,True,2017-10-05 01:10:21+00:00,@AmazonHelp And just have to wait.,,215202.0,215208.0
218121,168001,True,2017-10-04 22:41:52+00:00,Ericka from @AmazonHelp just fixed a problem in 15 minutes girl you have my gratitude ima remember you when this bag come,218120,,218121.0
218120,AmazonHelp,False,2017-10-04 22:50:54+00:00,"@168001 We love to hear this! If you'd like, you can submit her survey in the e-mail you receive, after your conversation! 😊 ^KJ",,218121.0,218121.0
223917,169502,True,2017-10-05 04:18:22+00:00,自分がプライム会員だったことを今知ったｗ,223916,,223917.0
223916,AmazonHelp,False,2017-10-05 04:32:33+00:00,"@169502 恐れ入ります。プライム特典の一覧を是非ご確認いただければと思います🙏 &gt; https://t.co/AbfeovjCgG
キャンセルをご希望される場合は、こちらをご参照ください。https://t.co/wdPTbEULCH YM https://t.co/GA7jpfBFlc",223915,223917.0,223917.0
223915,169502,True,2017-10-05 04:33:52+00:00,@AmazonHelp わざわざありがとうございます！,223914,223916.0,223917.0
223914,AmazonHelp,False,2017-10-05 04:36:54+00:00,"@169502 色々、ご活用いただければ嬉しく思います！
今後ともどうぞご贔屓に。。。(‘v`◎)TY",,223915.0,223917.0
224190,169570,True,2017-10-05 04:51:49+00:00,"@AmazonHelp Original dlvry dt 4 my ordr ws 3rd, thn tld 2 wt till 6th. Now bn tld pkg is lost. Came 2 know only bcs I cald. Exclnt follow up","224188,224197",,224190.0
224197,AmazonHelp,False,2017-10-05 05:11:00+00:00,@169570 I'm sorry the order hasn't been delivered. I'd like to look into the issue and set things right. Please provide your 1/2 ^SH,,224190.0,224190.0
224188,AmazonHelp,False,2017-10-05 05:11:01+00:00,@169570 details here: https://t.co/GG5nNvkFee and I'll get back to you on this. 2/2 ^SH,224189,224190.0,224190.0
224189,169570,True,2017-10-05 06:15:29+00:00,"@AmazonHelp Evry dtl hs bn snt. Prsnl flwup ws asrd by mail, aftr 2 days cm 2 know pkg ws lost. That 2 bcz I cald. I dnt wnt anothr flwup, only my ordr.","224191,224192",224188.0,224190.0
224191,AmazonHelp,False,2017-10-05 07:11:30+00:00,@169570 and we'll get back to you soon. (2/2)^AP,,224189.0,224190.0
224192,AmazonHelp,False,2017-10-05 07:11:30+00:00,@169570 Apologies for the unpleasant experience. Kindly respond to the email you've received from our team (1/2)^AP,"224193,224194,224195",224189.0,224190.0
224194,169570,True,2017-10-06 08:16:15+00:00,"@AmazonHelp Prithvi frm cstmr srvce assures prsnl flwup on, ironic that I gt a rply only bcz I cm know pkg lost and bcz I called customer srvce on 5th.",224196,224192.0,224190.0
224196,169570,True,2017-10-06 08:23:51+00:00,@AmazonHelp 24 hrs hv passed &amp; stl my phn is nt dispatched. I think I must thank Amazon 4 exclnt customer service.,,224194.0,224190.0
224195,169570,True,2017-10-06 08:33:15+00:00,"@AmazonHelp On 6th I gt a email, tht 2 make situatn rt Im gtn rplcmnt, 4 which I alrdy paid. I didn't gt a explntn fr the delay or fr nt gtn rglr updts.",,224192.0,224190.0
224193,169570,True,2017-10-06 08:34:16+00:00,@AmazonHelp 24 hrs hv passed &amp; stl my phn is nt dispatched. I think I must thank Amazon 4 exclnt customer service.,,224192.0,224190.0
224201,169572,True,2017-10-05 04:21:42+00:00,"@AmazonHelp Bought an item on 22nd September. Got Fedx trackng, it says item still has not been shipped yet What is going on?! @115850",224200,,224201.0
224200,AmazonHelp,False,2017-10-05 05:10:24+00:00,@169572 I'm sorry about the delay. Kindly connect with us here: https://t.co/vlvfJr4nN9 and we'll have this checked. ^GK,,224201.0,224201.0
224204,169573,True,2017-10-04 23:52:50+00:00,"@AmazonHelp Dite donc, vos colis sont souvent en retard en ce moment, la livraison en 1j c’est du passé ? J’vois pas l’intérêt d’être Prime",224202,,224204.0
224202,AmazonHelp,False,2017-10-05 05:09:54+00:00,"@169573 Bonjour, je suis désolé d'apprendre que vous rencontrez des soucis de livraison. Avez-vous une commande en cours en retard? ^ARC",224203,224204.0,224204.0
224203,169573,True,2017-10-05 10:07:07+00:00,"@AmazonHelp Oui, elle devais arriver hier et n’arrivera pas avant ce soir, encore Amazon Logistics comme la dernière fois...",224205,224202.0,224204.0
224205,AmazonHelp,False,2017-10-05 10:12:38+00:00,"@169573 D'accord. Afin que nous puissions remonter cela au service concerné, veuillez me communiquer votre numéro de suivi. ^ARC",,224203.0,224204.0
224220,169576,True,2017-10-05 04:20:23+00:00,"@115850 Really pathetic service from Amazon,being such a big brand but quality of service is not good, they accept order then auto cancel.","224219,224221,224222,224223",,224220.0
224221,AmazonHelp,False,2017-10-05 05:07:45+00:00,@169576 That's really unusual. If an order was auto cancelled you would have received an automated email from our team. (1/2) ^VM,,224220.0,224220.0
224219,AmazonHelp,False,2017-10-05 05:07:46+00:00,@169576 Could you check for the same? (2/2) ^VM,,224220.0,224220.0
224223,169576,True,2017-10-05 09:35:27+00:00,@115850 Ya received but why it got  cancel? I got the Diwali discount  and then it got https://t.co/ud8cMMbLiv its cost is higher if i want to buy.,231557,224220.0,224220.0
224222,169576,True,2017-10-05 09:38:00+00:00,@115850 Now if i want to purchase its at higher cost at waht i have purchased,"231472,231473,231474",224220.0,224220.0
231557,AmazonHelp,False,2017-10-05 10:32:33+00:00,@169576 Kindly get in touch with us here: https://t.co/7HMIaAL93O and we’ll be glad to help you. ^NS,,224223.0,224220.0
231472,AmazonHelp,False,2017-10-05 10:41:00+00:00,"@169576 Hence, request you to place a fresh order. 2/2^SB",,224222.0,224220.0
231473,AmazonHelp,False,2017-10-05 10:41:00+00:00,@169576 I understand your concern. Once an order is canceled we would not be able to reinstate it. 1/2^SB,,224222.0,224220.0
231474,169576,True,2017-10-05 15:46:40+00:00,@115850 What us 2/2 SB?  And why order was cancelled..i need compensation,247483,224222.0,224220.0
247483,AmazonHelp,False,2017-10-05 16:12:00+00:00,@169576 You should have received an email with the reason for cancellation. ^HN,,231474.0,224220.0
224334,169603,True,2017-10-05 05:01:53+00:00,Amazon reading とかいうサービスが展開されたらしいが、Amazon student 会員の俺は対象外なのかな。手順踏むと既にプライム会員である旨の表示が出るも、本が全く表示されない。,224333,,224334.0
224333,AmazonHelp,False,2017-10-05 05:25:31+00:00,@169603 失礼いたします。Prime Reading特典はPrime Student会員の方もご利用いただけます。現在一時的にKindleストアに問題が発生しております。担当部署にて問題解決に努めておりますので、恐れ入りますが、お時間をあけてお試しください。RI,,224334.0,224334.0
224597,169659,True,2017-10-05 05:11:15+00:00,うーんAmazonプライム会員なろっかなぁ,224596,,224597.0
224596,AmazonHelp,False,2017-10-05 05:22:28+00:00,@169659 アマゾンです。Amazonプライムは様々な特典をご用意させていただいております。よろしければ、こちらの特典内容をご参照いただきご検討いただければ幸いです。https://t.co/HiyT5EPaDv ET https://t.co/VFBh0kr40G,224595,224597.0,224597.0
224595,169659,True,2017-10-05 05:35:43+00:00,@AmazonHelp こんにちは。ご丁寧にありがとうございます！プライム会員の特典ってこんなに色々あるんですね。検討させていただきます！,224594,224596.0,224597.0
224594,AmazonHelp,False,2017-10-05 05:38:00+00:00,"@169659 ご検討いただき、ありがとうございます！
内容についてご不明点などあれば、いつでもお気軽にこちら公式アカウントまでお知らせください。 RI",,224595.0,224597.0
224780,169704,True,2017-10-05 05:11:59+00:00,@115850 @115851 guaranteed one day delivery delayed by 2 weeks today..Way to go #amazonprime #AmazonGreatIndianFestival,224778,,224780.0
224778,AmazonHelp,False,2017-10-05 05:54:25+00:00,@169704 Apologies for the trouble. Have you tried reporting this to our support team here: https://t.co/2t6DQoUmNZ ? ^AB,224779,224780.0,224780.0
224779,169704,True,2017-10-05 06:12:06+00:00,@AmazonHelp Yes. Two weeks back,"224781,224782",224778.0,224780.0
224782,AmazonHelp,False,2017-10-05 07:05:00+00:00,"@169704 I'm sorry about the delay in the delivery, it was certainly not expected. I'd like to assist you with this, kindly drop in 1/2^EM",,224779.0,224780.0
224781,AmazonHelp,False,2017-10-05 07:05:27+00:00,@169704 your details here:https://t.co/beaaDm0muc  and I'll reach out to you right away. 2/2 ^EM,,224779.0,224780.0
225015,169757,True,2017-10-05 05:49:47+00:00,@AmazonHelp @115850 status :  Preparing for Dispatch  Order# 171-0833948-8110754 ... #Patheticamazon,"225013,225020",,225015.0
225013,AmazonHelp,False,2017-10-05 06:02:00+00:00,"@169757 Please don't provide your order details, as we consider it to be personal information. Our Twitter page is public.​ (2/2) ^KN",225014,225015.0,225015.0
225020,AmazonHelp,False,2017-10-05 06:02:00+00:00,@169757 We dispatch to meet the estimated delivery date. Did we happen to miss it? (1/2) ^KN,,225015.0,225015.0
225014,169757,True,2017-10-05 06:03:25+00:00,@AmazonHelp I am okay if I will get my product in Saturday instead of Friday .but when I am requesting you agents to change the color.they simply saying,225016,225013.0,225015.0
225016,169757,True,2017-10-05 06:04:00+00:00,@AmazonHelp To cancel the order .. is the way customers are treated,225017,225014.0,225015.0
225017,AmazonHelp,False,2017-10-05 06:24:50+00:00,"@169757 I'm sorry for the unpleasant experience, kindly share your details here: https://t.co/beaaDm0muc &amp; we'll contact you soon. ^KN",225018,225016.0,225015.0
225018,169757,True,2017-10-05 11:36:52+00:00,@AmazonHelp Stop making fool of people @115850 @AmazonHelp @118702,225019,225017.0,225015.0
225019,AmazonHelp,False,2017-10-05 11:42:30+00:00,@169757 We would like to make things better for you. Kindly  fill the form for us to help you. ^CB,,225018.0,225015.0
226420,170046,True,2017-10-05 06:13:55+00:00,@115850 Why’s that i get #WrongPageError when i place an order followg ur optns available?,226419,,226420.0
226419,AmazonHelp,False,2017-10-05 06:59:34+00:00,"@170046 That's unsual, kindly connect with our support team here: https://t.co/qWSC0jKBRG. We'll look into it. ^PS",,226420.0,226420.0
226663,170108,True,2017-10-05 07:10:38+00:00,"@115850 Order placed yesterday evening for Lenovo K8 Note, after some payment issues through Citi Card, Hope it'll be delivered timely.",226662,,226663.0
226662,AmazonHelp,False,2017-10-05 07:25:29+00:00,@170108 Sorry for the trouble. The product will be delivered by the estimated delivery date. ^NS,,226663.0,226663.0
229787,170761,True,2017-10-05 08:15:13+00:00,@115850 @115821 pls help arrange asap delivery of my order will be thank ful to u forever .,"229785,229788",,229787.0
229788,AmazonHelp,False,2017-10-05 08:27:31+00:00,@170761 Could you kindly let us know the estimated delivery date? ^NS,,229787.0,229787.0
229785,170761,True,2017-10-05 08:31:03+00:00,@115850 @115821 Sir its 10-13 oct but I booked the SD memory card yesterday can u pls pls arrange asap delivery of my order.,"229784,229786",229787.0,229787.0
229786,AmazonHelp,False,2017-10-05 08:50:15+00:00,@170761 We deliver orders on or before 8 PM on the Estimated Delivery Date. I request you to kindly wait till the time and 1/2^SB,229789,229785.0,229787.0
229784,AmazonHelp,False,2017-10-05 08:50:16+00:00,@170761 I'm positive that the order would be delivered. 2/2^SB,,229785.0,229787.0
229789,170761,True,2017-10-05 08:51:53+00:00,@AmazonHelp Sir I m asking to deliver the order before delivery date is it possible by your team pls help,,229786.0,229787.0
229825,170768,True,2017-10-05 08:24:02+00:00,"@115850 There is a fault from your side,Your courier person not communicating the reality. If my order got lost or damaged in courier 2\n",229823,,229825.0
229823,AmazonHelp,False,2017-10-05 08:47:52+00:00,@170768 I'm sorry for the trouble you are facing. Please fill this form: https://t.co/beaaDm0muc and we;ll get back to you soon. ^SI,229824,229825.0,229825.0
229824,170768,True,2017-10-05 09:07:43+00:00,"@AmazonHelp Done.But wont keep silence if I wont get the same item.
Now its cost is more than what I hv ordrd actually.
It is ur fault u hv to pay 4 it",229826,229823.0,229825.0
229826,AmazonHelp,False,2017-10-05 09:54:57+00:00,@170768 We have received your details. We are working on it and will get back to you with an update at the earliest.^HR,,229824.0,229825.0
230066,170818,True,2017-10-05 08:59:55+00:00,"@115850- I ordered a phone and just in the morning got automated call that, it's been rejected by me, when I never did it. Still confused. https://t.co/FK6STx2J53",230064,,230066.0
230064,170818,True,2017-10-05 09:03:18+00:00,"@115850 Called the Amazon delivery agent, he told me it was cancelled and in my order detail. Why does it says I cancelled it ?M I goin 2 get d phn?",230061,230066.0,230066.0
230061,AmazonHelp,False,2017-10-05 09:40:57+00:00,@170818 We apologize for the glitch. Allow our support team to investigate this. You can report this here: https://t.co/R3EfhyZiK1 ^CB.,"230062,230063",230064.0,230066.0
230063,170818,True,2017-10-12 09:00:32+00:00,"@AmazonHelp This order got cancelled, after being promised by the customer care that it will be delivered on the same day.",230065,230061.0,230066.0
230062,170818,True,2017-10-12 09:00:57+00:00,@AmazonHelp What a service .. hats off ..,,230061.0,230066.0
230065,AmazonHelp,False,2017-10-12 09:13:32+00:00,@170818 That's unusual. Please refer the follow up email to check the reason for cancellation. We'll investigate internally. HK,,230063.0,230066.0
230940,AmazonHelp,False,2017-10-05 08:41:00+00:00,@158390 Kindly revert to the correspondence which you have received from us.^SB,230939,230941.0,230941.0
230939,158390,True,2017-10-05 08:49:25+00:00,"@AmazonHelp Bank has denied raising a dispute,  as they have no information about transaction.",230938,230940.0,230941.0
230938,AmazonHelp,False,2017-10-05 10:01:25+00:00,"@158390 As mentioned earlier, kindly respond to the correspondence which you've received from us. ^KN",,230939.0,230941.0
233075,171478,True,2017-10-05 12:04:45+00:00,@115850  Is this Amazon's official promotion for the great Indian festival? I want to knw cuz this is doing lots of rounds now! https://t.co/jXJQTCITfj,233074,,233075.0
233074,AmazonHelp,False,2017-10-05 12:12:31+00:00,"@171478 Thank you for keeping us posted, Arif. This is not an amazon website. Request you not to provide any details. ^KS",,233075.0,233075.0
233757,171645,True,2017-10-05 12:33:59+00:00,#AmazonIndia All beware Amazon not providing GST credit to customers through sales by Cloudtail their own subsidiary,233756,,233757.0
233756,AmazonHelp,False,2017-10-05 12:39:01+00:00,@171645 We do provide the GST invoice to our business customers Sanjeev. Please check this link: https://t.co/NCkirKZh2Z. ^HN,,233757.0,233757.0
234228,AmazonHelp,False,2017-10-03 07:39:30+00:00,@171762 Please share your details with us here: https://t.co/GIJyeYqKE0 and we'll be sure to investigate this. (1/2) ^ZH,234227,234229.0,234229.0
234227,171762,True,2017-10-03 07:47:16+00:00,@AmazonHelp I've mailed them at least 15/20 times bt ur pple's dn't rply me that's wht the main problem arrives here at least they should say something.,234223,234228.0,234229.0
234223,AmazonHelp,False,2017-10-03 08:07:00+00:00,@171762 We're sorry for the trouble. Please visit the link and fill the form. I will personally contact you and help you. ^ZH,"234224,234225,234226,234222",234227.0,234229.0
234222,171762,True,2017-10-05 12:45:31+00:00,"@AmazonHelp It's been a whole day still no refund ?
Y so much late so mch of fakeness i mailed u 3 times frm tomorrow at least don't make fake promises.",234221,234223.0,234229.0
234225,171762,True,2017-10-05 12:47:32+00:00,@AmazonHelp Plz Amazon improve ur refund systm it's vry vry bad can't compare it frm anyone I've contacted to my bank there's no problem frm thier side.,,234223.0,234229.0
234221,AmazonHelp,False,2017-10-05 12:48:37+00:00,@171762 Sorry for the trouble. Could you please confirm if you've shared your details in the link shared earlier? ^HN,,234222.0,234229.0
234226,171762,True,2017-10-05 12:50:07+00:00,"@AmazonHelp Check with ur team where the issue is and i want my refund till today night any how. Enough is enough 23nd Sep to 5th oct, 8 days are gone ?",,234223.0,234229.0
234224,171762,True,2017-10-05 12:51:03+00:00,@AmazonHelp Yes Sir I've mailed my problem at your given link.,235726,234223.0,234229.0
235726,AmazonHelp,False,2017-10-05 13:52:34+00:00,@171762 Thank you for confirming. You should receive an update from us soon. Keep an eye on your mailbox. ^MP,,234224.0,234229.0
234514,171832,True,2017-10-05 12:37:39+00:00,"Looking for mizuno wave rider 19 running shoe , it’s unavailable on  @115850. I am prime..don’t want to visit other sites. @AmazonHelp",234512,,234514.0
234512,AmazonHelp,False,2017-10-05 13:10:48+00:00,@171832 You may find the product here: https://t.co/2HSZVYRU8i. ^RB,234513,234514.0,234514.0
234513,171832,True,2017-10-06 17:38:33+00:00,"@AmazonHelp Not available for size 9, will it be there? Planning to buy one with good price",234515,234512.0,234514.0
234515,AmazonHelp,False,2017-10-06 17:54:00+00:00,@171832 Please stay tuned to our website as it might be available. ^HN,234516,234513.0,234514.0
234516,171832,True,2017-10-07 06:57:16+00:00,@AmazonHelp I have half marathon coming soon..need to prepare beforehand..anyways thanks for looking and supporting for my run!,234517,234515.0,234514.0
234517,AmazonHelp,False,2017-10-07 07:05:52+00:00,@171832 You're welcome. All the best. ^SH,,234516.0,234514.0
235106,171992,True,2017-10-05 13:36:27+00:00,What is going on with @115833 voice recognition? It's gotten 1 of the last 8 shopping list items right. One!,235104,,235106.0
235104,AmazonHelp,False,2017-10-05 13:43:00+00:00,"@171992 Hey, Geoff, have you done voice training with Alexa? You can learn how here: https://t.co/sNqLXZy1J4 Keep us posted! ^LB",235105,235106.0,235106.0
235105,171992,True,2017-10-05 14:20:59+00:00,"@AmazonHelp Yes, when I first got her 2 years ago. Lately her accuracy is diminished.",235107,235104.0,235106.0
235107,AmazonHelp,False,2017-10-05 14:44:00+00:00,@171992 Please reach out to us via phone/chat here: https://t.co/hApLpMlfHN so we can further look into this with you. ^AJ,,235105.0,235106.0
240558,173140,True,2017-09-25 03:36:59+00:00,"How much time does @AmazonHelp need to share a product invoice? Firstly, your seller sells me a defective Jaybird.  (1/2) @115821 @115850",240556,,240558.0
240556,AmazonHelp,False,2017-09-25 04:02:33+00:00,@173140 Please drop your details here: https://t.co/C0x3L92jrN so that we can get in touch with you. (2/2) ^VM,240557,240558.0,240558.0
240557,173140,True,2017-09-25 04:15:38+00:00,@AmazonHelp I have filled up the details &amp; I want a resolution ASAP. Because I am done with @115850 asking for more time. @AmazonHelp @115821 https://t.co/uXOPxAvQzC,"240559,240560",240556.0,240558.0
240559,AmazonHelp,False,2017-09-25 04:48:00+00:00,@173140 We've received your details and we'll get back to you soon. ^PS,240561,240557.0,240558.0
240561,173140,True,2017-09-25 04:51:24+00:00,@AmazonHelp Will be expecting your call today along with a solution. @AmazonHelp @115850,240562,240559.0,240558.0
240562,AmazonHelp,False,2017-09-25 05:08:30+00:00,@173140 I've noted your comments and we'll call you back. ^PS,240563,240561.0,240558.0
240563,173140,True,2017-10-01 04:09:15+00:00,@AmazonHelp You guys were supposed to call me to resolve this issue.  And it's been 6 days and no calls yet. @AmazonHelp  #amazonsucks,240564,240562.0,240558.0
240564,173140,True,2017-10-01 04:45:06+00:00,@AmazonHelp It is going to be a month next week and still you couldn't resolve a simple issue of generating an invoice. @AmazonHelp  #amazonsucks,"240565,240566,240567,240568,240569",240563.0,240558.0
240568,173140,True,2017-10-15 16:00:36+00:00,@AmazonHelp I am tired @115850  @AmazonHelp. I have been asking you to resolve this issue over a month and you are constantly delaying it #amazonsucks,,240564.0,240558.0
240569,173140,True,2017-10-15 16:02:59+00:00,@AmazonHelp You had told me to file A to Z claim for my refund but when I am about to file it you are telling me to wait more @AmazonHelp #amazonsucks,,240564.0,240558.0
240566,173140,True,2017-10-15 16:05:32+00:00,@AmazonHelp I want my refund for the product asap. I am tired of waiting. Resolve this at the earliest @AmazonHelp #amazonsucks,,240564.0,240558.0
240565,173140,True,2017-10-15 16:06:23+00:00,@AmazonHelp Never knew @AmazonHelp @115850 treats their PRIME customer this way #amazonsucks,,240564.0,240558.0
240567,173140,True,2017-10-15 16:07:45+00:00,@AmazonHelp Highly dissatisfied and disappointed with @115821 @115850 @AmazonHelp #amazonsucks,,240564.0,240558.0
240560,173140,True,2017-10-15 16:13:22+00:00,@AmazonHelp @115850 @115821 As per your mail I can file an A to Z claim. But as per your customer service executives I can't. @AmazonHelp @115850 #amazonsucks https://t.co/DWsNfFsbdc,"240570,240571,240572",240557.0,240558.0
240572,173140,True,2017-10-15 16:14:55+00:00,@AmazonHelp @115850 @115821 Can you get this sorted from your end and resolve this issue? Coz I want my money back. @AmazonHelp @115850 #amazonsucks,"240573,240574",240560.0,240558.0
240574,173140,True,2017-10-15 16:28:38+00:00,@AmazonHelp @115850 @115821 My Amazon order ID # 403-5443412-1605907. Please resolve this at the earliest by giving me a full refund for the product. @AmazonHelp,"240575,240576,240577,240578",240572.0,240558.0
240575,173140,True,2017-10-15 16:29:31+00:00,@AmazonHelp @115850 @115821 Also I want you to reply to my query at the earliest as well. @AmazonHelp @115850 #amazonsucks,,240574.0,240558.0
240571,AmazonHelp,False,2017-10-15 16:46:00+00:00,@173140 Request you to reply to the same email for further proceedings. ^HA,,240560.0,240558.0
240570,AmazonHelp,False,2017-10-15 16:46:33+00:00,"@173140 Please don't provide your order details, we consider it personal information. Our Twitter page is visible to public. ^HA",,240560.0,240558.0
240578,AmazonHelp,False,2017-10-15 16:47:33+00:00,"@173140 I get the urgency, Rituparna. However, could you confirm if you've filed the A-z claim as advised in the email? 1/2^MS",240582,240574.0,240558.0
240577,AmazonHelp,False,2017-10-15 16:48:00+00:00,@173140 For further assistance please revert to the email and our team will send you an update. 2/2^MS,240581,240574.0,240558.0
240576,AmazonHelp,False,2017-10-15 16:53:23+00:00,@173140 Please don’t provide your order details as it is personal information. Our Twitter page is visible to the public. ^MS,240579,240574.0,240558.0
240582,173140,True,2017-10-15 16:56:46+00:00,@AmazonHelp I had filed the A to Z claim. But your customer care executive said they can't process the same. I have to wait for 24-48 for (1/2),"240583,240584,240585",240578.0,240558.0
240585,173140,True,2017-10-15 16:58:05+00:00,@AmazonHelp (2/2) your investigative team to get back to me. But it's been 72 hours and still I get no response from your end @AmazonHelp #amazonsucks,,240582.0,240558.0
240584,173140,True,2017-10-15 16:59:16+00:00,@AmazonHelp How long do I have to wait for your investigative or concerned team to get back to me? @AmazonHelp,,240582.0,240558.0
240579,173140,True,2017-10-15 17:00:42+00:00,@AmazonHelp I understand that it is personal information. But you also need to address problem and take it seriously. Every executive of yours (1/2),240580,240576.0,240558.0
240580,173140,True,2017-10-15 17:01:37+00:00,"@AmazonHelp (2/2) is misguiding me in this or asking me to wait more. However, without giving me a solution @AmazonHelp",,240579.0,240558.0
240581,173140,True,2017-10-15 17:02:38+00:00,@AmazonHelp I had replied to the mail. It's been close to 2 weeks and still no revert. Your customer care is also misguiding me in this @AmazonHelp,,240577.0,240558.0
240583,AmazonHelp,False,2017-10-15 17:24:00+00:00,@173140 I'm sorry about the hassle. Kindly revert to the email that we've sent. We'll check this for you. ^SG,240586,240582.0,240558.0
240586,173140,True,2017-10-15 17:43:11+00:00,@AmazonHelp Have already reverted on the email. Hope to receive your feedback on the same. @AmazonHelp https://t.co/vk6bpEfLdo,240587,240583.0,240558.0
240587,AmazonHelp,False,2017-10-15 18:12:27+00:00,@173140 Thanks for responding. Our team will contact you at the earliest. ^GD,,240586.0,240558.0
240573,173141,True,2017-11-06 05:01:11+00:00,@173140 @AmazonHelp @115850 @115821 I bought this domain and am routing it to pornhub because I hate amazon - https://t.co/2UgnhUxmkn,,240572.0,240558.0
244604,151409,True,2017-10-02 11:05:59+00:00,"@119625 Why subtitles are available only for S01E01 of This is Us, but not for the rest of the episodes? @AmazonHelp",244602,,244604.0
244602,AmazonHelp,False,2017-10-02 11:38:29+00:00,@151409 Could you please help us with the exact title name you're referring to ? ^MM,244603,244604.0,244604.0
244603,151409,True,2017-10-02 12:02:04+00:00,"@AmazonHelp This Is US
https://t.co/Y8yfxATzol",244605,244602.0,244604.0
244605,AmazonHelp,False,2017-10-02 12:25:26+00:00,"@151409 Thank you for flagging this, we'll have this reviewed by the concerned team internally. ^MA",244606,244603.0,244604.0
244606,151409,True,2017-10-04 18:47:14+00:00,"@AmazonHelp Any update on this. Still subtitles won't come up, only for select episodes.",,244605.0,244604.0
245854,174399,True,2017-10-05 15:19:31+00:00,"@115830  Order # 203-4347016-8002734 shows as failed delivery and the business being shut when I've been sat in it all day, isn't on.",245853,,245854.0
245853,AmazonHelp,False,2017-10-05 15:24:30+00:00,@174399 I'm sorry for the poor delivery experience! We'd like to investigate this. Please give us a call: https://t.co/JzP7hlA23B ^TG,,245854.0,245854.0
245859,174400,True,2017-10-05 15:21:46+00:00,"Mi 2x1 de @116928 en películas de @12855: #Spotlight &amp; #CaptainFantastic.
¿Con cuál os quedáis? https://t.co/2tNWBV6VC0",245857,,245859.0
245857,AmazonHelp,False,2017-10-05 15:24:30+00:00,@174400 Las dos son increíbles 🤗 ¿Cuál piensas ver primero? ^LG,245858,245859.0,245859.0
245858,174400,True,2017-10-05 15:25:26+00:00,@AmazonHelp Pues probablemente #Spotlight porque aún no la he visto y tengo muchas ganas :),245860,245857.0,245859.0
245860,AmazonHelp,False,2017-10-05 15:35:29+00:00,@174400 ¡He leído muy buenas críticas de ambas películas! ¿Cuál película dirías que es la mejor que has visto? ^DA,245861,245858.0,245859.0
245861,174400,True,2017-10-05 15:43:41+00:00,"@AmazonHelp De estas dos sólo he visto ""Captain Fantastic"" y la he recomendado 1001 vez, siempre que he tenido ocasión.",245862,245860.0,245859.0
245862,AmazonHelp,False,2017-10-05 15:55:36+00:00,"@174400 Yo aún no he tenido la oportunidad de verla, pero ahora seguro que voy a hacerlo.🤔 ¿Qué otra película nos recomendarías? ^HC",245863,245861.0,245859.0
245863,174400,True,2017-10-05 15:59:05+00:00,"@AmazonHelp Pues hay muchas que merecen la pena de los últimos años, desde ""La Llegada"", ""La La Land"" a ""Animales Nocturnos"", pasando por ""Zootrópolis"".",245864,245862.0,245859.0
245864,AmazonHelp,False,2017-10-05 16:03:00+00:00,"@174400 Definitivamente son geniales. ""La llegada"" es extraordinario, la idea, todo. ❤👽 ^DA",,245863.0,245859.0
245932,174409,True,2017-10-05 15:10:38+00:00,"@AmazonHelp when I click add to carry on an items page it keeps doing this, my internet is fine. If something has other buying options... https://t.co/ToSf3KN8Ch",245924,,245932.0
245924,174409,True,2017-10-05 15:11:32+00:00,@AmazonHelp And I click add to cart from the buying options list no problem. But I can't add other things to my cart from the items page. Help,245922,245932.0,245932.0
245922,AmazonHelp,False,2017-10-05 15:16:29+00:00,@174409 I'm sorry for this experience. Does this happen in both the app and using a web browser? ^DO,245923,245924.0,245932.0
245923,174409,True,2017-10-05 15:29:26+00:00,@AmazonHelp The app. Haven't tried browser. Not near a desktop.,245925,245922.0,245932.0
245925,AmazonHelp,False,2017-10-05 15:32:33+00:00,"@174409 Please try uninstalling and reinstalling the app, then restarting your phone to see if that helps. ^CE",245926,245923.0,245932.0
245926,174409,True,2017-10-05 15:44:53+00:00,"@AmazonHelp Ok. I did try desktop,  didn't do it there.",245927,245925.0,245932.0
245927,AmazonHelp,False,2017-10-05 15:48:00+00:00,@174409 OK. I'd recommend following the steps CE provided above to see if that helps with the App. ^TR,245928,245926.0,245932.0
245928,174409,True,2017-10-05 15:57:18+00:00,"@AmazonHelp The steps worked for the app. Now that I've redownloaded it thought, my w8shlist that used to show along the bottom is gone. Can I fix that",245929,245927.0,245932.0
245929,174409,True,2017-10-05 15:57:36+00:00,@AmazonHelp In mobile settings some where??,245930,245928.0,245932.0
245930,174409,True,2017-10-05 16:06:26+00:00,@AmazonHelp Never mind it came back,245931,245929.0,245932.0
245931,AmazonHelp,False,2017-10-05 16:21:00+00:00,@174409 Oh awesome! Please let us know if you need any additional assistance with this! We're happy to help! ^AL,,245930.0,245932.0
246446,174534,True,2017-10-05 15:16:24+00:00,"@AmazonHelp I haven't received Cashback​ of order no. 402-8403153-9253141 &amp; 404-5665874405963, you 
 guys should be banned for this","246445,246447",,246446.0
246445,AmazonHelp,False,2017-10-05 15:35:28+00:00,@174534 don’t provide your order details as we consider them to be personal information. Our page is visible to public. ^PB (2/2),,246446.0,246446.0
246447,AmazonHelp,False,2017-10-05 15:35:28+00:00,"@174534 Apologies for the same. Kindly contact us here:https://t.co/vlvfJr4nN9 and we'll check this out for you. Also, please..^PB (1/2)",246448,246446.0,246446.0
246448,174534,True,2017-10-05 18:39:49+00:00,"@AmazonHelp I have emailed you the details of my order twice and still I haven't received Cashback, substandard service.",246449,246447.0,246446.0
246449,AmazonHelp,False,2017-10-05 19:03:35+00:00,@174534 Sorry to know your issue hasn't been resolved. Could you please let us know which cashback offer you're referring to? ^NR,246450,246448.0,246446.0
246450,174534,True,2017-10-05 20:09:01+00:00,"@AmazonHelp I ordered two phones last year, I have emailed order details twice and I haven't received any update because of your pathetic service.",246451,246449.0,246446.0
246451,AmazonHelp,False,2017-10-05 20:22:32+00:00,@174534 Sorry to know about this. Please share your details here: https://t.co/GIJyeYqKE0 I'll reach and assist you. ^SV,246452,246450.0,246446.0
246452,174534,True,2017-10-06 20:20:22+00:00,"@AmazonHelp I haven't received any update from your team, I have emailed you the details many times,  you guys have the worst service",246453,246451.0,246446.0
246453,AmazonHelp,False,2017-10-06 20:43:00+00:00,"@174534 We'd like to help, please respond to the latest correspondence you received from us and we'll reach out to you soon. ^MA",246454,246452.0,246446.0
246454,174534,True,2017-10-07 18:32:55+00:00,"@AmazonHelp No update from your team, worst service",246455,246453.0,246446.0
246455,AmazonHelp,False,2017-10-07 19:03:00+00:00,@174534 Please look for the email from Social Media Specialist. You may check here: https://t.co/8DAc10S7ww. ^HA,,246454.0,246446.0
250048,175410,True,2017-10-05 16:29:38+00:00,@AmazonHelp Is the Echo Dot being released in India the second gen edition?,250047,,250048.0
250047,AmazonHelp,False,2017-10-05 16:58:49+00:00,"@175410 Yes, Nitin. It is second generation. ^HD",,250048.0,250048.0
250544,175550,True,2017-11-25 02:47:53+00:00,So I'm pretty sure I'm not getting my package when @115821 says shit like this. How do I react to this? Did the package decide to call in sick? Is my package unwell and should I follow up to see how it's doing tomorrow? What happened to it? @AmazonHelp https://t.co/Hdnm8IkbAG,250542,,250544.0
250542,AmazonHelp,False,2017-11-25 02:58:31+00:00,"@175550 I'm sorry it hasn't arrived! To clarify, who is the carrier shown? We're available to assist. ^SJ",250543,250544.0,250544.0
250543,175550,True,2017-11-25 03:01:53+00:00,@AmazonHelp Don't know. Never got a tracking. Just paid for one day shipping and now left up shit Creek. A rep said it was lasership who was gonna be the shipper but..you know. They didn't even try it seems.,250545,250542.0,250544.0
250545,AmazonHelp,False,2017-11-25 03:10:00+00:00,@175550 Please get in touch with us here: https://t.co/hApLpMlfHN so we can review available options with you in real-time. ^EZ,250546,250543.0,250544.0
250546,175550,True,2017-11-25 03:11:07+00:00,@AmazonHelp Already have. Your rep couldn't find a tracking either. No one knows what's up with this package. So what now?,250547,250545.0,250544.0
250547,AmazonHelp,False,2017-11-25 03:13:34+00:00,@175550 When you contacted us what options did they provide for you? ^LS,250548,250546.0,250544.0
250548,175550,True,2017-11-25 03:14:15+00:00,"@AmazonHelp ""don't worry, it's still coming!"" Even tho we have no idea where it is or who is shipping it 🙃.",250549,250547.0,250544.0
250549,AmazonHelp,False,2017-11-25 03:17:00+00:00,@175550 Did we ask you to wait until a certain date for options for the late order? ^EP,250550,250548.0,250544.0
250550,175550,True,2017-11-25 03:20:13+00:00,@AmazonHelp Nope. Just that it should still come tonight. Or I guess tomorrow. Or whenever cuz there's no damn tracking number. Which means this prime subscription is useless &gt;.&gt;,250551,250549.0,250544.0
250551,AmazonHelp,False,2017-11-25 03:27:00+00:00,"@175550 If not received by tomorrow, please reach us again via phone or chat to go over available options: https://t.co/EKXRLsnxJu ^BV",,250550.0,250544.0
253942,176365,True,2017-09-26 18:07:06+00:00,@AmazonHelp @115850 you owe my 2500 rs as you forcibly refunded me in Amazon Pay despite taking bank details.Cant succumb to ur autocracy.,253940,,253942.0
253940,AmazonHelp,False,2017-09-26 21:26:00+00:00,@176365 I'm sorry to know about that. We'd like to take a closer look at this issue. ^NR 1/2,253941,253942.0,253942.0
253941,176365,True,2017-10-05 17:46:04+00:00,@AmazonHelp What closer look you took? Get a life dude and let me know if i also have to take care of ur kids. Cause it seems hard for u. #shameonyou,253943,253940.0,253942.0
253943,AmazonHelp,False,2017-10-05 18:12:00+00:00,"@176365 I do get you being upset. However, we'd like to know what exactly went wrong. ^MS",,253941.0,253942.0
257672,177292,True,2017-10-05 19:52:03+00:00,Note to @115830 re packaging! Massive waste for a set of stickers! https://t.co/L2rRqngv9i,257670,,257672.0
257670,AmazonHelp,False,2017-10-05 19:56:30+00:00,"@177292 Wow, that does seem excessive! I'll pass on your feedback, but you can also pass on feedback here: https://t.co/7KDuvaIdne ^TR",257671,257672.0,257672.0
257671,177292,True,2017-10-05 19:58:53+00:00,@AmazonHelp Already left feedback. Could not believe it!,,257670.0,257672.0
257710,177302,True,2017-10-05 19:46:02+00:00,@AmazonHelp eligible to return until the 4th Nov on the Completed Orders screen. It wasnt what was advertised and sold directly by Amazon!,257708,,257710.0
257708,AmazonHelp,False,2017-10-05 19:47:27+00:00,@177302 Sorry for the trouble! Please reach us here: https://t.co/JzP7hlA23B so we can look into this order with you. ^EZ,257709,257710.0,257710.0
257709,177302,True,2017-10-05 20:00:22+00:00,@AmazonHelp Thank you. It's now been resolved :),,257708.0,257710.0
259413,135448,True,2017-10-05 20:20:40+00:00,"Hey @115833 @AmazonHelp Your new Echo's can stream music in multi rooms, does this work on your older model as well?",259412,,259413.0
259412,AmazonHelp,False,2017-10-05 20:29:39+00:00,"@135448 Hey, great question! This should work if your model has the latest firmware update. More info: https://t.co/Bwzj1LIHYG ^FD",,259413.0,259413.0
268675,180053,True,2017-10-05 23:58:15+00:00,"カードの番号は登録済だしプライムナウで昼飯買えるのかな...？
送料とかどうなるんだろ？",268674,,268675.0
268674,AmazonHelp,False,2017-10-06 00:49:27+00:00,"@180053 Prime Now対象地域の場合には、配送料が890円の1時間配送、もしくは無料の2時間便をお選びいただけます。詳細は、下記ヘルプページをご参照ください。https://t.co/P3KnQ4VNU1
(*´-`).｡oO(ランチは、何にしますか？？)TY",,268675.0,268675.0
269113,AmazonHelp,False,2017-10-05 22:59:00+00:00,"@180167 (2/2)また、ご注文番号はお客様の個人情報となりますので、お送りいただいたリプライは削除されることをお勧めいたします。
ご注文について詳細確認をご希望される場合は、以下のURLからご連絡ください。&gt; https://t.co/J6YEizo6qC YM",269112,269114.0,269114.0
269112,180167,True,2017-10-06 01:09:07+00:00,@AmazonHelp わかりました、お手数おかけして申し訳ございません,269111,269113.0,269114.0
269111,AmazonHelp,False,2017-10-06 01:12:03+00:00,@180167 ご不明な点がございましたらご遠慮なくご質問ください。今後ともどうぞよろしくお願いいたします。SK,,269112.0,269114.0
271219,164550,True,2017-10-05 02:38:11+00:00,um @115821 is saying my album has been delivered but that is Incorrect,271217,,271219.0
271217,AmazonHelp,False,2017-10-05 03:12:01+00:00,@164550 We'd be happy to assist. Here are some steps to try in situations like this: https://t.co/FGPfMRO1NX ^GG,271218,271219.0,271219.0
271218,164550,True,2017-10-06 02:14:54+00:00,@AmazonHelp okay so its thursday and its still not here in any of the places suggested so what do i do now,271220,271217.0,271219.0
271220,AmazonHelp,False,2017-10-06 02:43:48+00:00,@164550 Late orders generally arrive within 1-2 business days from when they're marked as delivered. Please keep us posted. ^GG,,271218.0,271219.0
272164,180953,True,2017-10-06 03:22:17+00:00,"@123813 Hola,¿hay algún lugar donde saber qué animes de la nueva  temporada van a estar disponibles en su sitio?",272162,,272164.0
272162,AmazonHelp,False,2017-10-06 03:25:00+00:00,"@180953 Hola. Todas las novedades sobre el contenido disponible son anunciadas en el sitio web, por lo que te sugiero estar al tanto. ^JQ",272163,272164.0,272164.0
272163,180953,True,2017-10-06 03:26:58+00:00,"@AmazonHelp ok, gracias",,272162.0,272164.0
274444,181566,True,2017-10-06 05:07:21+00:00,Ordered the @115850 #EchoDot. Can't wait to experience #Alexa. Super excited 👻🤞 https://t.co/Ly49CCYH8y,274443,,274444.0
274443,AmazonHelp,False,2017-10-06 05:56:54+00:00,@181566 Woohoo! That's awesome! Hope you Enjoy your new device! 😃 ^PS,,274444.0,274444.0
276155,181973,True,2017-10-06 07:14:06+00:00,"#バトスピ
Amazonから届きました。 https://t.co/qKnAUjjmMj",276153,,276155.0
276153,AmazonHelp,False,2017-10-06 07:21:28+00:00,@181973 |ω・).｡oO( Amazonのご利用ありがとうございました・・・！） SK,276154,276155.0,276155.0
276154,181973,True,2017-10-06 07:21:53+00:00,@AmazonHelp いえいえ,,276153.0,276155.0
279175,182576,True,2017-10-06 07:34:45+00:00,https://t.co/MRgqJVCl3x,279172,,279175.0
279172,182576,True,2017-10-06 07:41:42+00:00,@115850 shows they are best service provider so guy's just checked this video.They made fake promises &amp;cheat us.such a fraud @118342,279170,279175.0,279175.0
279170,AmazonHelp,False,2017-10-06 09:11:00+00:00,"@182576 Sorry for the trouble, Ratnesh. Please connect with our support team here: https://t.co/00q4Sqj9zL for assistance. ^KA",279171,279172.0,279175.0
279171,182576,True,2017-10-06 12:36:49+00:00,@AmazonHelp Pliz call me 09999881043,279173,279170.0,279175.0
279173,AmazonHelp,False,2017-10-06 12:41:31+00:00,@182576 We'll not be able to access your account from here. Please share your details in the link shared earlier. ^HN,279174,279171.0,279175.0
279174,182576,True,2017-10-06 12:42:38+00:00,@AmazonHelp __email__,,279173.0,279175.0
279196,182579,True,2017-10-06 09:05:40+00:00,.@115821 @AmazonHelp please help I’ve two 1500 word essays due this week https://t.co/LlQ2EmnjDx,279193,,279196.0
279193,AmazonHelp,False,2017-10-06 09:07:16+00:00,"@182579 Hmmm, what are they on? ^BM","279194,279195",279196.0,279196.0
279194,182579,True,2017-10-06 09:07:59+00:00,@AmazonHelp 19th Century British Literature and Contemporary World Literature 🙈,,279193.0,279196.0
279195,182579,True,2017-10-06 10:09:40+00:00,@AmazonHelp Please help a brother out 🙏🏼,279197,279193.0,279196.0
279197,AmazonHelp,False,2017-10-06 10:16:55+00:00,"@182579 Ouuf tough. Hmm, well we can't write them..we would like to help in our own way, can you fill this: https://t.co/tkLCr7DNil ^NV",,279195.0,279196.0
281149,182991,True,2017-10-06 10:57:46+00:00,@115850 ordered Echo. It says that it will be delivered on 6 Nov! One month! Too bad it's not mentioned anywhere.,281147,,281149.0
281147,AmazonHelp,False,2017-10-06 11:08:00+00:00,@182991 Your feedback helps us improvise. I'll ensure to share your comments internally to work on. ^CB,281148,281149.0,281149.0
281148,182991,True,2017-10-06 11:08:34+00:00,@AmazonHelp But will it take so long?,,281147.0,281149.0
281151,182992,True,2017-10-06 10:45:23+00:00,The @115850 sale is crap. The 10% cashback is only upto Rs.2000 and no discounts available on high-end laptops. #soundsbetterthanitis,281150,,281151.0
281150,AmazonHelp,False,2017-10-06 11:07:00+00:00,@182992 I'll be sure to forward your feedback internally. ^PS,,281151.0,281151.0
281610,155630,True,2017-10-06 11:34:41+00:00,@173744 Hello. What’s the best way of contacting you about my account? Thanks.,281609,,281610.0
281609,AmazonHelp,False,2017-10-06 11:42:29+00:00,@155630 Hey Joe- Anything we can help with here? You can contact us via: https://t.co/JzP7hlA23B ^NV,,281610.0,281610.0
281709,183114,True,2017-10-06 11:28:34+00:00,"@AmazonHelp My subscribe &amp; save order has not been delivered, apparently it was damaged in transit, but no info on you replacing it?",281708,,281709.0
281708,AmazonHelp,False,2017-10-06 11:35:00+00:00,"@183114 Hi, I am very sorry to hear this. Please reach out to us here so we may discuss the next option: https://t.co/JzP7hlA23B ^CR",,281709.0,281709.0
282735,183361,True,2017-10-06 12:24:35+00:00,@115850 My friends say 'get a life'. Any get a life deal in Great Indian Festival.,282734,,282735.0
282734,AmazonHelp,False,2017-10-06 12:40:00+00:00,@183361 Your friends guided you the right away * Chuckles*. You can check all ongoing offers here :  https://t.co/HQwZcVGkqx .^CB,,282735.0,282735.0
284041,183647,True,2017-10-06 13:12:59+00:00,"@AmazonHelp I just Clicked the order cancellation button by mistakenly but I want that order...
The order is shipped and Will that reach me?",284039,,284041.0
284039,AmazonHelp,False,2017-10-06 13:18:55+00:00,@183647 I'm sorry to know that. Kindly get in touch with our team here: https://t.co/T6y6Xlutbs. They'll look into this for you. ^VN,284040,284041.0,284041.0
284040,183647,True,2017-10-06 14:35:58+00:00,"@AmazonHelp 408-3137785-3626763 this is my Order ID...
Please Make a confirm that This product won't be Cancelled","284042,284043",284039.0,284041.0
284043,AmazonHelp,False,2017-10-06 14:55:31+00:00,"@183647 I understand you'd like the order to be delivered, may I know if you contacted our support team regarding this? (1/2)^BS",284045,284040.0,284041.0
284042,AmazonHelp,False,2017-10-06 14:56:00+00:00,@183647 Please don’t provide your order details as we consider them to be personal info. Our Twitter page is visible to public. (2/2)^BS,284044,284040.0,284041.0
284044,183647,True,2017-10-06 14:57:11+00:00,@AmazonHelp Okay... Shall I delete that tweet?,,284042.0,284041.0
284045,183647,True,2017-10-06 14:57:55+00:00,@AmazonHelp Nope. I just told you only,,284043.0,284041.0
285106,183922,True,2017-10-06 14:03:32+00:00,.@115821 #Prime has been missing that 2-Day “Guarantee” more and more. Second time for me in my last four orders.,285104,,285106.0
285104,AmazonHelp,False,2017-10-06 14:07:09+00:00,"@183922 I'm sorry for any trouble, Tim. Have we been missing the estimated delivery dates given at checkout and in your e-mail? ^FD",285105,285106.0,285106.0
285105,183922,True,2017-10-06 14:09:31+00:00,@AmazonHelp yes. https://t.co/yk4l77ZrXz,285107,285104.0,285106.0
285107,AmazonHelp,False,2017-10-06 14:16:55+00:00,@183922 It's never our intention for this to happen but the new dates may be the earliest it can arrive. ^KP,,285105.0,285106.0
287846,184604,True,2016-12-15 06:00:29+00:00,"PSA: @115850 Video is CENSORED. 

The @119625 is officially D. O. A. 

If I wanted blurred shit, I'll watch TV.

Users report: https://t.co/uHzbkMd72Z",287845,,287846.0
287845,184604,True,2016-12-15 06:07:05+00:00,"I'll wait for @115850 's explanation on why @119625 is censored. 

This is outrageous and wrong. Regional Censorship is unethical.",287843,287846.0,287846.0
287843,AmazonHelp,False,2016-12-15 11:15:34+00:00,"@184604 Customers the choice on what to watch. When offering content, we respect our customers’ preferences while keeping  (2/3)",287844,287845.0,287846.0
287844,184605,True,2017-10-06 15:04:09+00:00,@AmazonHelp @184604 I really can't believe you would censor content. It's OUR choice to watch stuff and if people are offended it's their fault for watching it!,,287843.0,287846.0
293817,186002,True,2017-10-06 17:00:24+00:00,@118117 @115833 kids are changing songs which is repeatedly dropping sonos in favour for the dot they are talking to.,293815,,293817.0
293815,AmazonHelp,False,2017-10-06 17:14:36+00:00,"@186002 I'm sorry for the trouble you're experiencing! Just to clarify, the Dot is responding, but not over the Sonos? ^AC",293816,293817.0,293817.0
293816,186002,True,2017-10-06 17:20:07+00:00,@AmazonHelp If you change music that is already playing through sonos and don't specify which room the dot overrides and plays through that. #thanks,,293815.0,293817.0
297372,186829,True,2017-10-06 19:04:39+00:00,@AmazonHelp I am trying to order three books that qualify for free delivery but when I go to checkout it's £2.99 delivery charge! Why? Help!,297370,,297372.0
297370,AmazonHelp,False,2017-10-06 19:07:00+00:00,"@186829 On the final order confirmation screen, do you see a credit reducing your total payment by this amount? ^JR",297371,297372.0,297372.0
297371,186829,True,2017-10-06 19:09:02+00:00,@AmazonHelp Yes but the only option is to buy Amazon Prime https://t.co/WDHttpUkT2,297373,297370.0,297372.0
297373,AmazonHelp,False,2017-10-06 19:14:11+00:00,"@186829 If all three items are dispatched by Amazon, we'd like to assist you directly via phone/chat here: https://t.co/JzP7hlA23B ^JR",297374,297371.0,297372.0
297374,186829,True,2017-10-06 19:15:32+00:00,@AmazonHelp Do you have a live chat? :),297375,297373.0,297372.0
297375,AmazonHelp,False,2017-10-06 19:21:42+00:00,"@186829 We do! Using ^JR's link, you'll log in, follow the prompts that best fit your issue, and then select the option to chat. ^DW",297376,297374.0,297372.0
297376,186829,True,2017-10-06 19:23:59+00:00,"@AmazonHelp Thankyou, I have sent an email",297377,297375.0,297372.0
297377,AmazonHelp,False,2017-10-06 19:47:00+00:00,"@186829 Thank you for the update, Chloe! Let us know if you have any other questions or concerns. ^AL",,297376.0,297372.0
304541,188722,True,2017-11-04 04:38:35+00:00,@115821 Just found out another package has been considered lost for a collector's edition game that is non-replaceable. This is the 3rd order that has gone missing in a year and a half for an item that was ordered months in advance. Thoughts?,304539,,304541.0
304539,AmazonHelp,False,2017-11-04 04:44:29+00:00,@188722 I'm sorry your package is missing. We'd like to help! Was the order sold by Amazon or a seller? https://t.co/Y5jpI9gRhE ^RM,304540,304541.0,304541.0
304540,188722,True,2017-11-04 04:49:43+00:00,@AmazonHelp sold by https://t.co/suUSRHyvsJ llc,304542,304539.0,304541.0
304542,AmazonHelp,False,2017-11-04 04:58:00+00:00,@188722 Thanks for checking! Please reach us via phone or chat so we can look into this with you: https://t.co/hApLpMlfHN ^BN,,304540.0,304541.0
308221,189593,True,2017-10-06 22:09:10+00:00,"Se me ha ido la olla y por fin me he decidido a comprar The Art of Rick and Morty por @116928 .
Can't waiiiiit",308220,,308221.0
308220,AmazonHelp,False,2017-10-06 22:36:46+00:00,@189593 Hola Johana. ¡Excelente! ¿Cuándo es la fecha de entrega de tu pedido? Debes estar super ansiosa para que te llegue. 😍^JJ https://t.co/JhaEXO6KZR,308219,308221.0,308221.0
308219,189593,True,2017-10-07 00:25:06+00:00,@AmazonHelp ¡El viernes que viene! Y sí que lo estoy :D,308218,308220.0,308221.0
308218,AmazonHelp,False,2017-10-07 00:32:00+00:00,@189593 ¡Genial! Avísanos cuando te llegue para compartir tu alegría. 😄^JD,,308219.0,308221.0
315761,191388,True,2017-10-07 07:36:23+00:00,Yet another @115830 package not delivered #primecancelled #amazonprime #amazonuk https://t.co/lUyLBwPX1j,"315760,315762",,315761.0
315760,AmazonHelp,False,2017-10-07 07:48:26+00:00,@191388 Apologizes for the delay Kirsty- Please let us know if it doesn't arrive by Wednesday. Thanks. ^NV,,315761.0,315761.0
315762,191798,True,2017-10-07 08:32:52+00:00,"@191388 @115830 Had same delivery delay problem for all orders in the last 2 weeks ""parcel arrival at incorrect carrier facility""
#amazonprime #amazonuk",317594,315761.0,315761.0
317594,AmazonHelp,False,2017-10-07 08:35:00+00:00,@191798 Sorry about your orders Corné- Have you since received these? ^NV,317593,315762.0,315761.0
317593,191798,True,2017-10-07 08:45:06+00:00,"@AmazonHelp No, phoned you 5 times over  last 2 weeks(diff orders-same issue) yesterday a supervisor promised redelivery today. Just NOW got delay msg!",317592,317594.0,315761.0
317592,AmazonHelp,False,2017-10-07 09:03:00+00:00,@191798 Is this what is stated on the tracking?^CD,317589,317593.0,315761.0
317589,191798,True,2017-10-07 09:08:57+00:00,"@AmazonHelp Tracking msg""delay in delivery due to arrival at incorrect carrier facility""
Then you apologise, arrange redelivery nextday, nextday delayed","317585,317591",317592.0,315761.0
317591,191798,True,2017-10-07 09:11:42+00:00,@AmazonHelp This delivery problem been going on for the last 2 weeks on all my orders. Been in the phone 5 times to you for the different orders.,,317589.0,315761.0
317585,AmazonHelp,False,2017-10-07 09:12:52+00:00,@191798 Apologies - It will need to be redirected - does the order status indicate a new delivery date ? ^TD,"317586,317587,317588",317589.0,315761.0
317586,191798,True,2017-10-07 09:13:36+00:00,@AmazonHelp Why?,,317585.0,315761.0
317588,191798,True,2017-10-07 09:16:06+00:00,"@AmazonHelp That what you said yesterday when we spoke over the phone, and you re arranged delivery for today.  Today got message again delayed!",317590,317585.0,315761.0
317587,191798,True,2017-10-07 09:16:44+00:00,@AmazonHelp And this is the same for my other orders over the last 2 weeks,,317585.0,315761.0
317590,AmazonHelp,False,2017-10-07 09:39:00+00:00,@191798 Sorry again for the delay.^CD,,317588.0,315761.0
319467,192172,True,2017-10-07 10:55:48+00:00,アマゾンの配達が来ない。しかも２件も届かない。アマゾンに問い合わせても「我々は発送してるのでうちのせいじゃありません」的な対応。デリバリープロバイダになってから配達の質の低下が著しい。まったく信頼できなくなってしまった。 https://t.co/ClIzAkAWYo,319466,,319467.0
319466,AmazonHelp,False,2017-10-07 11:21:25+00:00,@192172 ご迷惑をおかけしております。ご投稿の件につきましては、カスタマーサービスにて状況をお調べしご案内いたしますので、お手数ですが以下より今一度カスタマーサービスへお問合わせください。https://t.co/J6YEizo6qC 　SM,,319467.0,319467.0
319781,192228,True,2017-10-07 11:29:47+00:00,@116313 チャットが繋がりませんが障害が発生しているのですか？,319780,,319781.0
319780,AmazonHelp,False,2017-10-07 11:38:28+00:00,@192228 ご不便をおかけしております。現在窓口が混みあっており、繋がりづらい状態となっております。恐れ入りますがお時間をあけて再度お問い合わせいただくか、Eメールにてお問い合わせください。順次ご対応させていただきます。HM,,319781.0,319781.0
320000,192274,True,2017-10-07 11:45:38+00:00,Anxiously awaiting my amazon prime delivery. Usually here at 9am so I’m getting a little impatient.,319998,,320000.0
319998,192274,True,2017-10-07 11:46:33+00:00,"Bearing in mind I preorder this item I got a message saying it’s delayed a week, but the one I bought from Amazon is from the same company?!",319996,320000.0,320000.0
319996,AmazonHelp,False,2017-10-07 11:54:12+00:00,@192274 You can check the delivery status of your order here:  https://t.co/aaDyEz1VgE  ^TD,319997,319998.0,320000.0
319997,192274,True,2017-10-07 11:54:45+00:00,"@AmazonHelp I know it’s on the way, I’m just impatient! 😊",319999,319996.0,320000.0
319999,AmazonHelp,False,2017-10-07 12:01:41+00:00,@192274 No worries! Just excited I'd say! Hope you get it soon. ☺️ ^PK,,319997.0,320000.0
320829,192437,True,2017-10-07 12:35:05+00:00,Beyond disappointing @117093 Over three weeks and these bags are still on our door step. My… https://t.co/ruIQ0vtll7,320826,,320829.0
320826,AmazonHelp,False,2017-10-07 12:41:30+00:00,"@192437 Sorry to hear about this. Have you tried contacting us about this? If not, you can do so here: https://t.co/hApLpMlfHN ^PK","320827,320828",320829.0,320829.0
320827,192437,True,2017-10-07 12:59:03+00:00,@AmazonHelp We contacted 4 times and no resolve - hence the social media post!,,320826.0,320829.0
320828,192437,True,2017-10-07 13:20:20+00:00,@AmazonHelp We contacted Amazon three times!,320830,320826.0,320829.0
320830,192437,True,2017-10-07 13:20:54+00:00,@AmazonHelp I think I lost count,320831,320828.0,320829.0
320831,AmazonHelp,False,2017-10-07 13:33:00+00:00,"@192437 Sorry to have let you down! Please, use this link to request a tote pick-up: https://t.co/K4Yzs1gOuA ^JE",,320830.0,320829.0
321175,192515,True,2017-10-07 12:35:10+00:00,Hey @116316 dank euch hat Frauchen immer tolle Kartons zum spielen zu Hause. Danke. 🐾 https://t.co/Y706SApCkt,321173,,321175.0
321173,AmazonHelp,False,2017-10-07 12:50:25+00:00,"@192515 Dann hoffen wir, gibt es bald noch mehr Spielsachen und Leckerlies für dich, damit es nie langweilig wird! ^AK",321174,321175.0,321175.0
321174,192515,True,2017-10-07 12:53:20+00:00,@AmazonHelp Ich bin bereit zum Abschicken. Adresse: euer Lager. Ich räume da mal richtig auf und arbeite kostenlos. Na wie wäre das?🐾 https://t.co/0eMChJLhA4,321176,321173.0,321175.0
321176,AmazonHelp,False,2017-10-07 13:15:33+00:00,"@192515 Das würde dir so passen, oder? Am besten in der Katzenfutterabteilung 😂 ^MI",321177,321174.0,321175.0
321177,192515,True,2017-10-07 13:18:37+00:00,"@AmazonHelp Jap, genau😸 ich merke schon, ihr lasst euch nicht darauf ein. Dann muss ich Frauchen doch weiter umgarnen, damit sie regelmäßig bestellt.😺😼 https://t.co/qD3jKjsmuL",321178,321176.0,321175.0
321178,AmazonHelp,False,2017-10-07 13:39:30+00:00,"@192515 Aus eigener Erfahrung weiß ich, dass ihr wisst, wie ihr uns Menschen überzeugt! 😻 ^MI",321179,321177.0,321175.0
321179,192515,True,2017-10-07 14:05:45+00:00,"@AmazonHelp Dass können wir. Ihr Menschen müsst ja auch in die richtigen Bahnen gelenkt werden , damit ihr wisst was wirklich zählt. Nämlich nur wir😸 https://t.co/FLHCpTxuh0",321180,321178.0,321175.0
321180,AmazonHelp,False,2017-10-07 14:24:30+00:00,"@192515 Jetzt bin ich schwach geworden! 😻 Melde dich doch mal bei uns, dem Amazon.de Social Media Team: https://t.co/br7bhrlJn8 ^MI","321181,321182,321183,321184",321179.0,321175.0
321181,192515,True,2017-10-07 14:47:23+00:00,@AmazonHelp Ok😸,,321180.0,321175.0
321183,192515,True,2017-10-10 16:03:35+00:00,@AmazonHelp Ihr seid verrückt. Sowas tolles habe ich ja noch nie gesehen 😻 Frauchen ist auch baff. Sogar mein alter Kumpel Nero findet es super. 😺 https://t.co/EpWc8rGXcC,,321180.0,321175.0
321184,192515,True,2017-10-10 16:06:43+00:00,"@AmazonHelp Mit Nero teile ich gerne 😺 Toll, dass er endlich mal wieder mitmacht. 😺Sonst entspannt er immer und will nicht so oft spielen wie ich🐾 https://t.co/xrEMMFUuzg",321185,321180.0,321175.0
321182,192515,True,2017-10-10 16:13:36+00:00,"@AmazonHelp So, jetzt muss ich aber weiter machen. 😸Vielen Dank von Nero und Suri 😽😽🐾🐾 https://t.co/aJIHmvcDbM",,321180.0,321175.0
321185,AmazonHelp,False,2017-10-10 16:15:36+00:00,"@192515 😍😍😍😍😍😍
Oh wie schön, dass das geschenk so gutangenommen wird :)
Viel Spaß euch zwei damit :) ^AV",321186,321184.0,321175.0
321186,192515,True,2017-10-10 16:24:04+00:00,@AmazonHelp Dankeschön 😺😺 🐾🐾 https://t.co/UKxmIOBKqU,,321185.0,321175.0
321648,192627,True,2017-10-07 13:10:21+00:00,@117795 This is broccoli that I had right now with Amazon now in Milan// by #naturasi // thanks 😡😡😡 #amazonitalia https://t.co/CCivWFjuTA,321646,,321648.0
321646,AmazonHelp,False,2017-10-07 13:26:39+00:00,"@192627 I'm sorry, please contact our Customer Service in Italian or English: https://t.co/Mt0DkcMyce. ^MA",321647,321648.0,321648.0
321647,192627,True,2017-10-07 13:32:47+00:00,@AmazonHelp I will delet my amazonprime // 😡😡😡,,321646.0,321648.0
322009,192717,True,2017-10-07 13:27:36+00:00,@120533 pour se faire livrer par amazon logistic il faut être au chomage... je viens d'annuler ma commander je vais aller voir ailleurs...,322007,,322009.0
322007,AmazonHelp,False,2017-10-07 13:34:30+00:00,"@192717 Bonjour, je suis désolée pour cela, pourriez-vous m'expliquer davantage SVP?^FT",322008,322009.0,322009.0
322008,192717,True,2017-10-07 13:44:42+00:00,"@AmazonHelp Bonjour, je viens de vous faire un message en privé.",322010,322007.0,322009.0
322010,AmazonHelp,False,2017-10-07 13:50:28+00:00,"@192717 Bonjour, ma collègue est en train de répondre à votre message en privé. Merci ^RA",,322008.0,322009.0
331366,194892,True,2017-10-07 18:07:34+00:00,@AmazonHelp @123967 package says delivered when it was NOT delivered! It's nowhere to be found around my home.,331365,,331366.0
331365,AmazonHelp,False,2017-10-07 18:15:28+00:00,"@194892 I apologize for the missing order, Saz. Let us know if these steps help locate it: https://t.co/QA23rvms6I. ^CS",,331366.0,331366.0
331626,186334,True,2017-10-07 18:32:29+00:00,"@AmazonHelp I've placed both my return items in the same box, that's how I got them. Is that ok? I placed the return form for both inside.",331624,,331626.0
331624,AmazonHelp,False,2017-10-07 18:38:32+00:00,"@186334 I'm sorry, to ensure no delays in processing your return, if 2 labels were provided, please use separate packaging to return. ^AN",331625,331626.0,331626.0
331625,186334,True,2017-10-07 18:39:49+00:00,"@AmazonHelp Well, they wouldn't have been returned if you'd provided products undamaged. They are in the same box, with each separate paperwork.",,331624.0,331626.0
332383,195144,True,2017-10-07 18:40:33+00:00,@115850 very poor services. No delivery attempted but showing as delivery attempted.  Big liar... Very pathetic experience,332382,,332383.0
332382,AmazonHelp,False,2017-10-07 19:08:31+00:00,@195144 We're sorry for the inaccurate tracking information. Please contact us here: https://t.co/vlvfJr4nN9 and we'll check this. ^ZH,,332383.0,332383.0
333103,195342,True,2017-10-07 19:36:49+00:00,"@115830 paid 4 next day delivery not delivered! 1-3 days later promised again for today, now told being returned- refusing to deliver!? 😢",333102,,333103.0
333102,AmazonHelp,False,2017-10-07 19:44:00+00:00,@195342 I'm sorry about this. Please reach out by phone so we can investigate this further with you: https://t.co/qy3J24VGxb ^GR,,333103.0,333103.0
334500,195708,True,2017-10-07 20:16:36+00:00,@AmazonHelp My refund is taking a very lomg time,334498,,334500.0
334498,AmazonHelp,False,2017-10-07 20:19:10+00:00,"@195708 Thanks for reaching out. Following the steps here, what does the status of your refund state: https://t.co/jLyR1zcLrF? ^GG",334499,334500.0,334500.0
334499,195708,True,2017-10-09 22:40:17+00:00,"@AmazonHelp It says ""on the way back"" but it has said that for about 20 days",334501,334498.0,334500.0
334501,AmazonHelp,False,2017-10-09 22:43:29+00:00,@195708 Oh no! Is it going back to Amazon or a third-party seller? You can view this under the item name in your orders. ^HC,334502,334499.0,334500.0
334502,195708,True,2017-10-09 23:05:47+00:00,@AmazonHelp Is that who sold it?,334503,334501.0,334500.0
334503,AmazonHelp,False,2017-10-09 23:14:38+00:00,"@195708 Yes. Who is listed under sold by in the ""Your Orders"" page? ^DO",334504,334502.0,334500.0
334504,195708,True,2017-10-10 06:15:05+00:00,"@AmazonHelp It says ""YourDigitalFriend""",334505,334503.0,334500.0
334505,AmazonHelp,False,2017-10-10 06:19:24+00:00,@195708 Please reach out to the seller about this https://t.co/MHnZmg7Xky ^KM,,334504.0,334500.0
338106,196705,True,2017-10-07 22:38:19+00:00,"@AmazonHelp I just cancelled an order and it was in the 'preparing for dispatch' stage, when can I expect the money to go back into my acc?",338105,,338106.0
338105,AmazonHelp,False,2017-10-07 22:42:00+00:00,"@196705 If your order hadn't dispatched, you're seeing an authorisation. Lean more: https://t.co/PkvSgKPbiu ^JE",,338106.0,338106.0
341469,197577,True,2017-10-28 07:26:57+00:00,"My @115833's gone rogue. Refuses to play half my music &amp; instead of turning the volume down, tells me jokes about kittens.",341467,,341469.0
341467,AmazonHelp,False,2017-10-28 07:53:30+00:00,"@197577 Hi, sorry to hear this is occurring. Have you tried to restart the device ? ^CR",341468,341469.0,341469.0
341468,197577,True,2017-10-28 07:56:07+00:00,@AmazonHelp I've unplugged it twice. (It's a Dot). Helps for a few hours then goes back to random behaviour.,341470,341467.0,341469.0
341470,AmazonHelp,False,2017-10-28 08:17:32+00:00,@197577 Thanks for clarifying Colleen. Please reach out - https://t.co/JzP7hlA23B a digital specialist will be happy to assist. ^TP,,341468.0,341469.0
344611,197974,True,2017-10-08 01:16:19+00:00,Dear @117093 Less than stellar produce delivered just now. Disappointed. Low quality. Rotten mandarins. Old snow peas and scallions. https://t.co/LDHKTSQED2,344610,,344611.0
344610,AmazonHelp,False,2017-10-08 01:58:29+00:00,@197974 I'm sorry your order arrived in this condition! We'd like to look into options with you by phone: https://t.co/hApLpMlfHN ^KJ,,344611.0,344611.0
350590,199411,True,2017-10-08 08:41:18+00:00,@115850   If i buy prime membership from my existing account and pay by Pay Balance... Will i be eligible for the 20% Load Money offer..?,350589,,350590.0
350589,AmazonHelp,False,2017-10-08 10:40:00+00:00,@199411 We have replied to you DM. ^MJ,,350590.0,350590.0
351821,199679,True,2017-10-08 10:22:58+00:00,"@115858 touch not working of brand new iphone 7. Brought from @115850 (hate it)

Seriously you should look into this type of frauds https://t.co/KPkVRyO2O4",351820,,351821.0
351820,AmazonHelp,False,2017-10-08 12:23:00+00:00,@199679 I'm sorry to know about that. Please reach out to us here: https://t.co/vlvfJr4nN9 we'd like to help. ^SG,,351821.0,351821.0
353211,170803,True,2017-10-08 11:43:56+00:00,@115850  why not exchange offer other area pincode.492001,"353210,353212",,353211.0
353210,AmazonHelp,False,2017-10-08 13:40:27+00:00,@170803 we are continuously working to expand our Exchange Offer selection.2/2 ^SB,,353211.0,353211.0
353212,AmazonHelp,False,2017-10-08 13:40:27+00:00,@170803 I'm sorry that exchange offer is not available on your pin code. Please be assured that 1/2 ^SB,,353211.0,353211.0
355572,200475,True,2017-10-08 14:23:14+00:00,@115821 I am unhappy that your website does not have any way to provide feedback.,355571,,355572.0
355571,AmazonHelp,False,2017-10-08 14:39:00+00:00,@200475 We're always happy to accept feedback! You can leave general feedback via e-mail here: https://t.co/4sKhGytRop ^LB,,355572.0,355572.0
359766,201208,True,2017-10-08 16:25:28+00:00,"I swear @115821 is trying to screw me over saying a $30 package was delivered when it wasn’t. I have a doorbell camera, so I would know (c)",359765,,359766.0
359765,201208,True,2017-10-08 16:26:23+00:00,@115821 if someone came on to my porch to drop a package off. THEY DIDNT. Then @AmazonHelp said they would process another order but I will be (c),359764,359766.0,359766.0
359764,201208,True,2017-10-08 16:27:55+00:00,@115821 @AmazonHelp charged for another if I get both. How about NO. According to your system I already had one delivered so I’m not waging $30 on your (c),359763,359765.0,359766.0
359763,201208,True,2017-10-08 16:29:12+00:00,@115821 @AmazonHelp “system” that says another one was delivered when the first one wasn’t even delivered. If Amazon Prime doesn’t mean 2-Day shipping (c),359761,359764.0,359766.0
359761,201208,True,2017-10-08 16:29:34+00:00,@115821 @AmazonHelp Anymore than I might as well save my money for something better.,"359760,359762",359763.0,359766.0
359760,AmazonHelp,False,2017-10-08 16:32:00+00:00,@201208 Did we ask you to wait longer to see if the package shows up? Have you checked with these tips: https://t.co/lJh1m3P4Ku? ^MG,359757,359761.0,359766.0
359757,201208,True,2017-10-08 16:33:49+00:00,@AmazonHelp Yes you did but I ordered it for a party with Amazon Prime’s 2Day shipping. Why would I have to wait longer?,359755,359760.0,359766.0
359755,AmazonHelp,False,2017-10-08 16:39:31+00:00,"@201208 When you spoke with us, what insight or options did we provide? ^CO",359756,359757.0,359766.0
359756,201208,True,2017-10-08 16:42:01+00:00,@AmazonHelp Just to wait longer or you can process another one but I’ll be charged if both packages arrive. I just want my order. Not two of them.,359758,359755.0,359766.0
359758,201208,True,2017-10-08 16:42:42+00:00,@AmazonHelp And how will you know if the second one is delivered when your system already says the first one was delivered? That’s unfair.,359759,359756.0,359766.0
359759,AmazonHelp,False,2017-10-08 16:55:00+00:00,@201208 We certainly understand your frustration! Please keep us posted on the outcome once the recommended time has passed. ^HC,,359758.0,359766.0
362969,201985,True,2017-10-08 18:13:04+00:00,Dear @115850 what kind of sorcery is this. Regular price: 1675.00 and lightning deal price: 1674.00. Wow. Just #wow https://t.co/VYoeP1hDlp,362968,,362969.0
362968,AmazonHelp,False,2017-10-08 18:40:00+00:00,@201985 The price offered is the best available. ^HA,,362969.0,362969.0
372486,204258,True,2017-10-08 22:15:59+00:00,Amazonで商品間違えて買ったの返送してキャンセル手続きしてもらったのだけど、一向に戻って来ない。ポイントで買ったからポイントで帰って来るはずなんだけど。1週間程経過してもまだ入金されてない。詐欺かな？なら晒すけどw,372483,,372486.0
372483,AmazonHelp,False,2017-10-08 23:34:00+00:00,"@204258 ツイート拝見しました、Amazonです。
恐れ入りますが、当サイトよりEメールでご連絡がきていないでしょうか。Eメールはアカウントサービスのメッセージセンターからもご確認いただくことができます。https://t.co/T4O8Kak3dh 　MH","372484,372485",372486.0,372486.0
372484,204258,True,2017-10-09 00:00:38+00:00,@AmazonHelp ダイレクトメッセージ送らせていただきます。詳しくお伝えします。,372487,372483.0,372486.0
372487,AmazonHelp,False,2017-10-09 00:16:00+00:00,@204258 ありがとうございます。内容を確認のうえDMにてご連絡させていただきます。　MH,,372484.0,372486.0
372485,204258,True,2017-10-09 01:09:49+00:00,@AmazonHelp 返金のことについてのメールはまだ来ていません。暫く待つことにします。,372488,372483.0,372486.0
372488,AmazonHelp,False,2017-10-09 01:26:28+00:00,@204258 かしこまりました。お待ちいただきましても解決しない場合は、DMにてお送りしたリンクより、カスタマーサービスにご相談ください。MH,,372485.0,372486.0
375822,205130,True,2017-10-09 01:50:00+00:00,What is the @116090 policy on selling products featuring stolen artwork?,375819,,375822.0
375819,AmazonHelp,False,2017-10-09 02:23:31+00:00,@205130 We encourage you to contact us so we can report the seller to the appropriate team for investigation: https://t.co/dNXwBZPiM6 ^AM,"375820,375821",375822.0,375822.0
375821,205130,True,2017-10-09 02:44:46+00:00,"@AmazonHelp A bit too much work for me to report every Calvin and Hobbes item.  As far as I can tell, they are all bootlegged.

https://t.co/zrJwkrdceU",,375819.0,375822.0
375820,205130,True,2017-10-09 14:02:06+00:00,@AmazonHelp Still tonnes of Calvin and Hobbes stuff available.  Is this just a 'sweep it under the rug' kind of thing?,375823,375819.0,375822.0
375823,205130,True,2017-10-09 14:50:49+00:00,"@AmazonHelp So should I just chalk it up as a 'battle I can't win'?
That's disappointing.",,375820.0,375822.0
376597,205333,True,2017-10-09 02:32:09+00:00,Tablet pen was misplaced at wrong door step by @115821 and now I have to wait for another 2-3 days for them to investigate,376588,,376597.0
376588,205333,True,2017-10-09 02:33:01+00:00,@115821 There's a reason why I ordered one day shipping bc I need it ASAP but no you just had to screwed up @115821,376586,376597.0,376597.0
376586,AmazonHelp,False,2017-10-09 03:12:28+00:00,@205333 I'm sorry you didn't receive your stylus! Have you contacted us for available options? ^AM,376587,376588.0,376597.0
376587,205333,True,2017-10-09 03:14:13+00:00,"@AmazonHelp Yup already did. It looks like you guys will investigate into the matter but it'll take 2-3 days, which is upsetting since I need it...asap",376589,376586.0,376597.0
376589,AmazonHelp,False,2017-10-09 04:04:00+00:00,"@205333 I can understand your frustration. Regarding the investigation, is this to locate the package? ^ST",376590,376587.0,376597.0
376590,205333,True,2017-10-09 04:23:52+00:00,@AmazonHelp I don't know if it's to investigate its location but apparently law enforcement was mentioned in the chat by your representative,376591,376589.0,376597.0
376591,AmazonHelp,False,2017-10-09 05:05:24+00:00,@205333 Strange! When did you contact us? Did we email you after the call? ^PK,376592,376590.0,376597.0
376592,205333,True,2017-10-09 05:07:48+00:00,@AmazonHelp Yup you guys sent the chat's convo script,376593,376591.0,376597.0
376593,205333,True,2017-10-09 05:08:37+00:00,@AmazonHelp Had the chat at about 7:19 PM PST,376594,376592.0,376597.0
376594,AmazonHelp,False,2017-10-09 05:25:48+00:00,@205333 And is there any update on the tracking on the order? Were you advised to contact Customer Support by a certain date?^CD,376595,376593.0,376597.0
376595,205333,True,2017-10-09 05:45:23+00:00,@AmazonHelp Nope.  All the rep said was that I should contact amazon again in the next 2-3 days. Nothing else was specified,376596,376594.0,376597.0
376596,AmazonHelp,False,2017-10-09 05:53:28+00:00,@205333 Thanks for confirming- Sorry about the wait. Please let us know once you get in touch and what is advised to you. ^NV,,376595.0,376597.0
379968,AmazonHelp,False,2017-10-03 17:00:38+00:00,@206135 We cannot access your account from Twitter. Please revert to the email. 1/2^HN,379967,379969.0,379969.0
379967,206135,True,2017-10-03 17:01:41+00:00,@AmazonHelp I several times sent mail also nd conveyed all detail from mail still no reply,379966,379968.0,379969.0
379966,AmazonHelp,False,2017-10-03 17:49:00+00:00,"@206135 As you've responded to our email, we'll work on it and get back to you. ^HN",379961,379967.0,379969.0
379961,206135,True,2017-10-09 07:17:33+00:00,@AmazonHelp Also I am planning to launch legal complaint against this fraud case and mental harassment I am going through bcz of Amazon,379959,379966.0,379969.0
379959,AmazonHelp,False,2017-10-09 07:46:26+00:00,"@206135 We've sent a correspondence to your registered email address, request you to check the same and reply to it. ^SH",379960,379961.0,379969.0
379960,206135,True,2017-10-09 07:47:20+00:00,@AmazonHelp I have several times replied using same,"379962,379963",379959.0,379969.0
379963,AmazonHelp,False,2017-10-09 08:04:00+00:00,"@206135 I understand that you have reported the issue to multiple teams, kindly revert to the social media correspondence 1/2 ^MJ",,379960.0,379969.0
379962,AmazonHelp,False,2017-10-09 08:04:30+00:00,@206135 you have received so that we can gain access to your account to check for latest updates. 2/2 ^MJ,379964,379960.0,379969.0
379964,206135,True,2017-10-09 09:57:58+00:00,"@AmazonHelp Replied with required details on u r mail, pls update whn I can expect my refund",379965,379962.0,379969.0
379965,AmazonHelp,False,2017-10-09 10:32:25+00:00,"@206135 Thank you for replying to the email, we shall get back to you soon. ^SH",,379964.0,379969.0
384403,207032,True,2017-10-09 10:21:12+00:00,@AmazonHelp why u guys okay d address for delivery if u cant deliver at dat address. Previously I hv rcvd delivery now ur courier guy denies,"384402,384404",,384403.0
384402,AmazonHelp,False,2017-10-09 11:29:00+00:00,@207032 issue to our support team here: https://t.co/iuHpjLjLOb ? 2/2 ^OS,,384403.0,384403.0
384404,AmazonHelp,False,2017-10-09 11:29:00+00:00,@207032 Apologies about the experience you had with our courier services. Have you tried reporting this 1/2^OS,,384403.0,384403.0
385059,207162,True,2017-10-09 11:33:49+00:00,@115850 I am a prime member ordered a prime eligible shirt on 6 Oct and not rcvd shirt till now.Your team has said me to wait till 21oct,385057,,385059.0
385057,AmazonHelp,False,2017-10-09 11:57:30+00:00,@207162 We dispatch to meet the estimated delivery date. Did we happen to miss it? ^AP,385058,385059.0,385059.0
385058,207162,True,2017-10-09 15:15:50+00:00,@AmazonHelp you promise to deliever in two days. 4 days have past didn't get d product. Expct date is 21 oct. 15 days for a prime member? seriously?,385060,385057.0,385059.0
385060,AmazonHelp,False,2017-10-09 15:43:40+00:00,@207162 The shipping speed is calculated based on the product availability and the pin code. Please wait till the mentioned date. ^HN,385061,385058.0,385059.0
385061,207162,True,2017-10-09 16:18:43+00:00,@AmazonHelp Before ordering i talked to ur exec nd he assured me dat u wil rcv your order before 10th Oct. What benifit i m getting as a prime member?,385062,385060.0,385059.0
385062,AmazonHelp,False,2017-10-09 16:43:33+00:00,@207162 Sorry for the hassle. I'll surely pass on your feedback to the concerned team internally. Please wait till the estimates. ^HN,385063,385061.0,385059.0
385063,207162,True,2017-10-09 17:01:48+00:00,@AmazonHelp Its quite urgent...There is a marriage in my family nd i m supposed to wear it...i hope u wil understand,385064,385062.0,385059.0
385064,AmazonHelp,False,2017-10-09 17:26:34+00:00,"@207162 I do get your concern, however, we'll deliver the package as soon as possible. ^HN",,385063.0,385059.0
385068,207164,True,2017-10-09 11:48:54+00:00,@115821 3/4 of my packages arrived after the guaranteed delivery date. Seriously Amazon we used to have such a good thing going!,385067,,385068.0
385067,AmazonHelp,False,2017-10-09 11:54:00+00:00,"@207164 Sorry to hear this - is the issue with the dispatch or the carrier ? If carrier, is there a particular carrier ? ^TD",,385068.0,385068.0
386862,207578,True,2017-10-09 12:56:57+00:00,@AmazonHelp this is ridiculous. Read the comments. This retailer is literally STEALING from us. DO SOMETHING. https://t.co/vvWkvOCeVF,386859,,386862.0
386859,AmazonHelp,False,2017-10-09 13:17:43+00:00,@207578 I'm sorry for any trouble! This isn't the experience we want you to have. Did you have a specific issue with this product? ^FD,"386860,386861",386862.0,386862.0
386860,207578,True,2017-10-09 13:21:24+00:00,"@AmazonHelp yes, look at the listing, it says Breaking Bad magnets, I received some buttons? look at other reviews, people getting star wars stickers?",386863,386859.0,386862.0
386861,207578,True,2017-10-09 13:21:57+00:00,"@AmazonHelp clearly has to be illegal. posting an item and  knowingly sending something different. I was essentially robbed of $12, plus everyone else",,386859.0,386862.0
386863,AmazonHelp,False,2017-10-09 13:31:00+00:00,"@207578 Hey, sorry to hear about that! Please contact us here so we can investigate it further:  https://t.co/hApLpMlfHN ^AT",,386860.0,386862.0
388019,207833,True,2017-10-09 13:57:52+00:00,@115830 Why do you keep taking £1/ month out of my bank account for no obvious reason? i am unsure as to how long have been doing this!!!,388017,,388019.0
388017,AmazonHelp,False,2017-10-09 14:02:28+00:00,@207833 I'm sorry your card is being charged! Please reach out to us here: https://t.co/JzP7hlA23B and we can help! ^TK,388018,388019.0,388019.0
388018,207833,True,2017-10-24 15:19:23+00:00,@AmazonHelp I emailed @115830 on the day that @AmazonHelp sent the above tweet and to date i have had NOTHING back...despite you taking my money!!,388020,388017.0,388019.0
388020,AmazonHelp,False,2017-10-24 15:36:27+00:00,@207833 Oh no! Please contact us via phone and we can discuss this together in real-time: https://t.co/JzP7hlA23B Keep us posted! ^KN,388021,388018.0,388019.0
388021,207833,True,2017-10-24 15:41:14+00:00,"@AmazonHelp Sorry, Amazon are taking my money wrongly not the other way round....you should be contacting me...try responding to my email!",388022,388020.0,388019.0
388022,AmazonHelp,False,2017-10-24 16:29:29+00:00,"@207833 Unfortunately, we're not able to view accounts details via Twitter. You can request a call here: https://t.co/EJkIh5skn4  ^HS",,388021.0,388019.0
389655,208235,True,2017-10-09 15:02:05+00:00,"Y después Amazon te pone que llegará más tarde y te viene antes, @116928 os amo. https://t.co/hxroOioJ7k",389654,,389655.0
389654,AmazonHelp,False,2017-10-09 15:06:08+00:00,"@208235 Hola Maiika! ¡Que emoción! 😱 Nos alegra mucho. Cuéntanos, ¿ya lo estrenaste? ^HC https://t.co/jsTJIHvvqi",389649,389655.0,389655.0
389649,208235,True,2017-10-09 15:07:27+00:00,"@AmazonHelp Aun no, pero le daré caña 😍 me habéis traído los dos antes de tiempo 😀",389647,389654.0,389655.0
389647,AmazonHelp,False,2017-10-09 15:10:03+00:00,"@208235 ¡Excelente! 😁 ¿Ya sabes, cuál videojuego será el afortunado? ^HC",389648,389649.0,389655.0
389648,208235,True,2017-10-09 19:38:32+00:00,@AmazonHelp Pf tengo demasiados pero creo que Life is Stranger: Before the Storm de momento será ese :3,389650,389647.0,389655.0
389650,AmazonHelp,False,2017-10-09 19:48:00+00:00,@208235 ¡Se ve increíble! El concepto de Life is Strange y la modalidad de juego son muy buenos. 😍🎮🌪🍃 ^KS,389651,389648.0,389655.0
389651,208235,True,2017-10-09 20:00:59+00:00,@AmazonHelp Sii*-* es uno de mis favoritos😍,389652,389650.0,389655.0
389652,AmazonHelp,False,2017-10-09 20:13:30+00:00,@208235 ¡Espero que disfrutes mucho del videojuego! ¿Nos invitarías a una partida? :3 ^CR,389653,389651.0,389655.0
389653,208235,True,2017-10-09 21:43:49+00:00,@AmazonHelp Claro ^^,,389652.0,389655.0
393095,209090,True,2017-10-09 16:30:21+00:00,"Hats off to @115850 delivered parcel 30 minutes back, just to make sure my Diwali was amazing. Kudos.. #HappyDiwali2017",393094,,393095.0
393094,AmazonHelp,False,2017-10-09 17:07:00+00:00,"@209090 We have sent our fastest super hero to deliver your package, to make your Diwali memorable 😊 BTW what did you order? ^SQ",,393095.0,393095.0
393550,209213,True,2017-10-09 16:58:52+00:00,@AmazonHelp  I have placed my order as on 24 Sep but till date I have not recd my product and your executive does not support me. What I do. https://t.co/vYxWjehwxr,"393549,393551",,393550.0
393549,AmazonHelp,False,2017-10-09 17:24:00+00:00,"@209213 Please don’t provide your order details, we consider them to be personal info. Our Twitter page is visible to public. ^JC",,393550.0,393550.0
393551,AmazonHelp,False,2017-10-09 17:24:00+00:00,@209213 Sorry for the missed delivery. Please fill in your details here: https://t.co/GIJyeYqKE0 and I'll get in touch with you ^JC,,393550.0,393550.0
396929,210014,True,2017-10-09 18:05:13+00:00,"@AmazonHelp @115850 @115821 my order status says ""delivered"", but I haven't received any. I had already paid for the order :-/",396928,,396929.0
396928,210014,True,2017-10-09 18:07:56+00:00,@AmazonHelp @115850 @115821 Called ur customer care. They confirmed it's a mistake from ur courier partner &amp; order will be delivered by the end of the day &amp; it didn't.,396927,396929.0,396929.0
396927,210014,True,2017-10-09 18:10:20+00:00,@AmazonHelp @115850 @115821 Now they r bothering me by asking me to upload my id proof and telling me that it may take 3-5 business days to resolve the issue.,396900,396928.0,396929.0
396900,210014,True,2017-10-09 18:13:57+00:00,"@AmazonHelp @115850 @115821 Nice way to treat ur prime member! U broke ur prime one day guranteed delivery promise, didn't deliver the product &amp; now bothering customers","396896,396925,396926",396927.0,396929.0
396925,AmazonHelp,False,2017-10-09 18:30:23+00:00,@210014 Sorry about the trouble with the delivery of your order. I'd like to take a closer look. (1/2) ^HD,,396900.0,396929.0
396896,AmazonHelp,False,2017-10-09 18:30:53+00:00,@210014 Please share your details here: https://t.co/GIJyeYqKE0 and I'll get in touch with you. (2/2) ^HD,"396897,396898,396899",396900.0,396929.0
396898,210014,True,2017-10-17 09:20:42+00:00,"@AmazonHelp Hi, I haven't got a solution to my problem. I am feeling cheated.",,396896.0,396929.0
396897,210014,True,2017-10-17 09:21:44+00:00,"@AmazonHelp Just to help you in ur investigation, please listen to the call recording of my call to Amazon customercare on Oct 09.",,396896.0,396929.0
396899,210014,True,2017-10-17 09:24:10+00:00,@AmazonHelp Ur customer rep called ur courier partner &amp; confirmed that order was still with them &amp; will be delivered eod and delivery status was false.,396901,396896.0,396929.0
396901,AmazonHelp,False,2017-10-17 09:43:00+00:00,"@210014 Just to ensure, did you happen to share your details with us via the secure link? Do let us know. ^CB",396902,396899.0,396929.0
396902,210014,True,2017-10-17 10:06:56+00:00,"@AmazonHelp Yes, I did.",396903,396901.0,396929.0
396903,AmazonHelp,False,2017-10-17 10:23:25+00:00,@210014 We've sent a correspondence to your registered email address. Kindly revert to the same and we'll reach out to you. ^SA,396904,396902.0,396929.0
396904,210014,True,2017-10-17 11:09:59+00:00,@AmazonHelp I haven't received any mail yet.,"396905,396906",396903.0,396929.0
396906,AmazonHelp,False,2017-10-17 11:29:40+00:00,@210014 Please check for our emails here: https://t.co/DTSNmGldJf and if you don't find an email from us ^SU(1/2),,396904.0,396929.0
396905,AmazonHelp,False,2017-10-17 11:30:00+00:00,@210014 do reach us here: https://t.co/beaaDm0muc ^SU(2/2),396907,396904.0,396929.0
396907,210014,True,2017-10-17 13:28:41+00:00,@AmazonHelp I have filled out the form. Please help.,396908,396905.0,396929.0
396908,AmazonHelp,False,2017-10-17 13:45:00+00:00,@210014 Thank you for the confirmation. We'll get back to you soon. ^SU,"396909,396910,396911",396907.0,396929.0
396910,210014,True,2017-10-17 16:04:29+00:00,"@AmazonHelp Had a call with ur customer care rep. He mentioned that he can't help further as the delivery agent marked it as ""delivered"".",396913,396908.0,396929.0
396909,210014,True,2017-10-17 16:05:31+00:00,@AmazonHelp I haven't received the product. I am feeling cheated now. It was my hard earned money!! Please tell me what should I do now?,396912,396908.0,396929.0
396911,210014,True,2017-10-17 16:11:21+00:00,"@AmazonHelp I got a mail from ur customer support mentioning that I complaint about package being empty 2 times! 
I never filed such complain https://t.co/SPLP8WkvpG","396914,396915,396916,396917",396908.0,396929.0
396914,210014,True,2017-10-17 16:11:49+00:00,@AmazonHelp The package was not even delivered to me!!,"396918,396919",396911.0,396929.0
396917,210014,True,2017-10-17 16:20:49+00:00,@AmazonHelp I didn't even receive the box. How will I complain about package being missing inside the box??,,396911.0,396929.0
396919,210014,True,2017-10-17 16:25:24+00:00,"@AmazonHelp I just got this sms on Friday eve. When I tried calling back, number was switched off. Then I get the notification that order was delivered https://t.co/2CuNeEahUM","396921,396922,396923",396914.0,396929.0
396918,AmazonHelp,False,2017-10-17 16:28:27+00:00,@210014 Kindly revert to the correspondence which you have received from us and we will assist you further. ^SM,396920,396914.0,396929.0
396921,210014,True,2017-10-17 16:29:21+00:00,"@AmazonHelp If I received the package, atleast show me my signature on the delivery receipt!!",,396919.0,396929.0
396912,AmazonHelp,False,2017-10-17 16:31:06+00:00,"@210014 I'm so sorry for the trouble, please respond to the email you've received from us for any further assistance. ^SU",,396909.0,396929.0
396920,210014,True,2017-10-17 16:31:44+00:00,@AmazonHelp I have already reverted. Not helping.,,396918.0,396929.0
396913,AmazonHelp,False,2017-10-17 16:34:30+00:00,@210014 Apologies. We'd like to check this. Please fill this form: https://t.co/beaaDm0muc and I’ll contact you at the earliest. ^BV,,396910.0,396929.0
396915,AmazonHelp,False,2017-10-17 16:38:00+00:00,@210014 and we'll assist you with that. 2/2 ^HS,,396911.0,396929.0
396916,AmazonHelp,False,2017-10-17 16:38:00+00:00,@210014 I certainly understand your concern. Request you to revert to the Email correspondence you have received from us 1/2 ^HS,,396911.0,396929.0
396923,AmazonHelp,False,2017-10-17 17:32:00+00:00,@210014 Sorry about this experience. We've sent a correspondence to your registered email address. (½) ^BA,396924,396919.0,396929.0
396922,AmazonHelp,False,2017-10-17 17:32:26+00:00,"@210014 Kindly check Spam, Junk folders and revert to the same and we'll reach out to you. (2/2).^BA",,396919.0,396929.0
396924,210014,True,2017-10-17 17:34:30+00:00,@AmazonHelp How many times you will reply with this same template? I have reverted you guys N number of times.,,396923.0,396929.0
397889,Tesco,False,2017-11-02 17:41:07+00:00,"The definitive WWII campaign at an unbeatable price. Get #CODWWII for £44 at Tesco now, in-store and online. https://t.co/yEgyxRJJrA","397890,397891,397892,397893,397894,397895,397896,397897,397898,397899,397900,397901,397902,397903,397904,397905,397906,397907,397908,397909,397910,397911,397912,397913,397914,397915,397916,397917,397918,397919,397920,397921,397922,397923,397924,397925,397926,397927,397928,397929,397930,397931,397932,397933,397934,397935,397936,397937,397938,397939,397940,397941,397942,397943,397944,397945,397946,397947,397948,397949,397950,397951,397952,397953,397954,397955,397956,397957,397958,397959,397960,397961,397962,397963,397964,397965,397966,397967,397968,397969,397970,397971,397972,397973,397974,397975,397976,397977,397978,397979,397980,397981,397982,397983,397984,397985,397986,397987,397988,397989,397990,397991,397992,397993,397994,397995,397996,397997,397998,397999,398000,398001,398002,398003,398004,398005,398006,398007,398008,398009,398010,398011,398012,398013,398014,398015,398016,398017,398018,398019,398020,398021,398022,398023,398024,398025,398026,398027,398028,398029,398030,398031,398032,398033,398034,398035,398036,398037,398038,398039,398040,398041,398042,398043,398044,398045,398046,398047,398048,398049,398050,398051,398052,398053,398054,398055,398056,398057,398058,398059,398060,398061,398062,398063,398064,398065,398066,398067,398068,398069,398070,398071,398072,398073,398074,398075,398076,398077,398078,398079,398080,398081,398082,398083,398084,398085,398086,398087,398088,398089,398090,398091,398092,398093,398094,398095,398096,398097,398098,398099,398100,398101,398102,398103,398104,398105,398106,398107,398108,398109,398110,398111,398112,398113,398114,398115,398116,398117,398118,398119,398120,398121,398122,398123,398124,398125,398126,398127,398128,398129,398130,398131,398132,398133,398134,398135,398136,398137,398138,398139,398140,398141,398142,398143,398144,398145,398146,398147,398148,398149,398150,398151,398152,398153,398154,398155,398156,398157,398158,398159,398160,398161,398162,398163,398164,398165,398166,398167,398168,398169,398170,398171,398172,398173,398174,398175,398176,398177,398178,398179,398180,398181,398182,398183,398184,398185,398186,398187,398188,398189,398190,398191,398192,398193,398194,398195,398196,398197,398198,398199,398200,398201,398202,398203,398204,398205,398206,398207,398208,398209,398210,398211,398212,398213,398214,398215,398216,398217,398218,398219,398220,398221,398222,398223,398224,398225,398226,398227,398228,398229,398230,398231,398232,398233,398234,398235,398236,398237,398238,398239,398240,398241,398242,398243,398244,398245,398246,398247,398248,398249,398250,398251,398252,398253,398254,398255,398256,398257,398258,398259,398260,398261,398262,398263,398264,398265,398266,398267,398268,398269,398270,398271,398272,398273,398274,398275,398276,398277,398278,398279,398280,398281,398282,398283,398284,398285,398286,398287,398288,398289,398290,398291,398292,398293,398294,398295,398296,398297,398298,398299,398300,398301,398302,398303,398304,398305,398306,398307,398308,398309,398310,398311,398312,398313,398314,398315,398316,398317,398318,398319,398320,398321,398322,398323,398324,398325,398326,398327,398328,398329,398330,398331,398332,398333,398334,398335,398336,398337,398338,398339,398340,398341,398342,398343,398344,398345,398346,398347,398348,398349,398350,398351,398352,398353,398354,398355,398356,398357,398358,398359,398360,397885,398361,398362,398363,398364,398365,398366,398367,398368,398369,398370,398371,398372,398373,398374,398375,398376",,397889.0
397913,479023,True,2017-11-04 07:27:57+00:00,@Tesco £43.51 ;),"1547058,1547072",397889.0,397889.0
1547058,Tesco,False,2017-11-04 07:28:43+00:00,"@479023 Good morning RJ, is there anything I can help you with? Thanks - Lara.","1547059,1547060",397913.0,397889.0
1547059,479023,True,2017-11-04 07:29:05+00:00,@Tesco No thank you.,"1547061,1547062",1547058.0,397889.0
1547061,Tesco,False,2017-11-04 07:31:25+00:00,"@479023 Okay no probs, have a good weekend. :) - Lara.","1547063,1547064,1547065,1547066",1547059.0,397889.0
1547063,479024,True,2017-11-04 07:37:37+00:00,@Tesco @479023 Sexy you Lara,"1547067,1547068",1547061.0,397889.0
397950,593315,True,2017-11-04 09:30:20+00:00,@Tesco Paying the money to just look at a loading screen....,2006345,397889.0,397889.0
397952,481057,True,2017-11-04 09:47:52+00:00,@Tesco I pre-ordered it and payed £46,1555655,397889.0,397889.0
2006345,Tesco,False,2017-11-04 10:10:23+00:00,"@593315 Hi there, can you give us some details so we can look into this for you? What is the game? Did you buy it online or in store? Thanks - Ian",2006346,397950.0,397889.0
1555655,Tesco,False,2017-11-04 10:14:34+00:00,@481057 Hi James. Can you elaborate on what you're issue is please? TY- Charlotte,"1555656,1555653",397952.0,397889.0
397955,482788,True,2017-11-04 10:27:11+00:00,@Tesco Is it possible to buy it digitally?,1563323,397889.0,397889.0
1563323,Tesco,False,2017-11-04 10:31:04+00:00,"@482788 Hi there, how can I help you? What is it your looking to buy? - Beth",1563324,397955.0,397889.0
1563324,482788,True,2017-11-04 10:31:58+00:00,@Tesco #CODWWII is the offer digital or physical copy only?,"1563325,1563326",1563323.0,397889.0
1563326,Tesco,False,2017-11-04 10:52:58+00:00,"@482788 Hi, are you referring to the XBOX Live 3 month subscription offer? 1/2",,1563324.0,397889.0
1563325,Tesco,False,2017-11-04 10:53:00+00:00,"@482788 If so, the offer is only available online, however you will receive a physical copy of the game. Thanks - Lara. 2/2",,1563324.0,397889.0
1555656,482578,True,2017-11-04 11:13:14+00:00,@Tesco @481057 You are issue,,1555655.0,397889.0
1555653,481057,True,2017-11-04 11:25:59+00:00,@Tesco I paid £2 more...two cheeseburgers there 👀,"1555652,1555654",1555655.0,397889.0
397929,480908,True,2017-11-04 11:30:34+00:00,@Tesco Is it true yer get 3 months xbox live when you purchase cod ww2 at tesco  ?,"1555007,1555002",397889.0,397889.0
1555002,Tesco,False,2017-11-04 11:58:03+00:00,"@480908 This is correct Anthony, however the offer is only available online, not in store. Thanks - Lara.","1555003,1555004",397929.0,397889.0
1555654,Tesco,False,2017-11-04 12:00:56+00:00,"@481057 Sorry James you haven't mentioned what you purchased? If you bought something online, can you please DM your full name? 1/2","1555661,1555662",1555653.0,397889.0
1555652,Tesco,False,2017-11-04 12:02:53+00:00,"@481057 Can you also please DM your full address, email address and order number? Thanks - Lara. 2/2 https://t.co/py5Z99jcdM",,1555653.0,397889.0
1555003,480908,True,2017-11-04 12:02:58+00:00,@Tesco Oh right I bought mine in store  cheers for reply  😀,1555005,1555002.0,397889.0
1555005,Tesco,False,2017-11-04 12:05:37+00:00,@480908 Not a problem Anthony. Have a great weekend. :) - Lara.,1555006,1555003.0,397889.0
397935,481902,True,2017-11-04 12:37:13+00:00,"@Tesco Be sound and give some of the proceeds to the poppy appeal. Say 10 percent, £4.40 of each game sold. @121532",1559416,397889.0,397889.0
1555662,481060,True,2017-11-04 13:21:56+00:00,@Tesco @481057 It’s fairly obvious what he bought 🤯,"1555663,1555664",1555654.0,397889.0
1559416,Tesco,False,2017-11-04 13:22:27+00:00,"@481902 Hi Andrew, I would be more than happy to log this suggestion if you want to DM me your name and address? Thanks - Peter",1559417,397935.0,397889.0
1559417,481902,True,2017-11-04 14:31:56+00:00,"@Tesco Yes Tesco. Come on, and let’s help and support our military past and present.","1559418,1559419,1559420",1559416.0,397889.0
1555661,481059,True,2017-11-04 14:54:45+00:00,@Tesco @481057 Are you a mong,,1555654.0,397889.0
397958,593812,True,2017-11-04 15:04:21+00:00,@Tesco Just been and sold out,"2008150,2008149",397889.0,397889.0
1559418,Tesco,False,2017-11-04 15:05:54+00:00,"@481902 Hi Andrew, I've replied to your DM with further information. Best wishes. Mike",1559421,1559417.0,397889.0
2006346,593316,True,2017-11-04 15:23:35+00:00,@Tesco @593315 Can Tesco social media managers not read comment chains or something?,2006347,2006345.0,397889.0
1559420,481905,True,2017-11-04 15:56:06+00:00,@481902 @Tesco Give £4.40 to people who go into countries and Kill innocent Civilians... Yea good deed. Money should go to families who you have hurt!🇮🇪🇦🇫,1559422,1559417.0,397889.0
2008149,Tesco,False,2017-11-04 16:13:01+00:00,"@593812 Hi Ashley. I'm sorry this has been sold out. However, if you DM me your postcode I can check availability in other stores near you. - Alisha",,397958.0,397889.0
397966,484302,True,2017-11-04 16:14:29+00:00,@Tesco Deal with your shoplifters as well.,1570442,397889.0,397889.0
397970,484294,True,2017-11-04 16:49:08+00:00,@Tesco This makes me want to buy an Xbox One. At 38yrs am I too old?,"1570420,1570427,1570428,1570429",397889.0,397889.0
1570442,Tesco,False,2017-11-04 17:06:02+00:00,"@484302 Hi Alan, could you please DM us and elaborate? TY - Eve",,397966.0,397889.0
1570420,Tesco,False,2017-11-04 17:12:37+00:00,"@484294 Hey, you are never too old to be a gamer, my gran was a gamer well into her 80's. TY  - Greg","1570421,1570422",397970.0,397889.0
397975,484778,True,2017-11-04 17:16:43+00:00,@Tesco They seem to say on website not in store anyway .? Can you help,1572616,397889.0,397889.0
1572616,Tesco,False,2017-11-04 17:33:00+00:00,"@484778 Hi Michael, I'm happy to help you, what do you need help with? - Megan",1572617,397975.0,397889.0
1572617,484778,True,2017-11-04 17:37:10+00:00,@Tesco Has call of duty ww2 ran out of stock in all shops?,1572618,1572616.0,397889.0
397993,594096,True,2017-11-04 17:57:44+00:00,@Tesco Bought a copy in-store for Xbox One. Along the bottom it says requires content download? Just wondered why. https://t.co/puNm0ajkqE,2009120,397889.0,397889.0
1572618,Tesco,False,2017-11-04 17:59:19+00:00,@484778 Hi Michael. I don't think this product is out of stock in all shops. If you DM me your postcode I can check availability for you. - Alisha,,1572617.0,397889.0
397983,486872,True,2017-11-04 18:07:06+00:00,@Tesco Can i get a digital copy online?,1581535,397889.0,397889.0
398299,486147,True,2017-11-04 18:17:52+00:00,@Tesco Still in stock?,1578548,397889.0,397889.0
2009120,Tesco,False,2017-11-04 18:40:12+00:00,"@594096 Hi Steven, this refers to the content (including patches) that will be downloaded when you first install the game. Enjoy! Thanks - Dafydd",2009121,397993.0,397889.0
397984,487258,True,2017-11-04 18:51:35+00:00,@Tesco Ww2 help the heroes,1583185,397889.0,397889.0
1578548,Tesco,False,2017-11-04 18:53:50+00:00,@486147 Hi there. If you DM me your postcode I can check availability for this product in your local stores. Thank you. - Alisha.,,398299.0,397889.0
1581535,Tesco,False,2017-11-04 19:55:28+00:00,@486872 Hi Mitchell. What is it you are looking for a digital copy of? Thanks - Amanda,1581536,397983.0,397889.0
1583185,Tesco,False,2017-11-04 20:23:56+00:00,"@487258 Hi Craig, how can I help you today? Thanks - Mark",,397984.0,397889.0
1581536,486872,True,2017-11-04 20:25:15+00:00,@Tesco Call of duty ww2,1581537,1581535.0,397889.0
1581537,Tesco,False,2017-11-04 21:13:56+00:00,"@486872 Hi Mitchell, we don't have digital copies available but you can order online, Click &amp; Collect to a local store or buy in store too. TY. Mike",1581538,1581536.0,397889.0
1547060,479031,True,2017-11-05 01:13:43+00:00,@Tesco @479023 Think she missed the point you got it cheaper elsewhere 😂😂🖒,,1547058.0,397889.0
398005,493822,True,2017-11-05 02:20:54+00:00,@Tesco Bought it but theres no disc?,1607959,397889.0,397889.0
1559422,481906,True,2017-11-05 03:04:48+00:00,@481905 @481902 @Tesco @481905  IT WAS A WORLD WAR YOU TURD!!!,,1559420.0,397889.0
1607959,Tesco,False,2017-11-05 09:16:16+00:00,"@493822 Hey nick, can you please tell me what your issue is? TY - Rian",1607960,398005.0,397889.0
1555663,481061,True,2017-11-05 09:20:17+00:00,@481060 @Tesco @481057 I was just thinking the same thing,,1555662.0,397889.0
398009,596353,True,2017-11-05 09:21:47+00:00,@Tesco Is this now sold out in Newcastle and Gateshead? Click and collect say it is.,2016583,397889.0,397889.0
2006347,593317,True,2017-11-05 10:04:59+00:00,@593316 @Tesco @593315 I think that they are trained to not assume anything. They work well with facts though,,2006346.0,397889.0
1607960,493822,True,2017-11-05 10:06:21+00:00,"@Tesco Nevermind, just realised the disk is inside the case.",1607961,1607959.0,397889.0
398012,495810,True,2017-11-05 10:21:00+00:00,@Tesco When will the season pass be available for WW2,1616875,397889.0,397889.0
398011,494961,True,2017-11-05 10:22:25+00:00,@Tesco Send me a free copy,"1613385,1613387,1613388",397889.0,397889.0
1607961,Tesco,False,2017-11-05 11:30:27+00:00,@493822 Not a problem! Thanks for your time :) I do hope you have a great day - Mat,,1607960.0,397889.0
398016,374104,True,2017-11-05 11:50:26+00:00,@Tesco You joking me? I pre order this from game! £50 😭,"1077035,1077037",397889.0,397889.0
1613385,Tesco,False,2017-11-05 12:31:22+00:00,"@494961 Hi Ellis, You can buy a copy on Tesco direct for £44.00. Regards - Stacey.",1613386,398011.0,397889.0
398336,595055,True,2017-11-05 13:09:44+00:00,@Tesco Think you should put up job vacancies ... From https://t.co/96HJ7tp64k,"2012372,2012371",397889.0,397889.0
398020,495804,True,2017-11-05 13:09:50+00:00,@Tesco Ur plugging a game that doesn't even work. Not even worth £4.40 in its current state,1616837,397889.0,397889.0
1616875,Tesco,False,2017-11-05 14:04:30+00:00,"@495810 Hi Frazier, we have no plans as yet to sell this as yet. It's up to activision if they want us to sell it. Sorry!! - Bryan",1616876,398012.0,397889.0
1616876,495810,True,2017-11-05 14:06:31+00:00,@Tesco Okay thanks anyway,,1616875.0,397889.0
1616837,Tesco,False,2017-11-05 14:10:35+00:00,"@495804 Hi Robin, sorry to hear this, could you DM me a summary of your complaint please? Thanks - Peter",,398020.0,397889.0
2012371,Tesco,False,2017-11-05 14:11:48+00:00,"@595055 We advertise all of our vacancies online Johnny, you need to click on the 'Careers' section at the bottom of the home page. Thanks, Leah.",,398336.0,397889.0
2009121,594097,True,2017-11-05 14:38:59+00:00,@Tesco @594096 Because every new game needs a ridiculous day 1 patch! Gone are the days where new games just worked!,2009122,2009120.0,397889.0
398043,496477,True,2017-11-05 15:04:34+00:00,@Tesco They are out of stock,1619612,397889.0,397889.0
1555664,397271,True,2017-11-05 15:48:13+00:00,@481060 @Tesco @481057 They don’t seem to see that the tweets in reply to their own advertisement of a specific product. That all they’re all daft 😂,1555665,1555662.0,397889.0
1619612,Tesco,False,2017-11-05 16:28:45+00:00,"@496477 Hi Sulivan, I am very sorry about this. Can you please DM me your postcode so I can check out all local store for you? TY Stacey

",,398043.0,397889.0
1077035,Tesco,False,2017-11-05 16:42:42+00:00,"@374104 Hello, there! How can I help? Can you DM me your order number, full name and address please? - Dawn.","1077030,1077036",398016.0,397889.0
1077030,374104,True,2017-11-05 16:52:08+00:00,@Tesco What for? 😐,"1077031,1077032,1077029,1077033,1077034",1077035.0,397889.0
398036,366324,True,2017-11-05 17:30:12+00:00,@Tesco I would love to buy the game from Tesco for this price.... BUT EVERY STORE IS OUT OF STOCK!! 😭😭,1041493,397889.0,397889.0
398039,499724,True,2017-11-05 18:03:36+00:00,"@Tesco The price would have fallen to £22 by the time you find an online game, might as well wait.",1633288,397889.0,397889.0
1041493,Tesco,False,2017-11-05 19:53:03+00:00,"@366324 Hi Harley, if you let me know your postcode I can check stock in stores near you :). - Peter","1041494,1041490",398036.0,397889.0
1041494,366324,True,2017-11-05 19:56:29+00:00,@Tesco Poole - Dorset - BH14 ....,,1041493.0,397889.0
1633288,Tesco,False,2017-11-05 20:21:30+00:00,"@499724 Hi Chris, can you tell me what you are referring to and I can look into it for you? Thanks - Megan",1633289,398039.0,397889.0
1633289,499725,True,2017-11-05 20:55:30+00:00,"@Tesco @499724 He's referring to the fact the game is broken, the lobbies,  pre-order bonuses...its a shambles of a release! We should be paid to play it!",1633290,1633288.0,397889.0
2009122,499725,True,2017-11-05 20:57:49+00:00,@594097 @Tesco @594096 It's only 9GB 😂😂😂 for a day zero patch. And the games still broken regardless!,,2009121.0,397889.0
1581538,486873,True,2017-11-05 20:59:01+00:00,@Tesco @486872 Why did you ask what he wanted a digital copy of if your don’t do them? You could have just said you don’t do them.....👏🏻,,1581537.0,397889.0
2016583,Tesco,False,2017-11-05 20:59:42+00:00,"@596353 Hi Paul, no we seem to have plenty at our Newcastle Upon Tyne Extra and Gateshead Trinity Square Extra stores :) #HopeThisHelps - Carmello",,398009.0,397889.0
398054,506924,True,2017-11-05 21:16:49+00:00,@Tesco Sell this at tesco express?,"1662303,1662307",397889.0,397889.0
1570421,484295,True,2017-11-05 22:04:51+00:00,@Tesco @484294 Shoutout to Gregs gran,"1570423,1570424",1570420.0,397889.0
1633290,499724,True,2017-11-05 23:41:56+00:00,@499725 @Tesco Bang on.,,1633289.0,397889.0
1041490,366324,True,2017-11-06 00:08:44+00:00,"@Tesco Too late now Peter, ordered it with @115830 🙃😏","1041488,1041492",1041493.0,397889.0
398063,598665,True,2017-11-06 00:14:51+00:00,@Tesco I kinda need some help and also have some questions about the game is it disk that comes or a digital download code,2024328,397889.0,397889.0
398066,502432,True,2017-11-06 01:07:55+00:00,@Tesco Can I get a cheeky follow pls,1644031,397889.0,397889.0
1644031,Tesco,False,2017-11-06 01:14:30+00:00,@502432 Done. ;) - Danny,1644032,398066.0,397889.0
1644032,502432,True,2017-11-06 01:15:10+00:00,@Tesco BEST CUSTOMER SERVICE TEAM EVER,,1644031.0,397889.0
1041488,Tesco,False,2017-11-06 06:15:52+00:00,"@366324 Hi Harley, apologies for the delay getting back to you! I'm glad to hear that you've managed to get a copy of the game in the end. 1/2",1041489,1041490.0,397889.0
1041492,Tesco,False,2017-11-06 06:15:58+00:00,@366324 Sorry that we were unable to provide you assistants sooner. We're extremely busy at the moment! :( Regards - Isaac 2/2,,1041490.0,397889.0
1559419,481904,True,2017-11-06 06:17:10+00:00,"@481902 @Tesco What slaughtering people in India , Africa and Ireland  Not a past I'm proud of",,1559417.0,397889.0
1547062,479030,True,2017-11-06 08:07:16+00:00,@479023 @Tesco Lol dafuq,,1547059.0,397889.0
1547064,479027,True,2017-11-06 08:39:05+00:00,@Tesco @479023 You said definitely unbeatable price yet he found it at £43.51 and I know someone else seen it cheaper than £44 my pal @81190 did :D,1547069,1547061.0,397889.0
1662307,Tesco,False,2017-11-06 09:28:56+00:00,"@506924 Hi there, we do sell this in various Express stores. I can certainly check your local Express store? 1/2",,398054.0,397889.0
1662303,Tesco,False,2017-11-06 09:29:03+00:00,@506924 If you DM your postcode? I can check this out for you right away! :) Thanks - Isaac 2/2,1662304,398054.0,397889.0
1662304,506924,True,2017-11-06 09:33:21+00:00,@Tesco Wn3 5lr,"1662305,1662306",1662303.0,397889.0
1077033,Tesco,False,2017-11-06 09:52:36+00:00,"@374104 Hi. Your query appears to be related to the price of a game, my colleague was looking to find your order details for your pre order. 1/3",1620738,1077030.0,397889.0
1077031,Tesco,False,2017-11-06 09:52:39+00:00,"@374104 If you haven't place an order there’s no need to DM us, I'm sorry for any confusion caused. 2/3",,1077030.0,397889.0
1077029,Tesco,False,2017-11-06 09:52:42+00:00,@374104 If you can let me know the name of the game I can feed this back however we don't price match with other retailers. Cheers - Billy 3/3,1077028,1077030.0,397889.0
1077028,374104,True,2017-11-06 10:02:15+00:00,"@Tesco Auw, right. I bought the game from GAME for 50. Was just annoyed I could of got it cheaper from Tesco. Sorry! 🙈",1077027,1077029.0,397889.0
1077027,374104,True,2017-11-06 10:02:52+00:00,@Tesco It was COD WWll,1077026,1077028.0,397889.0
398081,509428,True,2017-11-06 10:32:00+00:00,@Tesco Can I have a follow if I buy ww2 from you? 👀😎,1674258,397889.0,397889.0
398082,508733,True,2017-11-06 11:22:01+00:00,@Tesco hi @Tesco  my mate @508735  has a negative  KD for the 1st time on COD  any chance of him getting a refund,"1671333,1671331",397889.0,397889.0
1555006,480909,True,2017-11-06 11:47:17+00:00,@Tesco @480908 No 3months memberships left now  😭😭😭,,1555005.0,397889.0
1662305,Tesco,False,2017-11-06 12:11:49+00:00,"@506924 Hi, the Pemberton Express stocks this game, however they're low in stock and it's not a guarantee they'll have anymore soon. 1/2",,1662304.0,397889.0
1662306,Tesco,False,2017-11-06 12:12:19+00:00,"@506924 The Wigan Extra store has quite a few copies left though. Best wishes, Andrea 2/2",,1662304.0,397889.0
398086,185659,True,2017-11-06 12:35:58+00:00,@Tesco Can you buy digital codes for this game at tescos,2027963,397889.0,397889.0
1077026,Tesco,False,2017-11-06 13:01:05+00:00,@374104 Hello. I'm sorry you paid more for this game and could have bought it at a cheaper price from us. I hope you are enjoying the game. Ty-Karen,,1077027.0,397889.0
1671331,Tesco,False,2017-11-06 13:28:04+00:00,"@508733 Andy mate, what are you playing at? Sort it out ASAP! - Isaac",1671332,398082.0,397889.0
1674258,Tesco,False,2017-11-06 13:50:52+00:00,@509428 Why not?! Buy it and DM me with your receipt and we'll give you a cheeky follow ;) - Bryan,1674259,398081.0,397889.0
1674259,509428,True,2017-11-06 14:03:37+00:00,@Tesco Sweet! Big up tescos,1674260,1674258.0,397889.0
2024328,Tesco,False,2017-11-06 14:03:43+00:00,"@598665 Hello, Naishad! I'm more than happy to help you! :) What game are you referring to? Do you have a catalogue number I can check? - Dawn",2024329,398063.0,397889.0
398089,599222,True,2017-11-06 14:09:54+00:00,@Tesco £49 when I preordered it online 😐,2026340,397889.0,397889.0
398244,509765,True,2017-11-06 14:24:43+00:00,"@Tesco Wish I'd bought it at Tesco, still waiting for @115830 to deliver it, 4 days after the launch date. Probably not had enough notice, I only ordered it in March.",1675535,397889.0,397889.0
1675535,AmazonHelp,False,2017-11-06 14:27:26+00:00,@509765 Hi Gordon- What was your expected delivery date? Have we missed this? ^NV,1675536,398244.0,397889.0
1675536,509765,True,2017-11-06 14:29:36+00:00,"@AmazonHelp Oh yes, expected delivery on the 3rd - and now your site says I might get it tomorrow ...might",,1675535.0,397889.0
1674260,509429,True,2017-11-06 16:23:58+00:00,@509428 @Tesco xD,,1674259.0,397889.0
1547067,479025,True,2017-11-06 16:29:14+00:00,@479024 @Tesco @479023 Classic 😂,,1547063.0,397889.0
2024329,598666,True,2017-11-06 16:35:42+00:00,"@Tesco @598665 He's on about Spyro the Dragon on PS1, he can't get online - sort it out Tesco",,2024328.0,397889.0
1671332,508734,True,2017-11-06 16:38:01+00:00,@Tesco @508733 😂😂,,1671331.0,397889.0
398097,512760,True,2017-11-06 16:54:45+00:00,@Tesco My brother hated the game can he get a refund?,"1688680,1688681,1688679",397889.0,397889.0
398367,516102,True,2017-11-06 17:06:58+00:00,@Tesco Bought this from tesco and within an hour the game and my ps4 both broke...great...,"1702262,1702263",397889.0,397889.0
398114,599221,True,2017-11-06 17:14:13+00:00,@Tesco I’m coming to buy it now,2026338,397889.0,397889.0
2026338,599221,True,2017-11-06 17:15:30+00:00,@Tesco Is it available in plympton as I live in plympton,"2026337,2026339",398114.0,397889.0
2026340,Tesco,False,2017-11-06 17:52:54+00:00,"@599222 Hi Tom, would you like us to take a look at your order? If you could DM us your name, address and order number we'll help. Best wishes. Mike https://t.co/py5Z991Bme",,398089.0,397889.0
398107,244187,True,2017-11-06 17:58:40+00:00,@Tesco I would love to buy this game but it’s old out every Tesco’s near me 😞😡,1689557,397889.0,397889.0
1547069,479028,True,2017-11-06 18:11:00+00:00,@479027 @Tesco @479023 @81190 ‘Definitive’ and unbeatable were separate tbf. Also is your ‘pal’ you? 😆 Good price though,1547070,1547064.0,397889.0
1688679,Tesco,False,2017-11-06 18:42:02+00:00,@512760 If the game is opened we are unable to provide any refunds. You can try to return it to the store and speak with the management.2/3,1688675,398097.0,397889.0
1688681,Tesco,False,2017-11-06 18:42:02+00:00,"@512760 Hi there, I'm sorry to hear that your brother didn't like the game. 1/3",,398097.0,397889.0
1688680,Tesco,False,2017-11-06 18:42:03+00:00,@512760 It is store discretion if they can help with this. I hope this helps. TY - Eve 3/3,,398097.0,397889.0
1688675,512760,True,2017-11-06 18:43:21+00:00,@Tesco What can the management do?,"1688673,1688678",1688679.0,397889.0
398253,522483,True,2017-11-06 18:50:54+00:00,"@Tesco &gt;2/2 whilst the people of France Germany the USA &amp; Australia can enter, haven’t the UK fans supported the Call Of Duty franchise enough 🤬",1727763,397889.0,397889.0
1727763,522483,True,2017-11-06 18:56:31+00:00,@Tesco Wouldn’t it be fair for UK fans to also be able to enter to win 1 of 5 CODWWII game inspired special edition Indian Motorcycles #TescoPower😉 https://t.co/MknGS8BvCA,1727761,398253.0,397889.0
2026337,Tesco,False,2017-11-06 19:26:35+00:00,"@599221 Hi there, it will be available in our larger stores in Plymouth but not in Plympton as you only have Express stores in the area. 1/2",,2026338.0,397889.0
2026339,Tesco,False,2017-11-06 19:26:37+00:00,"@599221 Can you confirm which of our larger stores is nearest you so I can check stock? Also, are you after the PC, Xbox or PS version? - Jazz 2/2",,2026338.0,397889.0
398102,159622,True,2017-11-06 19:40:49+00:00,@Tesco I ordered to collect today and it's not been delivered !:(,1714365,397889.0,397889.0
1077036,496706,True,2017-11-06 19:55:40+00:00,@Tesco @374104 She said from GAME. Not ordered the game from you Tesco.. come on I know it’s Monday but get your spectacles out 😉,,1077035.0,397889.0
1688678,Tesco,False,2017-11-06 20:10:01+00:00,"@512760 Hi Chaz, due to the game being opened there is a copyright risk involved. 1/2",,1688675.0,397889.0
1688673,Tesco,False,2017-11-06 20:10:04+00:00,@512760 It would be down to management's discretion to offer any form of replacement or refund. Hope this helps. - Peter 2/2,1688674,1688675.0,397889.0
398369,516943,True,2017-11-06 20:10:22+00:00,@Tesco Is this available in Norwich sweet briar store? I checked online and it said it’s not stocked there but I find that highly unlikely,1705538,397889.0,397889.0
1688674,512760,True,2017-11-06 20:12:12+00:00,@Tesco Yes. Expensive to let it go n not get a refund on a game u don’t like that’s all for him only owning it a day. Nevermind,1688676,1688673.0,397889.0
398106,516564,True,2017-11-06 20:14:05+00:00,@Tesco Any jobs going,1704138,397889.0,397889.0
1689557,Tesco,False,2017-11-06 20:26:15+00:00,"@244187 Hi Brad, I would like to help if I can. Can you DM me your postcode? Ty, Andy",,398107.0,397889.0
398110,517130,True,2017-11-06 20:32:26+00:00,"@Tesco What about the rest of the game? You know, what you unlock with the season pass?","1706292,1706293",397889.0,397889.0
1547066,479029,True,2017-11-06 20:49:21+00:00,@Tesco @479023 Lara sounds fit,1547071,1547061.0,397889.0
398118,517128,True,2017-11-06 20:51:33+00:00,@Tesco Is this an offer or permanent?,"1706282,1706283",397889.0,397889.0
398252,194538,True,2017-11-06 20:53:20+00:00,"@Tesco @AskPlayStation I haven’t received my 1100 cod points as well as not receiving my 8000 FIFA points, I’ve restored licenses. Spent £160",1719152,397889.0,397889.0
2027963,Tesco,False,2017-11-06 20:53:35+00:00,"@185659 Hi Element, if you're referring to digital copies of the game on Tesco Direct, then we don't have any of these available. - Mart",,398086.0,397889.0
1727761,Tesco,False,2017-11-06 20:55:42+00:00,"@522483 Hi Ian, it might be worth asking the developers about this one! We don't make Call of Duty or motorcycles, unfortunately :/ TY - George","1727760,1727762",1727763.0,397889.0
1727762,522483,True,2017-11-06 20:58:02+00:00,@Tesco I know you don’t make Motorcycles but do you do have massive buying power and that carries some influence 😉,,1727761.0,397889.0
1727760,522483,True,2017-11-06 20:59:00+00:00,@Tesco I yes I’ve asked the developers too but unlike yourselves they can’t even be bothered to reply,1727759,1727761.0,397889.0
1702262,Tesco,False,2017-11-06 21:38:35+00:00,@516102 Hi Alex. I'm sorry to hear this has happened after that long waiting for it to finally come out. 1/2,,398367.0,397889.0
1702263,Tesco,False,2017-11-06 21:38:37+00:00,"@516102 Could you please DM me your full name, address and contact details and a brief message of exactly what happened. Thanks Stuart 2/2",2028539,398367.0,397889.0
2028539,516102,True,2017-11-06 21:40:15+00:00,"@Tesco Don't worry it's an issue with my own console, not the game i bought from you, hopefully should be fixed soon, thanks anyway",,1702263.0,397889.0
1704138,Tesco,False,2017-11-06 22:11:09+00:00,@516564 Hi Ryan. You can find our job vacancies here - https://t.co/hslcaq2d5h - I hope this helps. :) - Alisha.,,398106.0,397889.0
1613386,150460,True,2017-11-06 22:15:13+00:00,@Tesco @494961 Stacey just absolutely mugged Ellis. Free drinks on me,,1613385.0,397889.0
1570422,150460,True,2017-11-06 22:15:41+00:00,@Tesco @484294 Why have you got to lie Greg?,1570425,1570420.0,397889.0
398139,524415,True,2017-11-06 22:16:09+00:00,@Tesco How come I was charged £43 on launch night and that was with £5 off with pre order,1737178,397889.0,397889.0
1705538,Tesco,False,2017-11-06 22:36:18+00:00,"@516943 Hi there, could you please let me know what product/item you are referring to? I will look into this for you. TY - Eve",1705539,398369.0,397889.0
1688676,Tesco,False,2017-11-06 22:36:57+00:00,"@512760 Hi Chaz. Sorry this hasn't been the resolution you were looking for. If you need anything else, please don't hesitate to get in touch.
Chris",1688677,1688674.0,397889.0
1705539,516943,True,2017-11-06 22:36:58+00:00,@Tesco CodWWII,1705540,1705538.0,397889.0
1688677,512760,True,2017-11-06 22:39:20+00:00,@Tesco Ok,,1688676.0,397889.0
1706293,Tesco,False,2017-11-06 22:51:16+00:00,"@517130 Hi Joseph, I'm afraid the season pass does not come with the copy of the game. 1/2",,398110.0,397889.0
1706292,Tesco,False,2017-11-06 22:51:18+00:00,@517130 On the back of the game sleeve it shows the T&amp;C of the season pass. Sorry for any disappointment this may cause. - Peter 2/2,,398110.0,397889.0
398141,523499,True,2017-11-06 22:54:13+00:00,@Tesco My pre order code didnt work ya snakes,1733205,397889.0,397889.0
1706282,Tesco,False,2017-11-06 22:59:09+00:00,@517128 Hi Josh. I am currently looking into this for you. Please bare with me while I do so. Thank you. - Alisha.,,398118.0,397889.0
398190,524612,True,2017-11-06 23:04:55+00:00,@Tesco What date is the new sims 4 for Xbox one released? 🤷🏼‍♀️,1737999,397889.0,397889.0
398117,524719,True,2017-11-06 23:50:42+00:00,@Tesco link your gb?,1738416,397889.0,397889.0
398150,521452,True,2017-11-07 00:38:02+00:00,@Tesco Cheeky follow? 😂,1723952,397889.0,397889.0
398145,526214,True,2017-11-07 00:45:00+00:00,@Tesco Is it still in stock in portadown?,"1745083,1745084",397889.0,397889.0
1714365,Tesco,False,2017-11-07 03:10:07+00:00,@159622 We'll respond as soon as we can Kirsty :) - Mart,,398102.0,397889.0
398161,523380,True,2017-11-07 05:22:24+00:00,@Tesco If I buy another copy can I get some free games aswell 😒,1732681,397889.0,397889.0
398162,524537,True,2017-11-07 05:37:12+00:00,@Tesco Be a lad and follow me would you?,1737674,397889.0,397889.0
1727759,Tesco,False,2017-11-07 06:29:08+00:00,"@522483 Hi Ian, sorry that they haven't got back to you! I hope that you manage to get through to them. :) Regards - Isaac",,1727760.0,397889.0
1719152,Tesco,False,2017-11-07 06:46:13+00:00,"@194538 Hi Jimmy, I'm afraid you'll have to contact Activision for this. Thanks - Emma",1719153,398252.0,397889.0
1719153,194538,True,2017-11-07 07:00:02+00:00,@Tesco That wasn’t meant for you,,1719152.0,397889.0
398254,526802,True,2017-11-07 07:14:21+00:00,"@Tesco Yeah, of only you could get my present ordered Scorpio Edition of the xbox one X to on launch day instead of the 8th November.......... @Tesco useless!!!absolutely disgusting, won't be using you again!","1747526,1747527",397889.0,397889.0
397904,523381,True,2017-11-07 07:33:39+00:00,@Tesco I just paid £55 pound for this game because most Tesco’s In the UK haven’t even got the game on sale,"1732686,1732687",397889.0,397889.0
398157,524199,True,2017-11-07 09:06:41+00:00,@Tesco Any reason why this was £48.00 at midnight release in store then I go onto store next day and it’s £44.00?? Not great service.,"1736277,1736278,1736279",397889.0,397889.0
1723952,Tesco,False,2017-11-07 09:26:35+00:00,"@521452 Cheeky followed, Ben! :) - Isaac",1723953,398150.0,397889.0
1723953,521452,True,2017-11-07 09:26:57+00:00,@Tesco Legends 😂😂,,1723952.0,397889.0
1737178,Tesco,False,2017-11-07 09:52:13+00:00,"@524415 Hey, Gaz! I'll gladly look into this for you if you can kindly DM me your order number, full name and address please? - Dawn",1737179,398139.0,397889.0
1737179,524415,True,2017-11-07 09:54:14+00:00,@Tesco How do I get my order number. I bought it in store on the night of release.,1737180,1737178.0,397889.0
1737674,Tesco,False,2017-11-07 10:01:23+00:00,@524537 Following :-),1737675,398162.0,397889.0
1705540,Tesco,False,2017-11-07 10:12:01+00:00,"@516943 Hi there, due to this product being on high demand we can't confirm if this product is in stock. You would need to go to the store. - David",1705541,1705539.0,397889.0
1737999,Tesco,False,2017-11-07 10:22:05+00:00,"@524612 Hi Alex, sims 4 is due to be released on 17th November. Regards - Stacey.",,398190.0,397889.0
1738416,Tesco,False,2017-11-07 10:43:12+00:00,"@524719 Hi there, how can I help you today.  TY - Paul",,398117.0,397889.0
1570425,484298,True,2017-11-07 10:45:42+00:00,"@150460 @Tesco @484294 Mans trying to flog an Xbox, allow it",1570426,1570422.0,397889.0
1555004,480910,True,2017-11-07 10:48:55+00:00,@Tesco @480908 I didn’t receive 3 months live?!,,1555002.0,397889.0
1706283,Tesco,False,2017-11-07 11:28:26+00:00,"@517128 Hi Josh, we don't know if the price will change in the future, but it's a great price for such a hotly anticipated game! Thanks - Jenny",,398118.0,397889.0
398170,523501,True,2017-11-07 11:30:37+00:00,"@Tesco I would love too, but can’t seem to get it anywhere, always out of stock",1733209,397889.0,397889.0
1570423,484296,True,2017-11-07 11:33:36+00:00,"@484295 @Tesco @484294 Init, legend😂😂",,1570421.0,397889.0
1570426,150460,True,2017-11-07 11:43:47+00:00,"@484298 @Tesco @484294 Damn, you right",,1570425.0,397889.0
398172,416173,True,2017-11-07 12:10:43+00:00,@Tesco Do you only have physical copies of the game?,1735328,397889.0,397889.0
398173,525697,True,2017-11-07 12:43:01+00:00,@Tesco i paid £48 from yous?,"1742828,1742783",397889.0,397889.0
1732687,Tesco,False,2017-11-07 12:49:39+00:00,"@523381 Hi Lestyn, thanks for getting in touch. I'm sorry the game wasn't available. I would like to log your complaint.  1/2",,397904.0,397889.0
1732686,Tesco,False,2017-11-07 12:49:41+00:00,"@523381 Can you DM me your full name, address, email and let me know what stores you looked at? Thanks - Mark 2/2",,397904.0,397889.0
1732681,Tesco,False,2017-11-07 12:57:57+00:00,"@523380 Hi there, thanks for getting in touch. I'm afraid we don't offer any free games with this title.

Thanks - Mark",,398161.0,397889.0
1733209,Tesco,False,2017-11-07 13:08:52+00:00,"@523501 Hi Aaron, I'm sorry you're unable to obtain Call Of Duty WWII. We have stock available on Tesco Direct. TY - Joanne",,398170.0,397889.0
1733205,Tesco,False,2017-11-07 13:10:46+00:00,"@523499 Hi Lewis, I do apologise about this, can you please DM us with your full name, address and order number? TY - Sheryll",,398141.0,397889.0
398179,526211,True,2017-11-07 13:22:34+00:00,@Tesco If you play call of duty world at war 1 didn’t like this game is the same,1745064,397889.0,397889.0
1735328,Tesco,False,2017-11-07 13:52:09+00:00,"@416173 Hi there, please can you elaborate what you're referring to? TY - Olivia",,398172.0,397889.0
1736279,Tesco,False,2017-11-07 14:04:47+00:00,"@524199 Hi Chris, sorry not sure why this has happened, but because of our price promise I would like to refund you the difference 1/3",,398157.0,397889.0
1736278,Tesco,False,2017-11-07 14:04:48+00:00,"@524199 Can you please DM me your name, address and email address and I can either post you a moneycard or email one to you. 2/3",1736280,398157.0,397889.0
1736277,Tesco,False,2017-11-07 14:04:51+00:00,@524199 Can you also let me know which store you are refering to. 3/3 TY - Jan,,398157.0,397889.0
1736280,524199,True,2017-11-07 14:18:05+00:00,@Tesco Have sent DM,1736281,1736278.0,397889.0
1742783,Tesco,False,2017-11-07 14:28:33+00:00,"@525697 Hi, is there something I can help you with today? Ty - Marian",1742784,398173.0,397889.0
1737675,524537,True,2017-11-07 14:39:43+00:00,@Tesco Madladdddd,,1737674.0,397889.0
398202,526469,True,2017-11-07 14:44:26+00:00,@Tesco Not available 'in store' anywhere in the country according to your website. Only next day collection.,"1746180,1746181",397889.0,397889.0
1745084,Tesco,False,2017-11-07 14:46:18+00:00,"@526214 Hi, this is stocked in Portadown, but due to the popularity of the game, we can't give accurate stock levels. 1/2",,398145.0,397889.0
1745083,Tesco,False,2017-11-07 14:46:28+00:00,"@526214 However, it is currently in stock on Tesco Direct but again, we don't have an accurate number.  TY - Jan  2/2",,398145.0,397889.0
1745064,Tesco,False,2017-11-07 14:58:23+00:00,@526211 Sorry to hear that you're not enjoying the game! Its been a real hit with some of us here. :) - Isaac,,398179.0,397889.0
1746181,Tesco,False,2017-11-07 15:24:18+00:00,"@526469 Hi Roy, this is odd. If you let me know your postcode via DM? I'll happily check the availability for you! 1/2",,398202.0,397889.0
1746180,Tesco,False,2017-11-07 15:24:26+00:00,@526469 If you could also let me know what platform you would like Call Of Duty for? Thanks - Isaac 2/2 https://t.co/py5Z991Bme,,398202.0,397889.0
1736281,Tesco,False,2017-11-07 15:25:10+00:00,"@524199 Hi Chris, I've sent you a £8.00 Tesco Moneycard arriving within 10 working days. TY - Jan",1736282,1736280.0,397889.0
1547071,433282,True,2017-11-07 15:29:12+00:00,@479029 @Tesco @479023 @69841 Lara sounds fit,,1547066.0,397889.0
1747527,Tesco,False,2017-11-07 15:51:51+00:00,"@526802 Hi Calum, I'm so sorry for any upset. I've checked the tracking for you and can see that the courier has this out for delivery today. 1/2",,398254.0,397889.0
1747526,Tesco,False,2017-11-07 15:51:54+00:00,"@526802 If you have any further bother please just get back to us, Thanks, Dee. 2/2",,398254.0,397889.0
398372,527552,True,2017-11-07 16:08:55+00:00,@Tesco You got any offers on destiny 2 expansion pass ?,"1750613,1750615",397889.0,397889.0
1736282,524199,True,2017-11-07 16:09:21+00:00,@Tesco Thank you. Much appreciated.,,1736281.0,397889.0
1737180,Tesco,False,2017-11-07 16:25:22+00:00,"@524415 Hi Gaz, Please can you let me know what store you bought this in? I'll check to see if the price has dropped in store. - Phil.","1737181,1737182",1737179.0,397889.0
398192,422831,True,2017-11-07 16:29:49+00:00,@Tesco Will you be selling the new need for speed game that cheap when it comes out next week? Or will it be over £50?,1295430,397889.0,397889.0
398193,601842,True,2017-11-07 17:03:03+00:00,@Tesco Would be great if you could actually tell me what happened to mine that I ordered. Taking hours to reply to me on dm's.,2035689,397889.0,397889.0
1742784,525697,True,2017-11-07 17:20:27+00:00,"@Tesco well i mean i paid £48 for call of duty pre order and its now com down to £44, you owe me money","1742785,1742786,1742787,1742788,1742789,1742790,1742791",1742783.0,397889.0
1737182,524415,True,2017-11-07 17:29:22+00:00,@Tesco Tesco Catterick Garrison.,,1737180.0,397889.0
1737181,524415,True,2017-11-07 17:30:07+00:00,@Tesco The price shouldn’t drop surely I bought it the nite it was released at 00:00. I still have the receipt,1737183,1737180.0,397889.0
1295430,Tesco,False,2017-11-07 17:38:19+00:00,"@422831 Hi Katie. I've had a look, and this game is going to cost £56 upon release. - Alisha.",,398192.0,397889.0
1750615,Tesco,False,2017-11-07 18:07:24+00:00,"@527552 Hi there, thanks for getting in touch. It looks like we don't sell the expansion pass for Destiny 2. 1/2",,398372.0,397889.0
1750613,Tesco,False,2017-11-07 18:07:26+00:00,@527552 I'm really sorry for any disappointment caused by this! TY - Robyn 2/2,1750614,398372.0,397889.0
1750614,527552,True,2017-11-07 18:15:12+00:00,"@Tesco No problem Robyn, thanks for reply - lil menxce",,1750613.0,397889.0
1547070,479027,True,2017-11-07 18:20:37+00:00,@479028 @Tesco @479023 @81190 Well its not one word is it lol an its a great price that's why I left a like an retweet no he isn't me tho I wish his earnings was mine lol,,1547069.0,397889.0
398213,531486,True,2017-11-07 18:28:14+00:00,@Tesco Its on DVD Or just download? On your Pages is pc DVD,1767576,397889.0,397889.0
398214,482307,True,2017-11-07 18:35:35+00:00,@Tesco Is there still 3 months Xbox live when purchasing it?,1758155,397889.0,397889.0
1767576,Tesco,False,2017-11-07 18:44:04+00:00,"@531486 Hi Roman, which movie/game are you referring to please? Thanks - Clare","1767577,1767565",398213.0,397889.0
1767565,531486,True,2017-11-07 18:46:40+00:00,"@Tesco Call od Duty for PC, sorry🙈",1767563,1767576.0,397889.0
2035689,Tesco,False,2017-11-07 19:11:35+00:00,"@601842 Hi there, I'm really sorry for the delay in getting back to you. One of my colleagues has responded to your DM. Best wishes. Mike",,398193.0,397889.0
1742785,Tesco,False,2017-11-07 19:13:38+00:00,"@525697 Hi there, we have reduced the price to match our competitors. Could you please let me know where you bought call of duty? TY - Eve",1742792,1742784.0,397889.0
1705541,516944,True,2017-11-07 19:33:18+00:00,@Tesco @516943 Helpful lol.,,1705540.0,397889.0
1737183,Tesco,False,2017-11-07 19:42:10+00:00,"@524415 Hi Gaz, did you buy Call of Duty from us? I'm afraid the price has dropped to £44 since release. Best wishes. Mike",1737184,1737181.0,397889.0
1737184,524415,True,2017-11-07 19:43:41+00:00,@Tesco Yes I got it on release night. How can it drop price between them selling it at midnight to when the store re opened at 06:00.,"1737185,1737186,1737187,1737188",1737183.0,397889.0
398221,534210,True,2017-11-07 19:45:55+00:00,@Tesco Why does it say out of stock on all postcodes ?,"1777980,1777981,1777982",397889.0,397889.0
1758155,Tesco,False,2017-11-07 19:54:09+00:00,"@482307 HI Kieran, You will get this with the Xbox one bundle that is on offer on our website. Thanks - Lee",1758156,398214.0,397889.0
1758156,482307,True,2017-11-07 19:54:37+00:00,@Tesco Can you link it to me please.,1758157,1758155.0,397889.0
1559421,481903,True,2017-11-07 20:05:14+00:00,@Tesco @481902 Why dont you do it publicly and pledge to donate a percentage? Is it because you're ashamed as you aren't donating????,,1559418.0,397889.0
1737188,Tesco,False,2017-11-07 20:54:43+00:00,"@524415 Hi Gaz, I've responded to your DM to explain our policy in more depth. Best wishes. Mike",,1737184.0,397889.0
398228,531664,True,2017-11-07 21:32:43+00:00,@Tesco £49.99 I paid yesterday??? Is this a piss take ??,"1768291,1768294",397889.0,397889.0
1077032,496703,True,2017-11-07 21:55:39+00:00,@374104 @Tesco Hahahha that’s jokes😂😂😂,,1077030.0,397889.0
1758157,Tesco,False,2017-11-07 22:00:22+00:00,"@482307 Hi Kieran, we are experiencing an issue with the 3 month Xbox Live promotion and have had to remove it until it is fixed. TY- Dave",1758158,1758156.0,397889.0
1767563,Tesco,False,2017-11-07 22:18:35+00:00,"@531486 Hi Roman, I've asked whether you'll receive a disc or digital download and we'll tweet you again once we know :). Best wishes. Mike",1767564,1767565.0,397889.0
1758158,482307,True,2017-11-07 22:19:22+00:00,@Tesco Any ideas when this could be?,1758159,1758157.0,397889.0
1767564,531486,True,2017-11-07 22:22:19+00:00,@Tesco Thank you👍,1767566,1767563.0,397889.0
1768291,Tesco,False,2017-11-07 22:43:50+00:00,"@531664 Hi Lisa, sorry to hear this. How can I help? Thanks - Mark",1768292,398228.0,397889.0
1758159,Tesco,False,2017-11-07 23:36:17+00:00,"@482307 Hi Kieran, unfortunately we don't have a time frame for this. I am sorry :( - Ceri",,1758158.0,397889.0
1041489,366325,True,2017-11-07 23:42:19+00:00,@Tesco @366324 ^Lowkey pissed,1041491,1041488.0,397889.0
1777982,Tesco,False,2017-11-08 00:38:19+00:00,"@534210 Hi Jake, I'm sorry you're having difficulties finding an item online 1/2",,398221.0,397889.0
1777981,Tesco,False,2017-11-08 00:38:23+00:00,@534210 Can you please let me know what it is you're looking for and your postcode so I can help? 2/2,,398221.0,397889.0
1777980,Tesco,False,2017-11-08 00:44:43+00:00,@534210 If you could DM this info that would be great. Thank you - Aneurin,,398221.0,397889.0
1742786,525704,True,2017-11-08 00:50:33+00:00,@525697 @Tesco Are you seriously bitching about £4?,,1742784.0,397889.0
1742792,525697,True,2017-11-08 04:08:06+00:00,@Tesco tesco..,"1742793,1742794",1742785.0,397889.0
1742793,Tesco,False,2017-11-08 05:20:23+00:00,"@525697 Hi there, could you tell me if you bought the game in store or online? TY - Paul",1742795,1742792.0,397889.0
1742787,525705,True,2017-11-08 06:20:56+00:00,@525697 @Tesco It's 4 quid you tight cunt 🤣,,1742784.0,397889.0
398258,621146,True,2017-11-08 09:50:43+00:00,@Tesco Is this all Tesco’s ? Including the little Tesco expresses? Or just big Tesco? Is this cheaper then Asda and Sainsbury’s then,"2103833,2103838",397889.0,397889.0
1742788,525706,True,2017-11-08 10:18:33+00:00,"@525697 @Tesco 4 quid you tight cunt, I'd be embarrassed to even tweet that",1742812,1742784.0,397889.0
1767566,Tesco,False,2017-11-08 10:21:16+00:00,"@531486 Hey, Roman! I can now advise that this product is in fact a physical disc for the PC. Hope this helps :) - Dawn","1767567,1767568,1767569",1767564.0,397889.0
1737185,524416,True,2017-11-08 10:43:49+00:00,@524415 @Tesco Ah gazza they mugged u off lol shall we plan heist,,1737184.0,397889.0
1742789,524416,True,2017-11-08 10:44:08+00:00,@525697 @Tesco Shutup you don't get how price work,,1742784.0,397889.0
1742794,525703,True,2017-11-08 11:19:31+00:00,"@525697 @Tesco ""I bought CoD from Sainsbury's that's why I'm tweeting Tesco"" 👏👏",1742810,1742792.0,397889.0
1742810,Tesco,False,2017-11-08 11:25:10+00:00,@525703 Hi can you confirm if this item was purchased in-store or on-line? TY - Joanne,1742811,1742794.0,397889.0
1742811,525703,True,2017-11-08 11:31:11+00:00,@Tesco *face palm*,,1742810.0,397889.0
2103838,Tesco,False,2017-11-08 12:12:39+00:00,@621146 Hi Edward Yes this can be bought on-line or in any Tesco Extra or Superstores for £44. 1/1,,398258.0,397889.0
2103833,Tesco,False,2017-11-08 12:12:40+00:00,@621146 Can you please send me your postcode so we can check availability of this product in your local stores for you. TY - Ian,2103834,398258.0,397889.0
1768292,531664,True,2017-11-08 12:28:52+00:00,@Tesco Give me my bloody money back!! Can’t advertise it £44 on line then £49.99 in the shop 😂,1768293,1768291.0,397889.0
1768293,Tesco,False,2017-11-08 12:31:15+00:00,"@531664 Hi Lisa, please return to our store with your receipt for a refund for double the difference of the overcharge - Laura :)",,1768292.0,397889.0
398268,621658,True,2017-11-08 12:42:45+00:00,"@Tesco Hi, the allies keep winning when I play. Is there any way to change this?",2106301,397889.0,397889.0
1555665,481062,True,2017-11-08 12:55:53+00:00,@397271 @481060 @Tesco @481057 Ikr,,1555664.0,397889.0
1767569,531486,True,2017-11-08 13:00:59+00:00,@Tesco really? great news. because when I ordered it I got just the code. can I get a SKU? or link?,,1767566.0,397889.0
1767567,531486,True,2017-11-08 13:02:07+00:00,@Tesco Or EAN?,,1767566.0,397889.0
1767568,531486,True,2017-11-08 13:09:35+00:00,@Tesco Pls check it,1767570,1767566.0,397889.0
2106301,Tesco,False,2017-11-08 13:13:13+00:00,@621658 Aye? Am I missing something? #TalkToMe - Leighton,,398268.0,397889.0
1742795,525697,True,2017-11-08 13:14:10+00:00,"@Tesco online, hence the pre-order tweet","1742796,1742797,1742798",1742793.0,397889.0
2103834,621146,True,2017-11-08 15:07:00+00:00,@Tesco Wd24,"2103835,2103836,2103837",2103833.0,397889.0
1742797,Tesco,False,2017-11-08 15:26:53+00:00,"@525697 Hi, I do apologise about this, can you please DM us with your full name, address and also order number? TY - Sheryll",1742800,1742795.0,397889.0
398291,623715,True,2017-11-08 15:40:08+00:00,@Tesco They didn’t have any in store when I went into 2 Tesco’s yesterday...,2115798,397889.0,397889.0
1041491,366326,True,2017-11-08 15:55:45+00:00,@366325 @Tesco @366324  https://t.co/NnIQnp3xXj,,1041489.0,397889.0
1767570,Tesco,False,2017-11-08 16:22:21+00:00,"@531486 Hi Roman, I do apologise about this, can you please get back to us with your full name, address and also order number? TY - Sheryll","1767571,1767572",1767568.0,397889.0
2103837,Tesco,False,2017-11-08 16:23:43+00:00,"@621146 Hi Edward, I've had a quick look into this for you. We have 40+ of the Xbox &amp; PS4 version in the Watford Extra. 1/3",,2103834.0,397889.0
2103836,Tesco,False,2017-11-08 16:23:46+00:00,"@621146 There is stock in some Express stores within a few miles but the stock levels are in single digits, I suggest using the Extra store. 2/3",,2103834.0,397889.0
2103835,Tesco,False,2017-11-08 16:23:48+00:00,@621146 Please let me know if you would like me to check any of these Express stores. Lawrence  3/3,,2103834.0,397889.0
1767572,531486,True,2017-11-08 16:26:17+00:00,@Tesco Sure but this review is not mine. I had preordered 4 days ago.,,1767570.0,397889.0
1767571,531486,True,2017-11-08 16:27:26+00:00,@Tesco Order number 4NTQJNFTC on name Z. Krouzkova,1767573,1767570.0,397889.0
1742796,525698,True,2017-11-08 16:38:36+00:00,@525697 @Tesco You know their customer service cares when every message is from a different person,1742799,1742795.0,397889.0
1742800,525699,True,2017-11-08 17:06:02+00:00,@Tesco @525697 Hi Sheryll can I also do this please? I did the same.,1742801,1742797.0,397889.0
398283,626261,True,2017-11-08 17:18:41+00:00,@Tesco Sold out🤷🏻‍♂️,2126930,397889.0,397889.0
1570424,484297,True,2017-11-08 17:20:14+00:00,@484295 @Tesco @484294 😂😂,,1570421.0,397889.0
2115798,Tesco,False,2017-11-08 17:26:18+00:00,"@623715 Hi Benji, our Loughborough Extra and Superstore are expecting a new Call of Duty delivery today. Hope this helps :). - Peter",2115799,398291.0,397889.0
398280,626277,True,2017-11-08 17:30:09+00:00,@Tesco Hi tesco i pre ordered micro machines last week and it hasnt come ?,2127018,397889.0,397889.0
1767573,Tesco,False,2017-11-08 17:42:33+00:00,"@531486 Hi Roman, thanks for getting back to me, can you please advised if you've received your order and everything is fine with it. TY - Sheryll",1767574,1767571.0,397889.0
2115799,623715,True,2017-11-08 17:46:36+00:00,@Tesco Too late I went to Morrison’s picked up the last one I was not happy though before picking it up,2115800,2115798.0,397889.0
1742790,525708,True,2017-11-08 18:00:32+00:00,@525697 @Tesco Actually they owe you nothing,1742814,1742784.0,397889.0
1767574,531486,True,2017-11-08 18:03:38+00:00,"@Tesco So I have to order again, and should the DVD arrive?",1767575,1767573.0,397889.0
398298,626265,True,2017-11-08 18:05:10+00:00,@Tesco This showed up in my feed as a promoted tweet. Can I just say I think this game is incredibly tasteless given how many died in WW2. Timing really poor also.,"2126940,2126946,2126947",397889.0,397889.0
2127018,Tesco,False,2017-11-08 18:31:03+00:00,"@626277 Hi Danny, I do apologise about this, can you please DM us with your full name, address and also order number? TY - Sheryll",,398280.0,397889.0
2115800,Tesco,False,2017-11-08 18:41:50+00:00,"@623715 Sorry about that Benji, the game is very popular and sold out very quickly. I am however glad you managed to pick up a copy though :) -Peter",2115801,2115799.0,397889.0
2126946,Tesco,False,2017-11-08 18:46:57+00:00,"@626265 Hi there, I'm sorry to hear you're not happy with this product. I'd like to log your comments for internal review. 1/2",,398298.0,397889.0
2126940,Tesco,False,2017-11-08 18:46:59+00:00,@626265 Can you DM your full name and address or email address please? Thanks - Jazzie 2/2 https://t.co/py5Z991Bme,2126941,398298.0,397889.0
2126930,Tesco,False,2017-11-08 18:53:06+00:00,"@626261 Hi Charlie, can you please DM me your postcode and I will check the surrounding areas for you? Thanks, Megan",,398283.0,397889.0
2126941,626265,True,2017-11-08 19:02:07+00:00,"@Tesco Hi...ok. It's just my own personal opinion that's all, it showed up in my news feed. I know it's not Tesco's fault, the timing just feels a bit tasteless to me.",2126942,2126940.0,397889.0
1767575,Tesco,False,2017-11-08 19:17:49+00:00,"@531486 Hi Roman, the DVD should've been included in the order you've made. Could you DM us the billing address so we can check? TY. Mike https://t.co/py5Z991Bme",,1767574.0,397889.0
1077034,496705,True,2017-11-08 19:46:07+00:00,@374104 @Tesco LMAO THE GIRL SAID FOR WHAT,,1077030.0,397889.0
2115801,496705,True,2017-11-08 19:46:45+00:00,@Tesco @623715 Don't lie peter you must be heart broken,,2115800.0,397889.0
1742798,525702,True,2017-11-08 19:58:30+00:00,@525697 @Tesco are you really getting racked over 4 quid,1742809,1742795.0,397889.0
1737186,156278,True,2017-11-08 20:07:03+00:00,"@524415 @Tesco This is just crappy.... they are fobbing off the biggest fans and charging them the most, then reducing it in price for everyone else. #tescofail",1737189,1737184.0,397889.0
398304,627609,True,2017-11-08 20:09:34+00:00,@Tesco Best cod ever!,2132949,397889.0,397889.0
2132949,Tesco,False,2017-11-08 20:12:23+00:00,"@627609 Hi Dean, I take it you've either had a great meal or you are enjoying Call of Duty WWII? Cheers, Paul.",,398304.0,397889.0
398306,627600,True,2017-11-08 20:18:37+00:00,@Tesco Can I get a copy for pc too?,2132914,397889.0,397889.0
2132914,Tesco,False,2017-11-08 20:21:04+00:00,"@627600 Yes Omar, we do sell the Call of Duty on PC. TY - Jayne",2132912,398306.0,397889.0
1737189,524415,True,2017-11-08 20:21:28+00:00,@156278 @Tesco It’s disgusting charged me full price at midnight then store re opens at 6:00 and it’s cheaper,,1737186.0,397889.0
1742809,525697,True,2017-11-08 20:24:49+00:00,"@525702 @Tesco wouldnt go as far that, however moneys money, if ive overpaid for something i expect something to do be done",,1742798.0,397889.0
1742799,525697,True,2017-11-08 20:25:06+00:00,@525698 @Tesco hahahaha,,1742796.0,397889.0
1742814,525697,True,2017-11-08 20:25:20+00:00,@525708 @Tesco elaborate?,"1742815,1742816",1742790.0,397889.0
2132912,627600,True,2017-11-08 20:26:06+00:00,@Tesco Thx for the fast response,"2132911,2132913",2132914.0,397889.0
1742816,525708,True,2017-11-08 20:30:00+00:00,@525697 @Tesco Prices change all the time its the way its done if you played 48 and the price goes down 3 days later you can't say they owe you cash its not tescos fault the,1742817,1742814.0,397889.0
2132911,Tesco,False,2017-11-08 20:31:40+00:00,"@627600 You're welcome Omar. If there is anything else I can help you with, please contact me back. TY - Jayne",,2132912.0,397889.0
1742815,525708,True,2017-11-08 20:32:01+00:00,@525697 @Tesco If they put it at 48 on release but the actual price was 44 you can argue they were at fault,,1742814.0,397889.0
1742791,525709,True,2017-11-08 20:36:56+00:00,@525697 @Tesco They dont owe you anything as all the businesses using pricing-strategies and pre-orders usually more expensive...,1742824,1742784.0,397889.0
398317,629529,True,2017-11-08 20:46:31+00:00,@Tesco For how long tho?🤔,2140762,397889.0,397889.0
1742817,525697,True,2017-11-08 21:08:19+00:00,"@525708 @Tesco before you carry on just know, i know someone that works there and got his money back, doing the exact same as me..",1742818,1742816.0,397889.0
398025,629519,True,2017-11-08 21:08:35+00:00,@Tesco Our Hudads just got it from you!,2140711,397889.0,397889.0
1742824,525697,True,2017-11-08 21:08:53+00:00,"@525709 @Tesco clearly youre unaware of their brand guarantee then, they price match, hence they owe money out",1742825,1742791.0,397889.0
398021,629512,True,2017-11-08 21:17:33+00:00,@Tesco Have you still got coconut milk on offer,"2140679,2140682",397889.0,397889.0
1742812,525707,True,2017-11-08 21:24:56+00:00,@525706 @525697 @Tesco Let's all have a whip round to get him his £4 back,1742813,1742788.0,397889.0
398318,629498,True,2017-11-08 21:40:49+00:00,"@Tesco Is it true that £40 out of every £44 goes to @454494 ? That's what I've been told, but just wanted to check.","2140637,2140638",397889.0,397889.0
398309,629509,True,2017-11-08 21:49:58+00:00,@Tesco I love the sniper rifle 😆😆😆😆,2140672,397889.0,397889.0
1742818,525708,True,2017-11-08 21:57:26+00:00,@525697 @Tesco Doubt it if that was true everyone can say they that played to much when price drops again,"1742819,1742820",1742817.0,397889.0
1742820,525708,True,2017-11-08 21:57:57+00:00,@525697 @Tesco Payed,,1742818.0,397889.0
2140762,Tesco,False,2017-11-08 22:21:03+00:00,"@629529 Hi Hayden, for as long as we can. If your looking to pick this up I'd be more than happy to look for  yourself. Thanks - Lee",2140763,398317.0,397889.0
1742825,525709,True,2017-11-08 22:25:39+00:00,"@525697 @Tesco Its the company’s right to change the price whenever they want. People who bought the iPhone X for a £1000now, they won’t complain about it next year if Apple’ll decrease it’s price because of a new phone coming out.",1742826,1742824.0,397889.0
2140711,Tesco,False,2017-11-08 22:31:10+00:00,@629519 Hi Brampton and Carragher I hope your hudads enjoy it! Might I suggest this game for you two good boys? https://t.co/Q5ltkBT6Ty - Peter,2140712,398025.0,397889.0
2140682,Tesco,False,2017-11-08 22:39:46+00:00,"@629512 Hi there, thank you for getting in touch with us. 1/2",,398021.0,397889.0
2140679,Tesco,False,2017-11-08 22:39:49+00:00,@629512 Could you please confirm which coconut milk you are referring to? Is it this one https://t.co/hCstkCOXr6 ? TY - Eve 2/2,2140680,398021.0,397889.0
2140672,Tesco,False,2017-11-08 22:41:49+00:00,"@629509 Hi James, thanks for letting us know you are enjoying the game. Have a good night :) Regards, Andy",,398309.0,397889.0
2140637,Tesco,False,2017-11-08 22:48:44+00:00,"@629498 Hi Michael, I'd be happy to find this out for you. If you bear with me a little while I'll reply to you once I have an answer :). - Peter",,398318.0,397889.0
2140763,629529,True,2017-11-08 22:49:01+00:00,"@Tesco Cheers Lee, will pop in soon👍🏻",,2140762.0,397889.0
398341,636419,True,2017-11-08 22:54:31+00:00,@Tesco Opinion please.     I love MW3 on PS3 best.  Is this game worth me buying a PS4 for it?,2169503,397889.0,397889.0
398326,632385,True,2017-11-08 22:59:05+00:00,"@Tesco Be nice if my local store had any, as it's a good price, plenty of season passes in stock, judging from the amount of dummy season pass boxes that ol are on the shelves. But no actual full game. 😂😂😂 Lucky it just over the road from work.",2152018,397889.0,397889.0
1547068,479026,True,2017-11-08 23:11:57+00:00,@479024 @Tesco @479023 LOL READIG THESE TWEET REPLIES ARE SO FUCKING FUNNY,,1547063.0,397889.0
2140712,629519,True,2017-11-08 23:37:36+00:00,@Tesco 👍🤣Very good!!!!!!,,2140711.0,397889.0
2152018,Tesco,False,2017-11-09 01:47:06+00:00,@632385 Please can you elaborate further in a  DM Gareth? TY - Jayne https://t.co/py5Z991Bme,,398326.0,397889.0
1742819,525697,True,2017-11-09 02:07:04+00:00,"@525708 @Tesco considering i was there, i know where i stand, you’re deluded and they’ve dm’d me telling me im liable the difference",1742821,1742818.0,397889.0
1742826,525697,True,2017-11-09 02:07:43+00:00,@525709 @Tesco tesco’s t&amp;c’s state and price changes within 28 days are refunded the difference,1742827,1742825.0,397889.0
1742821,525708,True,2017-11-09 02:07:55+00:00,@525697 @Tesco mhmmmm,1742822,1742819.0,397889.0
1742813,525697,True,2017-11-09 02:08:42+00:00,"@525707 @525706 @Tesco tags his boys in order for likes, pure weapon, on ya bike",,1742812.0,397889.0
1742822,525697,True,2017-11-09 02:09:23+00:00,"@525708 @Tesco 32 years of age and youre in my mentions over something that doesnt even concern you, fuck off",1742823,1742821.0,397889.0
1742823,525708,True,2017-11-09 02:10:13+00:00,@525697 @Tesco chips with that salt lol?,,1742822.0,397889.0
2169503,Tesco,False,2017-11-09 04:20:52+00:00,"@636419 Hi There, that's a toughie. But I should start by asking which game? Cheers, Paul",,398341.0,397889.0
2140680,629512,True,2017-11-09 06:14:06+00:00,@Tesco Yes that’s the one,2140681,2140679.0,397889.0
2140681,Tesco,False,2017-11-09 06:30:26+00:00,"@629512 Hi there, I can confirm that this is on offer for 2 for £2.00. Please note that this will end on the 28/12/17. Regards - Isaac",,2140680.0,397889.0
398348,375647,True,2017-11-09 08:51:26+00:00,@Tesco Mine was £48 pre order.,2171409,397889.0,397889.0
398349,636893,True,2017-11-09 09:54:31+00:00,@Tesco Not in Leamington or Warwick stores 🤷🏻‍♂️,2171506,397889.0,397889.0
1620738,496704,True,2017-11-09 10:12:12+00:00,"@Tesco @374104 Oh Tesco, you're so silly. @141503",,1077033.0,397889.0
1547065,479023,True,2017-11-09 10:28:05+00:00,@Tesco I plan to.,,1547061.0,397889.0
2171506,Tesco,False,2017-11-09 10:43:35+00:00,"@636893 Hi there, I don't seem to follow. What isn't in the Leamington or Warwick stores? - David",2171505,398349.0,397889.0
2171505,636893,True,2017-11-09 10:54:08+00:00,@Tesco I’m reply to a tweet of yours that states you have CoD in-store. Are you new to twitter? It wasn’t that hard to follow,2171504,2171506.0,397889.0
398347,636890,True,2017-11-09 11:10:34+00:00,@Tesco When can I collect my free copy ? 😚 #Asdasucks,2171499,397889.0,397889.0
2171499,Tesco,False,2017-11-09 11:15:21+00:00,"@636890 Good try Gareth, if I could arrange it for you I would but that won't make me very popular. Got a friend's copy you can 'borrow'? - Leah",2171498,398347.0,397889.0
2171498,636890,True,2017-11-09 11:18:54+00:00,"@Tesco You'll always be popular in my eyes sweet cheeks. Worth a try, I'll just add it to the Christmas list 😔. #Morrionssucktoo",2171497,2171499.0,397889.0
2171504,Tesco,False,2017-11-09 11:39:21+00:00,"@636893 Hi, Sorry about that are you looking for COD in the Leamington or Warwick stores?  TY - Paul",,2171505.0,397889.0
2171497,Tesco,False,2017-11-09 11:45:21+00:00,"@636890 Awww Gareth, you're my favourite customer :) I'm sure you won't miss out altogether. Have a good one, Leah. #YoureTheBest",,2171498.0,397889.0
2171409,Tesco,False,2017-11-09 12:31:05+00:00,"@375647 Hi Ross, I do apologise about this, can you please DM us with your full name, address and order number? TY - Sheryll",2171410,398348.0,397889.0
2171410,636871,True,2017-11-09 13:04:53+00:00,@Tesco @375647 Only virgins play games real man play with women,,2171409.0,397889.0
398343,638101,True,2017-11-09 13:06:21+00:00,@Tesco dose the disc come with season pass????,2177061,397889.0,397889.0
1737187,524417,True,2017-11-09 13:08:29+00:00,@524415 @Tesco Stop crying about a couple of quid you tight bastard,,1737184.0,397889.0
398350,151210,True,2017-11-09 13:15:22+00:00,"@Tesco If it was in stock, that'd probably help.",2747074,397889.0,397889.0
2177061,Tesco,False,2017-11-09 14:54:47+00:00,"@638101 Hi Kenny, I'm sorry but unfortunately the game does not come with season pass. Ty - Brian",,398343.0,397889.0
2747074,Tesco,False,2017-11-09 15:15:06+00:00,"@151210 Hi there, If you DM me your post code I can check when this will next be available. Ty, Andy",,398350.0,397889.0
2140638,Tesco,False,2017-11-09 15:54:13+00:00,"@629498 Hi Michael, 100% of funds raised in our Scottish stores goes to Poppy Scotland. TY - Rhuari",2176908,398318.0,397889.0
398352,639924,True,2017-11-09 16:13:43+00:00,@Tesco Hey @Tesco why you lying?? https://t.co/aRalbeUm5u,2184965,397889.0,397889.0
398354,639922,True,2017-11-09 17:33:19+00:00,@Tesco Is this available in Coatbridge Tesco,2184961,397889.0,397889.0
2184961,Tesco,False,2017-11-09 17:56:12+00:00,"@639922 Yes, Zach our Coatbridge store are selling Call of Duty. TY - Jayne","2184960,2184962",398354.0,397889.0
2184960,639922,True,2017-11-09 18:06:00+00:00,@Tesco Yeah isit in stock but?,2184959,2184961.0,397889.0
2184959,Tesco,False,2017-11-09 18:11:25+00:00,@639922 Which console would you like Zach? TY - Jayne,2184958,2184960.0,397889.0
2184958,639922,True,2017-11-09 18:12:36+00:00,@Tesco PS4,2184957,2184959.0,397889.0
2184965,Tesco,False,2017-11-09 18:38:18+00:00,"@639924 Hi Georgia, can you please elaborate #HappyToHelp - Julie",,398352.0,397889.0
2184957,Tesco,False,2017-11-09 18:39:51+00:00,@639922 Our systems are showing the Coatbridge store have stock of the game Zach. TY - Jayne,,2184958.0,397889.0
2176908,629498,True,2017-11-09 19:11:57+00:00,@Tesco Thanks,2176909,2140638.0,397889.0
2176909,Tesco,False,2017-11-09 19:40:10+00:00,"@629498 No worries. If there's anything else, please do get back in touch. TY - Rhuari",,2176908.0,397889.0
2132913,406258,True,2017-11-09 21:04:15+00:00,"@627600 @Tesco Don’t bother. Get it on Steam. Discs are dead, no need for them. I don’t have a CD drive.",,2132912.0,397889.0
398359,210216,True,2017-11-09 21:26:19+00:00,@Tesco I didnt see these in my local tescos?,398400,397889.0,397889.0
397885,210210,True,2017-11-09 21:42:21+00:00,@Tesco By definitive do you mean American?,397883,397889.0,397889.0
398400,Tesco,False,2017-11-09 22:49:12+00:00,"@210216 Hi David. I'm sorry to hear this! If you'd like to send in DM with your postcode, I'll be more than happy to check availability in your area. Thanks - Chris. https://t.co/py5Z991Bme",,398359.0,397889.0
397883,Tesco,False,2017-11-09 22:53:48+00:00,"@210210 Hi Tom, can you elaborate further? Kind regards - Rhys",397884,397885.0,397889.0
1767577,668337,True,2017-11-09 23:32:20+00:00,@Tesco @531486 He's replying on a call of duty promo page Clare. Get a grip like,,1767576.0,397889.0
1742801,525700,True,2017-11-09 23:45:55+00:00,@525699 @Tesco @525697 Pre-order is always more expensive... of course the price would come down-_-,1742802,1742800.0,397889.0
1742827,525710,True,2017-11-10 00:06:07+00:00,@525697 @525709 @Tesco They don’t owe u shit y u crying over £4 ffs,,1742826.0,397889.0
2126942,525710,True,2017-11-10 00:12:42+00:00,@626265 @Tesco It’s been in the making for 3 years and cod always comes out 3/4th nov every year your talking shit mate,2126943,2126941.0,397889.0
398361,647721,True,2017-11-10 00:50:58+00:00,"@Tesco I need help tesco, immediatly",2217043,397889.0,397889.0
2217043,Tesco,False,2017-11-10 06:07:00+00:00,"@647721 Hi Stephin, how is it we can help? TY - Olivia",,398361.0,397889.0
2126943,626265,True,2017-11-10 06:43:37+00:00,"@525710 @Tesco I don't know who you are and I was just expressing my opinion, which I'm just as entitled to as you are. I just saw the ad in my newsfeed from Tesco and said what I thought. My own personal view is it's disrespectful, if others disagree, fine.",2126944,2126942.0,397889.0
397884,210210,True,2017-11-10 07:12:31+00:00,@Tesco You describe it as the definitive WWII campaign but it is told almost exclusively from an American view with little regard for historical accuracy which is something of a departure from earlier Call of Dutys set in the same period.,397886,397883.0,397889.0
397886,Tesco,False,2017-11-10 08:20:04+00:00,"@210210 Hi there, that description of the game is not actually made by Tesco. I have checked other sites and the description is the same. This description has been produced from the creators of the game and not retailers selling it. Thanks, Calum",397887,397884.0,397889.0
397887,210210,True,2017-11-10 09:01:05+00:00,@Tesco So if your suppliers told you to market courgettes as the 'definitive zucchini experience' you'd be duty bound to comply?,397888,397886.0,397889.0
397888,Tesco,False,2017-11-10 10:18:21+00:00,"@210210 The retailer have given this description of a game that they have created, who are we to tell them different? Enjoy the gamer - Leighton",,397887.0,397889.0
1742802,525697,True,2017-11-10 13:33:29+00:00,"@525700 @525699 @Tesco shut the fuck up idiot, no it isnt..",1742803,1742801.0,397889.0
398368,656408,True,2017-11-10 15:29:24+00:00,@Tesco How come its £44 but i got charged £48?,2253280,397889.0,397889.0
1742803,525700,True,2017-11-10 17:32:08+00:00,@525697 @525699 @Tesco Nibble nibble 😩😩,1742804,1742802.0,397889.0
1742804,525697,True,2017-11-10 18:16:54+00:00,@525700 @525699 @Tesco not even ganna mention how clapped you look bye,"1742805,1742806",1742803.0,397889.0
2126944,525710,True,2017-11-10 19:29:17+00:00,@626265 @Tesco Mate let’s cancel England vs Germany footy match today coz the timing is disrespectful and tasteless 😂👍🏼,2126945,2126943.0,397889.0
2253280,Tesco,False,2017-11-10 20:29:58+00:00,"@656408 Hi Kieron, can you please DM your full name, address &amp; order no? I will then look at your order and get back to you. Kind regards - Andy S",,398368.0,397889.0
398371,659560,True,2017-11-10 21:29:36+00:00,@Tesco Bought it this evening in store but payed £48 for it??,2265952,397889.0,397889.0
1742806,525700,True,2017-11-10 22:30:21+00:00,@525697 @525699 @Tesco Getting personal😩😩😩 nibble nibble 😩😩😩,1742808,1742804.0,397889.0
1742805,525701,True,2017-11-10 22:33:59+00:00,"@525697 @525700 @525699 @Tesco Insult me fella @525697 , yet you look like an absolute bellend with a mirror selfie you nonce.",1742807,1742804.0,397889.0
2184962,639940,True,2017-11-11 02:23:02+00:00,@Tesco @639922 It's 48 in Tesco liars,,2184961.0,397889.0
2265952,Tesco,False,2017-11-11 02:58:41+00:00,"@659560 Hi Abigail, thanks for taking the time to contact us. Could you please DM me and elaborate on your comment including the product that your are referring to? TY - Paul",,398371.0,397889.0
1742807,525697,True,2017-11-11 04:08:40+00:00,"@525701 @525700 @525699 @Tesco deek you man you fucking weapon, ad be livid if a came out looking like ye, ya fucking melt",,1742805.0,397889.0
1742808,525697,True,2017-11-11 04:09:47+00:00,"@525700 @525699 @Tesco comes into my mentions when wasnt adressed, typical fucking moron",,1742806.0,397889.0
2126945,626265,True,2017-11-11 11:12:19+00:00,"@525710 @Tesco Oh God are you still going on. Get a life, it was a throwaway comment on something. I couldn't give a toss what you think. Just go away now please.",,2126944.0,397889.0
398376,766086,True,2017-11-20 14:43:56+00:00,@Tesco What's going on with this? Has the price increased again. Why does everywhere say £48,2733083,397889.0,397889.0
2733083,Tesco,False,2017-11-20 16:26:33+00:00,"@766086 Hi Jack, this game was originally sold as part of a promotion which has unfortunately ended! If you would like to confirm your full name, email and address in a DM I'd be happy to log your complaint for you? TY - Struan https://t.co/py5Z991Bme",2733084,398376.0,397889.0
2733084,766086,True,2017-11-20 17:28:36+00:00,"@Tesco That's alright, I can't complain about a promotion ending, I should have been quicker!",2733085,2733083.0,397889.0
2733085,Tesco,False,2017-11-20 17:45:23+00:00,"@766086 I hope you can get the best deals next time! :) Keep an eye out for the Black Friday event, too! - Robyn",,2733084.0,397889.0
411451,119625,True,2017-09-28 11:30:18+00:00,"Aww, it’s little Sheldon Cooper! @12327  Watch Season 1: https://t.co/eORxbraO9N. https://t.co/lfZ82oy6XX",411450,,411451.0
411450,207104,True,2017-10-10 00:07:45+00:00,@119625 @12327 we are all waiting for its second episode. don't when @119625 is droping this.,411449,411451.0,411451.0
411449,AmazonHelp,False,2017-10-10 00:15:06+00:00,@207104 We haven't made an announcement on that yet. Stay tuned to our website for further updates. ^HD,,411450.0,411451.0
420087,206132,True,2017-10-10 05:40:07+00:00,@115850 i still dont see the refund in my statement...i  want it now https://t.co/ARhkHNg2JR,420086,,420087.0
420086,AmazonHelp,False,2017-10-10 06:19:33+00:00,@206132 Sorry about that. Kindly get in touch with us here: https://t.co/6O3H52UAvn and we’ll be glad to help you. ^NS,,420087.0,420087.0
420307,169939,True,2017-10-10 06:24:33+00:00,@115821 my prime now order never came :(,420306,,420307.0
420306,AmazonHelp,False,2017-10-10 06:31:12+00:00,@169939 I'm sorry for the wait. What order status and delivery date(s) are you currently seeing here: https://t.co/Y5jpI9gRhE  ? ^KM,,420307.0,420307.0
422505,215626,True,2017-10-10 09:44:20+00:00,Amazonプライム会員解約してなくて年会費取られてる_(:3」∠)_ はあああああああああああ,422504,,422505.0
422504,AmazonHelp,False,2017-10-10 09:50:00+00:00,@215626 プライムの年会費請求から特典の利用がない場合は、キャンセル・全額返金が可能です。https://t.co/JrKFIybs6n 意図しない更新のご様子ですが、継続して特典をご活用いただけたら幸いです。https://t.co/FJh7vAncqv RI,,422505.0,422505.0
425177,216160,True,2017-11-20 18:25:34+00:00,@115830 I’m a prime member and ordered an item with a delivery date of today and the item hasn’t even been dispatched yet?! What’s going on??,425174,,425177.0
425174,AmazonHelp,False,2017-11-20 18:31:01+00:00,@216160 Items can be dispatched and delivered on the expected day of delivery. Deliveries can be made up to 21:00. Keep us updated on its arrival! ^ZW,"425175,425176",425177.0,425177.0
425175,216160,True,2017-11-20 22:25:34+00:00,"@AmazonHelp Unfortunately it was delivered, it wasn’t dispatched until 19:10 today...",425178,425174.0,425177.0
425178,AmazonHelp,False,2017-11-20 22:34:31+00:00,"@216160 To confirm, was your order delivered? We want to ensure it arrives to you! ^GM",,425175.0,425177.0
425176,216160,True,2017-11-20 22:36:16+00:00,"@AmazonHelp No, it was meant to be delivered today but it wasn’t. I have had confirmation that it’s been dispatched this evening though.",425179,425174.0,425177.0
425179,AmazonHelp,False,2017-11-20 22:55:35+00:00,"@216160 I do apologize for the delay, keep us posted on the progress of the delivery now that it has been dispatched. ^CH",425180,425176.0,425177.0
425180,216160,True,2017-11-21 16:17:14+00:00,@AmazonHelp Still not received item. Checked order tracking and item has been dispatched but not out for delivery yet. Considering that this was ordered on prime on Saturday and I still don’t have it is really annoying...,425181,425179.0,425177.0
425181,AmazonHelp,False,2017-11-21 16:22:30+00:00,"@216160 Hi Tom, sorry to hear that you have yet to receive your parcel. Have you received any emails advising you of a reason for the delay? ^TI","425182,425183",425180.0,425177.0
425183,216160,True,2017-11-21 16:22:56+00:00,@AmazonHelp No nothing at all.,,425181.0,425177.0
425182,216160,True,2017-11-21 16:26:26+00:00,@AmazonHelp It’s just been delivered to the amazon locker at work!,425184,425181.0,425177.0
425184,AmazonHelp,False,2017-11-21 16:32:25+00:00,@216160 Glad to hear that it's now made its way to you! Are you able to collect it from the Amazon Locker? ^TI,425185,425182.0,425177.0
425185,216160,True,2017-11-21 17:08:45+00:00,@AmazonHelp Yes thanks. I’ve picked it up.,425186,425184.0,425177.0
425186,AmazonHelp,False,2017-11-21 17:13:38+00:00,"@216160 That's great, Tom! Let us know if we can be of further assistance! ^SM",,425185.0,425177.0
426313,216400,True,2017-10-10 12:25:18+00:00,"@AmazonHelp I downloaded an second audio book during my 3month trial but got charged, please may you advise how to help",426311,,426313.0
426311,AmazonHelp,False,2017-10-10 12:26:33+00:00,@216400 Hi Tommy- Which website is your trial with? https://t.co/nUUp5MLhYl https://t.co/ykTUEmdsQA or? ^NV,426312,426313.0,426313.0
426312,216400,True,2017-10-10 12:28:05+00:00,@AmazonHelp It’s with https://t.co/Wq2og2Nm03,426314,426311.0,426313.0
426314,AmazonHelp,False,2017-10-10 12:35:28+00:00,@216400 Please contact here for support:  https://t.co/JzP7hlA23B ^AT,,426312.0,426313.0
432340,217825,True,2017-10-10 15:08:56+00:00,"Plcd ordr on @115850 on 24 September wth Order# 405-5332383-3441928, nt dlvrd in 15 days by @149473 trck#  57922809593 real SHAME😡","432339,432341",,432340.0
432341,AmazonHelp,False,2017-10-10 15:29:27+00:00,@217825 Truly sorry for the delay. I’d like to assist you. Please fill this form: https://t.co/beaaDm0muc and I’ll contact you. ^NK,,432340.0,432340.0
432339,AmazonHelp,False,2017-10-10 15:30:30+00:00,"@217825 Please don't provide your order details, as we consider it to be personal information. Our Twitter page is public.​ 2/2 ^NK",,432340.0,432340.0
432997,217985,True,2017-10-10 15:52:27+00:00,"Acabou de chegar minha caixinha da @117086 

Tem no stories mostrando cada um deles!!!… https://t.co/a5T2vSBJCF",432995,,432997.0
432995,AmazonHelp,False,2017-10-10 15:56:33+00:00,"@217985 Olá Fabiola, coisa boa! ❤ De 0 a 10 o quão feliz você está de receber a sua caixinha? ❤📦🎉 ^DA",432996,432997.0,432997.0
432996,217985,True,2017-10-10 20:29:22+00:00,@AmazonHelp 10 com certezaa,432998,432995.0,432997.0
432998,AmazonHelp,False,2017-10-10 20:33:33+00:00,"@217985 Ótimo! :D Tomara que curta muito da sua compra, Fabiola. Abraço! ^CR",,432996.0,432997.0
434516,218242,True,2017-10-10 16:10:30+00:00,"Really @118706?! After all of the items I get through @115821, @127390’s book is the one that gets sent to the wrong place? Strike number 2 https://t.co/mlqrq0LA0z",434513,,434516.0
434513,AmazonHelp,False,2017-10-10 16:20:47+00:00,"@218242 I'm sorry to see there's a delay! We're always here if you need us. If you don't receive your order by 8pm, let us know! ^HC","434514,434515",434516.0,434516.0
434514,218242,True,2017-10-10 16:22:23+00:00,@AmazonHelp Not your fault at all! The @118706 dropped the ball on this one. Thank you!,,434513.0,434516.0
434515,218242,True,2017-10-11 01:03:06+00:00,"@AmazonHelp Yep, just got home after a 2 hour drive and nothing showed up.",434517,434513.0,434516.0
434517,AmazonHelp,False,2017-10-11 01:26:28+00:00,@218242 Thanks for confirming! Have you had trouble in the past with deliveries from USPS? ^ST,434518,434515.0,434516.0
434518,218242,True,2017-10-11 01:28:40+00:00,@AmazonHelp Not normally. Last time they messed up forwarding a package and it took them 3 weeks to get it 7 miles from where it needed to go,434519,434517.0,434516.0
434519,AmazonHelp,False,2017-10-11 01:47:00+00:00,"@218242 If needed, we can escalate carrier feedback, &amp; explore options if there are further issues: https://t.co/hApLpMlfHN ^MV",434520,434518.0,434516.0
434520,218242,True,2017-10-11 01:49:28+00:00,@AmazonHelp I just don’t understand how it got sent to the completely wrong city.,434521,434519.0,434516.0
434521,AmazonHelp,False,2017-10-11 02:01:38+00:00,@218242 Delivery delays are possible but should be rare. Please let us know if your order doesn't arrive tomorrow! ^ST,434522,434520.0,434516.0
434522,218242,True,2017-10-11 23:07:53+00:00,@AmazonHelp My package still hasn’t arrived 😥,434523,434521.0,434516.0
434523,AmazonHelp,False,2017-10-11 23:24:30+00:00,"@218242 Oh no! Hate to hear this, Steve! Please contact us here: https://t.co/hApLpMlfHN so we can look into this for you. ^AD","434524,434525",434522.0,434516.0
434524,218242,True,2017-10-12 02:31:37+00:00,@AmazonHelp Thank you,,434523.0,434516.0
434525,218242,True,2017-10-12 19:39:53+00:00,@AmazonHelp Thank you guys so much for your help! My package finally showed up ❤️,434526,434523.0,434516.0
434526,AmazonHelp,False,2017-10-12 19:45:31+00:00,@218242 Glad you received your order. Thanks for keeping us posted. ^CO,,434525.0,434516.0
435770,218510,True,2017-10-10 16:16:53+00:00,Is newton movie amazon exclusive on @119625??,435768,,435770.0
435768,AmazonHelp,False,2017-10-10 16:44:14+00:00,@218510 We haven't made an announcement on this. Kindly stay tuned for more information. ^KS,435769,435770.0,435770.0
435769,218510,True,2017-10-10 16:45:18+00:00,@AmazonHelp Is there any chance??,435771,435768.0,435770.0
435771,AmazonHelp,False,2017-10-10 17:07:36+00:00,@218510 Please stay tuned for the update Ankit. ^HN,,435769.0,435770.0
437307,218856,True,2017-10-10 17:27:53+00:00,"No tengo nunca problemas con los pedidos de @116928, sólo cuando los enviáis con @135806.
Un desastre, como siempre.",437306,,437307.0
437306,AmazonHelp,False,2017-10-10 17:32:06+00:00,"@218856 Hola José, lamentamos el inconveniente.¿Tienes algún pedido pendiente con nosotros? ^MB",437297,437307.0,437307.0
437297,218856,True,2017-10-10 17:37:23+00:00,"@AmazonHelp Si, se supone que llegaba hoy. Todo el día esperando en casa estoy.",437295,437306.0,437307.0
437295,AmazonHelp,False,2017-10-10 17:43:29+00:00,"@218856 José Luis, ¿has intentado contactar al transportista? ^HC",437296,437297.0,437307.0
437296,218856,True,2017-10-10 17:44:27+00:00,"@AmazonHelp Es perder el tiempo, no es la primera vez que me pasa. Siempre te dicen que ha habido una incidencia con el transportista","437298,437299",437295.0,437307.0
437298,AmazonHelp,False,2017-10-10 17:47:36+00:00,"@218856 Entiendo tu molestia, José Luis. @137605, ¿podrían ayudarnos con esta entrega? Avísanos si no recibes respuesta. ^LG",437300,437296.0,437307.0
437300,137605,True,2017-10-10 17:50:05+00:00,@218856 @AmazonHelp Hola! Nos indicas por privado el nº de envío y los datos para poder consultarlo? Gracias.,"437301,437302,437303",437298.0,437307.0
437302,218856,True,2017-10-10 17:59:10+00:00,@137605 @AmazonHelp MP enviado!!,,437300.0,437307.0
437301,164787,True,2017-10-10 18:45:04+00:00,@137605 @218856 @AmazonHelp Devolverme el dinero!!!!! no habéis enviado mi paquete os estáis riendo de mi.,,437300.0,437307.0
437303,164787,True,2017-10-10 18:45:48+00:00,@137605 @218856 @AmazonHelp Y habéis asociado mi móvil a otro pedido y ahora me llama un puto contestador sobre la fecha de envío de otro pedido que no es mio. Inútiles,,437300.0,437307.0
437299,164787,True,2017-10-10 18:46:16+00:00,@218856 @AmazonHelp Son unos estafadores los de correos express,437304,437296.0,437307.0
437304,218856,True,2017-10-10 20:45:02+00:00,@164787 @AmazonHelp No entiendo como siguen trabajando los de @AmazonHelp con esa empresa con lo mal que funciona @137605 @135806,437305,437299.0,437307.0
437305,164787,True,2017-10-11 07:14:44+00:00,@218856 @AmazonHelp @137605 @135806 Totalmente de acuerdo.  Espero que dejen de colaborar porque es tremenda la indefensión a la que someten a sus clientes.,,437304.0,437307.0
437984,219048,True,2017-10-10 17:45:28+00:00,omg mon colis est dans un sale état et c'est censé être un disque dur dedans ??,437980,,437984.0
437980,219048,True,2017-10-10 17:47:09+00:00,vous avez intérêt à m'en réexpédier un autre pcq vu l'état le disque dur il tiendra pas 1 an @AmazonHelp,"437978,437983",437984.0,437984.0
437978,AmazonHelp,False,2017-10-10 17:55:01+00:00,"@219048 Bonjour, désolée d'apprendre cela :/ le mieux serait de contacter notre SAV via ce lien  https://t.co/hgIrz98cdI ^SN",437979,437980.0,437984.0
437979,219048,True,2017-10-10 17:55:42+00:00,"@AmazonHelp Vous le faites à ma place svp?, en plus j'ai commandé sur amazon.es et j'parle pas espagnol",437981,437978.0,437984.0
437981,AmazonHelp,False,2017-10-10 18:09:54+00:00,@219048 Je suis désolée mais cela n'est pas possible ^ Ko,437982,437979.0,437984.0
437982,219048,True,2017-10-10 18:13:09+00:00,"@AmazonHelp ptdr alors vous, jv pas vous louper jv vous afficher",,437981.0,437984.0
440020,219441,True,2017-10-11 09:18:49+00:00,@115850 @AmazonHelp @115821 Fake company#wl nt return your money evn aftr returning item#pathetic support#Boycott Amazon#RMN 9654654999,"440019,440021,440022,440023,440024",,440020.0
440022,AmazonHelp,False,2017-10-11 09:36:30+00:00,@219441 I'm sorry you haven't received the refund. Refund would be processed as soon as the returning package reaches 1/3 ^SH,729699,440020.0,440020.0
440021,AmazonHelp,False,2017-10-11 09:36:31+00:00,"@219441 our fulfillment center. Generally, it takes about 5-10 business days for a returning package to reach 2/3 ^SH",,440020.0,440020.0
440019,AmazonHelp,False,2017-10-11 09:37:28+00:00,@219441 our fulfillment center. May I please know if this time frame has passed? 3/3 ^SH,440018,440020.0,440020.0
729699,219441,True,2017-10-11 09:42:07+00:00,@AmazonHelp I don't want the refund now. Please keep it with you#Fake company#will make sure no one frm my circle shop on Amazon#BOYCOTT Amazon,,440022.0,440020.0
440018,219441,True,2017-10-11 09:52:52+00:00,@AmazonHelp Yes. Already passed. Not got the refund,440017,440019.0,440020.0
440017,AmazonHelp,False,2017-10-11 10:44:00+00:00,@219441 Sorry for the unpleasant experience. Please contact our support team here: https://t.co/9n1Fk4h3Ad and we'll help you. ^OS,,440018.0,440020.0
441875,219787,True,2017-10-11 09:58:04+00:00,Aaaaah les joies de la livraison par Amazon Logistics 🙃👌🏼,441874,,441875.0
441874,AmazonHelp,False,2017-10-11 10:21:30+00:00,"@219787 Bonjour, avez-vous reçu votre commande ? ^SN",441873,441875.0,441875.0
441873,219787,True,2017-10-11 10:45:46+00:00,@AmazonHelp Oui bien reçu. Dommage que vos livreurs n’aient pas de clefs PTT c’est plus pratique quand on est absent !,441872,441874.0,441875.0
441872,AmazonHelp,False,2017-10-11 10:52:35+00:00,"@219787 C'est noté; Je vous remercie pour votre commentaire, cela nous aide à améliorer notre service :)
^YL",,441873.0,441875.0
444417,220273,True,2017-11-22 09:24:13+00:00,"愛用の香水 Amazonから無事到着‹‹\(´ω` )/››‹‹\( 　´)/››‹

これ良い香りする https://t.co/B4ES710c4g",444416,,444417.0
444416,AmazonHelp,False,2017-11-22 09:34:26+00:00,@220273 無事にお届けできてよかったです。ご利用ありがとうございました。ET,,444417.0,444417.0
447173,220932,True,2017-11-30 19:44:10+00:00,"I ordered something off @115821 , on 3 days ago (on monday), paid for 2 day shipping... The mail came, and the package was not in the mail. Went onto amazon and tracked the package, and it says itll be delivered tomorrow... I payed for 2 day shipping. Not 4",447172,,447173.0
447172,AmazonHelp,False,2017-11-30 19:54:27+00:00,"@220932 We'd like to help in any way we can! Has the estimated delivery date changed since check out? If you're unsure, you can check your confirmation e-mail here: https://t.co/FN7TvNUOLy ^NM",447171,447173.0,447173.0
447171,220932,True,2017-11-30 20:06:27+00:00,@AmazonHelp Yes it has,447170,447172.0,447173.0
447170,AmazonHelp,False,2017-11-30 20:11:00+00:00,@220932 Sorry for the delay! We would be happy to take a look if you reach out to us here: https://t.co/hApLpMlfHN ^BG,,447171.0,447173.0
448237,221187,True,2017-11-30 20:07:36+00:00,"@AmazonHelp Hi, I called into customer care just now to correct an incorrect shipping address, and then the rep told me my account was compromised and locked me out. I can’t change my PW, or login and I can’t correct the shipping address. Help???",448236,,448237.0
448236,AmazonHelp,False,2017-11-30 20:15:34+00:00,"@221187 I'm sorry to hear about the trouble you're experiencing with your account, Julian! We want to help here the best we can. Have you received an email from our Account Specialist on how to regain access to your account? Be sure to also check your junk and spam folder. ^HC",448233,448237.0,448237.0
448233,221187,True,2017-11-30 20:19:34+00:00,@AmazonHelp No email. Rep said I should’ve received one and that’s all she can say. I was literally logged into my account providing her with the order # to correct info and then got logged out.,448229,448236.0,448237.0
448229,AmazonHelp,False,2017-11-30 20:26:30+00:00,"@221187 Our Account Specialists will reach out to update you via e-mail within two business days of your contact with us. For the fastest resolution, please keep an eye on the e-mail linked to your account, and respond with any requested information or questions. ^JR","448230,448231,448232",448233.0,448237.0
448230,221187,True,2017-11-30 20:53:55+00:00,@AmazonHelp OK. I will wait. What about my orders that have incorrect shipping addresses? One is set to arrive tomorrow and one is TV installation for next week.,,448229.0,448237.0
448231,221187,True,2017-11-30 22:26:29+00:00,"@AmazonHelp Hi, is there any other escalation path given that I have a tv and professional services appointment that needs to be revised with the correct address? The only message I get when I try to log in is “password is incorrect” which is very different from an account lockout.",448234,448229.0,448237.0
448232,221187,True,2017-11-30 22:29:01+00:00,@AmazonHelp Can you at least confirm that it’s actually locked out and that an account specialist will be reaching out because I’m not getting an account lockout message.,448235,448229.0,448237.0
448234,AmazonHelp,False,2017-11-30 22:33:53+00:00,@221187 You can reach out to our Password Reset Team here: https://t.co/2CDWlrgfh1  ^LL,,448231.0,448237.0
448235,AmazonHelp,False,2017-11-30 22:34:27+00:00,"@221187 I'm sorry, we have no access to account or order details through Twitter. Please continue to keep an eye out for correspondence from our Accounts Specialists. ^DO",,448232.0,448237.0
448302,221201,True,2017-11-30 20:12:57+00:00,"Wow, really disappointed in @115821’s new delivery system. From failed packages last week to chasing down “delivery man” (clearly untrained) &amp; help him carry packages today bc stuff was heavy (he didnt have a cart/dolly). #Amazon #badcustomerservice #amazonoprime @AmazonHelp",448300,,448302.0
448300,AmazonHelp,False,2017-11-30 20:15:00+00:00,"@221201 This isn't at all the delivery experience we expect! With Twitter, we're unable to access account or order information. Please, reach out in real time to report this via phone or chat: https://t.co/JzP7hlA23B ^JE",448301,448302.0,448302.0
448301,221201,True,2017-12-01 01:12:33+00:00,"@AmazonHelp Thx, but still not satisfied w/ the service. Hope I never get an “#amazon  logistics” delivery againnn. @115821.  #UPSforever @115817 knows how to get it done.",,448300.0,448302.0
450689,221856,True,2017-11-30 21:41:50+00:00,"Te amo @116875, por ahorrarme ir a las plazas a comprar los regalos de navidad.",450688,,450689.0
450688,AmazonHelp,False,2017-11-30 21:55:31+00:00,"@221856 Hola, B. ♡. ¡Imagina cuántas horas te ahorraste, sin trasladarte de un sitio a otro, sin hacer filas! Gracias por el comentario, seguiremos trabajando cada vez con mayor entusiasmo. 😃
^CB",,450689.0,450689.0
450749,221870,True,2017-11-30 21:41:39+00:00,"@116316 laut eurem telefonischen Kudendienst, wird man wohl nur als Prime-Kunde pünktlich beliefert. Bei der letzten Lieferung 4 Tage bis zur Zustellung gewartet und daraufhin wurde das Paket 4 weitere Tage „zugestellt“. Bei der aktuellen Lieferung, leider das selbe Problem.",450747,,450749.0
450747,AmazonHelp,False,2017-11-30 21:48:26+00:00,"@221870 Deine Bestellungen sollten pünktlich kommen, egal ob du Prime Kunde bist, oder nicht. Bei Premiumversand garantieren wir zusätzlich noch das Lieferdatum. Hast du mal in der Sendungsverfolgung geschaut, warum die Sendung verzögert ist? Gruß ^AN",450748,450749.0,450749.0
450748,221870,True,2017-11-30 21:52:34+00:00,"@AmazonHelp Ihre Aussage war, dass Prime-Kunden vorgezogen werden und dadurch meine Lieferung evtl. zeitlich nicht mehr zugestellt werden kann. „Mögliche Lieferverzögerung aufgrund zusätzlicher Verarbeitung durch Transportdienstleister.“ wurde mir genannt.",450750,450747.0,450749.0
450750,AmazonHelp,False,2017-11-30 22:06:00+00:00,"@221870 Der Scan kann mehrere Hintergründe haben. Was hier letztenendlich der Grund war, können wir über Twitter leider nicht nachvollziehen. Hast du den Transportpartner diesbezüglich mal kontaktiert? :/ ^MI",450751,450748.0,450749.0
450751,221870,True,2017-11-30 22:08:48+00:00,"@AmazonHelp Wenn ich bei der DHL Kundenhotline meine Anliegen über die Sendungs-ID klären möchte, bekomme ich meinen Lieferstatus vorgelesen &amp; das Verteilerzentrum scheint keine Telefonnummer zu besitzen.",,450750.0,450749.0
453185,208006,True,2017-11-30 22:53:43+00:00,What happened to two-day shipping @116090? https://t.co/GtQDiItnsl,453182,,453185.0
453182,AmazonHelp,False,2017-11-30 22:57:28+00:00,@208006 Two-day shipping refers to the transit time once an order has shipped out. You can learn more here: https://t.co/g0mUepE9jS. ^DG,"453183,453184",453185.0,453185.0
453184,208006,True,2017-11-30 23:00:12+00:00,@AmazonHelp I ordered 28th. 3 full business days and then a weekend before it gets here? And I order this on a regular basis so I know doesn’t take almost a week to ship,"453186,453187,453188",453182.0,453185.0
453188,208006,True,2017-11-30 23:00:49+00:00,@AmazonHelp I’m also a prime member.,,453184.0,453185.0
453183,208006,True,2017-11-30 23:01:50+00:00,@AmazonHelp Why did it take them almost 3 days to prepare the shipment.,,453182.0,453185.0
453187,222526,True,2017-11-30 23:08:05+00:00,@208006 @AmazonHelp Exactly why I canceled prime. They’ll send it out from the warehouse @ the last minute so it can’t arrive in 2 days and when I complained they blamed the post office/ups,,453184.0,453185.0
453186,222526,True,2017-11-30 23:09:03+00:00,@208006 @AmazonHelp I also ordered stuff on the 28 that’s still processing.,453189,453184.0,453185.0
453189,208006,True,2017-11-30 23:12:21+00:00,@222526 @AmazonHelp I’m pissed it hasn’t even been prepared for shipment. Like come on. Diapers I ordered yesterday are probably going to arrive tomorrow.,453190,453186.0,453185.0
453190,222526,True,2017-11-30 23:15:03+00:00,@208006 @AmazonHelp If it was only during the holidays then fine but it’s all year. They’re not reliable most of the time,,453189.0,453185.0
455468,223119,True,2017-11-29 03:01:55+00:00,Bought an @115821 #Dot for my office at work and can't get it to connect to the public wifi in my building. Any ideas/solutions?,455467,,455468.0
455467,AmazonHelp,False,2017-11-29 03:12:55+00:00,"@223119 Sorry for the trouble, Mike! Have you had the chance to review these helpful tips: https://t.co/MEPrFu58ym? ^VB",455466,455468.0,455468.0
455466,223119,True,2017-11-30 23:47:51+00:00,"@AmazonHelp I appreciate the reply @AmazonHelp - Yes, I have reviewed those but still can't get the Dot to get on the public WiFi - updated Dot firmware, but no luck",455464,455467.0,455468.0
455464,AmazonHelp,False,2017-11-30 23:53:00+00:00,@223119 Hmm... Thank you for letting us know! Let's do some real time troubleshooting via phone or chat here: https://t.co/hApLpMlfHN. Keep us in the loop! ^BL,455465,455466.0,455468.0
455465,223119,True,2017-12-01 00:10:27+00:00,@AmazonHelp Checking with them now. Thank you,,455464.0,455468.0
455493,223122,True,2017-11-30 23:16:17+00:00,@AmazonHelp why’d I clicked 2 day shipping on MONDAY and still don’t have my package?,455492,,455493.0
455492,AmazonHelp,False,2017-11-30 23:49:33+00:00,@223122 Thanks for reaching out! We're here to help. What was the original delivery date provided to you in your order confirmation e-mail: https://t.co/pyS7YNbHrQ? ^LH,,455493.0,455493.0
455495,223123,True,2017-11-30 23:38:41+00:00,"""Delivered: Your Amazon package with AmazonBasics High-Back Executive Chair - Black was delivered."" Thanks for the update, @115821 but you misspelled ""Picked up: Your wife picked this up from the post office b/c we sent it USPS for some insane reason and they wouldn't deliver.""",455494,,455495.0
455494,AmazonHelp,False,2017-11-30 23:48:01+00:00,"@223123 Oh no! I'm sorry, that's frustrating! Please reach out to us here to provide carrier feedback and see what options are available to prevent this issue in the future: https://t.co/hApLpMlfHN ^EA",,455495.0,455495.0
459978,224297,True,2017-12-01 01:27:41+00:00,@115821 whoa! I️ take back my compliment i was lied to by a rep and now being spoken to like a child by another,459975,,459978.0
459975,AmazonHelp,False,2017-12-01 01:38:00+00:00,@224297 I'm sorry for the poor experience! We'd like to make sure you're taken care of! Could you tell us more about the initial problem was? ^AR,"459976,459977,459969",459978.0,459978.0
459976,224297,True,2017-12-01 01:39:13+00:00,@AmazonHelp I’ve contact customer service 3x in one week- and the 3rd is because previous rep lied to me/husband. An order changed date,459990,459975.0,459978.0
459969,224297,True,2017-12-01 01:39:51+00:00,@AmazonHelp Rep said he fixed it to be delivered Thursday (today) and it’s 8pm no package rep tonight said sorry it’s due for Monday delivery,459967,459975.0,459978.0
459977,224297,True,2017-12-01 01:40:32+00:00,@AmazonHelp So now I’ve been lied to and two orders messed up this week. I’m seriously not doing ANYMORE Christmas shopping through you guys,,459975.0,459978.0
459990,AmazonHelp,False,2017-12-01 01:41:56+00:00,@224297 Thanks for reaching out today! I'm terribly sorry to hear about the problems you've had with any of your orders. Do you have any existing orders needing addressed or have they all been or being resolved already? ^LL,459989,459976.0,459978.0
459989,224297,True,2017-12-01 01:43:21+00:00,"@AmazonHelp I️ want to find out why I️ was lied to, and why I️ paid for prime and my package changed dates on me? And if it’ll even get here then",459987,459990.0,459978.0
459987,AmazonHelp,False,2017-12-01 01:49:00+00:00,@224297 I understand your frustration. Did we give a reason for the delay? Who is the carrier for your order? They will be listed here: https://t.co/Y5jpI9gRhE ^SK,459988,459989.0,459978.0
459967,AmazonHelp,False,2017-12-01 01:49:28+00:00,@224297 Can you let us know what's the status of the tracking and who the carrier is? ​ https://t.co/Y5jpI9gRhE  ^LL,459968,459969.0,459978.0
459988,224297,True,2017-12-01 01:51:45+00:00,"@AmazonHelp First thank you for just understanding, especially that one package was my daughter bday gift for tomorrow.. no they didn’t and Fedex?",,459987.0,459978.0
459968,224297,True,2017-12-01 01:52:44+00:00,"@AmazonHelp Preparing for shipment due Monday Dec 4th.. which when I ordered suppose to be today, and then got an email stating it changed","459970,459971",459967.0,459978.0
459971,224297,True,2017-12-01 01:53:21+00:00,"@AmazonHelp Which was not okay, so I️ talked to customer service and they said they fixed it to be delivered today for me I️ was thrilled until still no",459972,459968.0,459978.0
459970,224297,True,2017-12-01 01:53:26+00:00,@AmazonHelp Package,,459968.0,459978.0
459972,AmazonHelp,False,2017-12-01 02:09:29+00:00,"@224297 Unfortunately, to get the most update information, it would be best to contact the carrier. You can find there contact information here: https://t.co/b0RpDfTEVr ^LS","459973,459974",459971.0,459978.0
459974,224297,True,2017-12-01 02:10:17+00:00,@AmazonHelp It’s not even with them yet,,459972.0,459978.0
459973,224297,True,2017-12-01 02:11:14+00:00,@AmazonHelp  https://t.co/XZtB10q6JE,,459972.0,459978.0
461220,224591,True,2017-12-01 01:10:34+00:00,なんだこれ？詐欺？ https://t.co/KXXVzjUaiv,461219,,461220.0
461219,AmazonHelp,False,2017-12-01 01:59:00+00:00,@224591 ツイート拝見しました、Amazonです。ご確認のとおり、そちらはAmazonからのメッセージではありません。同様のメッセージを今後受信しないためにも、よろしければご利用の携帯会社の窓口へ受信したメッセージをご申告ください。MH,461218,461220.0,461220.0
461218,224591,True,2017-12-01 02:09:00+00:00,@AmazonHelp 返信ありがとうございます！検討してみます,461217,461219.0,461220.0
461217,AmazonHelp,False,2017-12-01 02:21:26+00:00,"@224591 とんでもございません☺突然失礼いたしました。
これからもお気づきの点やご不明点がありましたらご遠慮なくお知らせください。　MH",,461218.0,461220.0
463322,225127,True,2017-12-01 03:09:26+00:00,おっとぉ！？アマゾンで有料動画なんて観たこともないんだがなぁ！？ https://t.co/7L00tjzP7c,463321,,463322.0
463321,AmazonHelp,False,2017-12-01 03:16:25+00:00,@225127 Amazonです。ご承知かと思いますが、残念ながら悪質な詐欺が増加しているようですのでお気を付けください。https://t.co/st4oU5QbhP を装った詐欺と思われる連絡を受け取った際はこちらをご覧ください。→ https://t.co/YLiDVSl4M5 SK,463320,463322.0,463322.0
463320,225127,True,2017-12-01 03:22:37+00:00,@AmazonHelp 感謝します、助かりました,463319,463321.0,463322.0
463319,AmazonHelp,False,2017-12-01 03:24:29+00:00,@225127 とんでもないです。どうぞよろしくお願いいたします！SK,,463320.0,463322.0
465097,225624,True,2017-12-01 03:10:06+00:00,"@116090 so my package’s tracking updated to today, you guys sent me an email saying hey yeah they’re late sometimes check the updated tracking, but still nothing... I guess there’s another hour till 8 today, right? Lol why pay for Prime? ¯\_(ツ)_/¯",465093,,465097.0
465093,225624,True,2017-12-01 04:01:25+00:00,@116090 I guess.... NOT,465091,465097.0,465097.0
465091,AmazonHelp,False,2017-12-01 04:20:30+00:00,"@225624 I'm sorry for the wait! If it hasn't arrived, please reach us for your next steps and available options here: https://t.co/Q7Ftz6nj80 ^DW",465092,465093.0,465097.0
465092,225624,True,2017-12-01 04:26:35+00:00,"@AmazonHelp Yeah I did that, thing is I’d be less upset if I didn’t fill in a thing yesterday for nobody to actually contact me today, for the tracking to update and say it’d be here today, when really it isn’t. It’s a lot of things wrong",465094,465091.0,465097.0
465094,AmazonHelp,False,2017-12-01 04:32:00+00:00,@225624 I'm so sorry you haven't received a response from us. I can understand how frustrating that is. If you would kindly use the link DW we can speak with you in real-time. I'm so sorry for any inconveniences this has caused you! ^HS,465095,465092.0,465097.0
465095,225624,True,2017-12-01 04:42:42+00:00,"@AmazonHelp Thank you for your understanding. I sent in a request through the link, said I’ll hear back in 12 hours via email.",465096,465094.0,465097.0
465096,AmazonHelp,False,2017-12-01 04:44:30+00:00,@225624 You're welcome. Be sure to keep us posted! We want to make sure you're taken care of. ^TN,,465095.0,465097.0
465109,225628,True,2017-12-01 04:07:26+00:00,@115821 Why does my package say delivered but its not here yet?! Tell your drivers to stop lying. 2nd time this has happened!,465108,,465109.0
465108,AmazonHelp,False,2017-12-01 04:09:27+00:00,@225628 Thanks for bringing this to our attention. Let's try the steps here for situations like this: https://t.co/Ar75JZL248 ^GG,465107,465109.0,465109.0
465107,225628,True,2017-12-01 04:10:24+00:00,"@AmazonHelp Also, I received a shirt in a completely different size (female XL). I emailed the supplier and they told me to PAY for shipping to return it??? HELLO",465106,465108.0,465109.0
465106,AmazonHelp,False,2017-12-01 04:19:29+00:00,"@225628 I'm so sorry that happened. Have toy contacted us regarding that yet? If not, you can do so here: https://t.co/hApLpMlfHN via phone or chat. ^AY",,465107.0,465109.0
465774,225820,True,2017-12-01 04:43:32+00:00,I had 60 dollars on my Amazon account and now I'm down to 29 I obviously need help,465772,,465774.0
465772,AmazonHelp,False,2017-12-01 04:48:25+00:00,"@225820 Oh no, Caroline! Unfortunately we are not able to see account information in Twitter. Please click here:  https://t.co/hApLpMlfHN so that a team member can further assist you. ^TL",465773,465774.0,465774.0
465773,225820,True,2017-12-01 04:49:37+00:00,@AmazonHelp Oh no it wasn't a problem on Amazon I just impulse bought items lol,,465772.0,465774.0
466722,226075,True,2017-12-01 04:46:24+00:00,Amazonプライムビデオの無料ダウンロードにたまこラブストーリーある！いつでもどこでも観れるの最高,466721,,466722.0
466721,AmazonHelp,False,2017-12-01 05:03:25+00:00,@226075 見ちゃってくださいませ！( ´艸｀) ｳﾌﾌ ET,,466722.0,466722.0
467519,226278,True,2017-12-01 05:25:00+00:00,I'm super fucking pissed off amazon has charged me 3 seperate times $9.99 throughout he past week when I haven't even bought anything from amazon in MONTHS WTF,467518,,467519.0
467518,AmazonHelp,False,2017-12-01 05:36:00+00:00,"@226278 I'm so sorry you have experienced these charges! If these are unaware as to why you were charged, please contact us here: https://t.co/hApLpMlfHN
So that we can review your account and help get this matter resolved for you. ^BT",,467519.0,467519.0
470168,226936,True,2017-12-01 07:36:11+00:00,So Fckn Annoyed My Package Says Delivered Saturday &amp; I Never Got It 😤 @115821 @115817 !!,470167,,470168.0
470167,AmazonHelp,False,2017-12-01 07:39:31+00:00,@226936 Hello! Did you check with your neighbors and in your safe place? You can find more info on locating parcels that are shown as delivered here: https://t.co/JutFY9lou4.^CN,470166,470168.0,470168.0
470166,226936,True,2017-12-01 07:42:48+00:00,@AmazonHelp Questioned The Neighbors &amp; All My Relatives . We Did Receive A Package That Day But 2 Were Missing Only One Received,470165,470167.0,470168.0
470165,AmazonHelp,False,2017-12-01 07:48:25+00:00,@226936 Let's look into options in real time. Please call or chat with us here: https://t.co/hApLpMlfHN ^BA,,470166.0,470168.0
473132,227672,True,2017-12-01 09:47:00+00:00,"I’ve taken in so many parcels for my neighbours my hallway looks like an @115830 storage centre 😂 
Surely if you order a delivery the idea is to be in when it’s delivered?? 🤔
#StorageSam","473133,473131,473134",,473132.0
473131,227671,True,2017-12-01 09:53:56+00:00,"@227672 @115830 We have ordered stuff supposedly next day delivery when we would be in only to get confirmation saying delivery in 3 days, it then turns up after 2.",473130,473132.0,473132.0
473130,AmazonHelp,False,2017-12-01 09:57:57+00:00,@227671 HI Keith - we do aim to meet the delivery date promised in the confirmation email  ^TD,,473131.0,473132.0
473134,228072,True,2017-12-01 10:27:56+00:00,@227672 @115830 Since retirement I seem to have become the person to receive the neighbours parcels. Upside I've made a new friend - the delivery driver  😃,475155,473132.0,473132.0
475155,AmazonHelp,False,2017-12-01 10:33:00+00:00,@228072 Congratulations on retirement! ^DJ,,473134.0,473132.0
473133,242516,True,2017-12-02 09:07:53+00:00,"@227672 @115830 Maybe not their fault, Sam... I did a big @115830 order, all on prime, all ‘guaranteed’ delivery for my rest day yesterday... unfortunately not all delivered as promised! 😞",529135,473132.0,473132.0
529135,AmazonHelp,False,2017-12-02 09:11:30+00:00,"@242516 Sorry to hear this, Ed! Have you had any further updates to the tracking on the items you haven't received yet?^PJ",529136,473133.0,473132.0
529136,242516,True,2017-12-02 09:13:08+00:00,@AmazonHelp They’re coming today... while I’m out. 🙄 I might have to ask @227672 if she can nip over and wait in for them... #storagesam,,529135.0,473132.0
473294,227698,True,2017-12-01 09:26:16+00:00,@115833 Alexa says she is having trouble understanding right now and I should try later. What’s up?,473293,,473294.0
473293,AmazonHelp,False,2017-12-01 09:28:57+00:00,@227698 Hi! Have you had a chance to reset your Echo device? You can find information on how to do so here: https://t.co/r2T9Af88r1. ^PJ,473292,473294.0,473294.0
473292,227698,True,2017-12-01 09:39:10+00:00,@AmazonHelp Why would I have to reset it?,473291,473293.0,473294.0
473291,AmazonHelp,False,2017-12-01 09:42:32+00:00,@227698 It could have been able to help with resolving your issue. Can you please contact us so that we can look into the issue for you further? You can reach us here: https://t.co/oGDklGgbCZ. ^PJ,,473292.0,473294.0
477796,228500,True,2017-12-01 11:47:26+00:00,I still love you doe boo. @115821,477795,,477796.0
477795,AmazonHelp,False,2017-12-01 11:57:27+00:00,"@228500 We love you too Devonna. Sorry about the deliveries, with Black Friday and Cyber Monday some orders took a little longer than normal. Please let us know if there is any other problems.^BZ",,477796.0,477796.0
478523,228691,True,2017-12-01 12:35:34+00:00,Ugh @115821 I am tired of getting shipment delay notifications. I need my village lights to show up asap! #EnoughWithTheDelays,478521,,478523.0
478521,AmazonHelp,False,2017-12-01 12:39:00+00:00,@228691 What was the original delivery estimate as per your order confirmation email? Do you know who the carrier is? ^BD,478522,478523.0,478523.0
478522,228691,True,2017-12-01 13:05:33+00:00,@AmazonHelp Today was the original delivery date. It's a prime shipping order.  I believe UPS has it in Omaha.,478524,478521.0,478523.0
478524,AmazonHelp,False,2017-12-01 13:13:44+00:00,@228691 Were you provided with a new delivery date per the delay? Did you receive an email confirming this info? ^NC,478525,478522.0,478523.0
478525,228691,True,2017-12-01 13:14:28+00:00,@AmazonHelp I was not given a new date for arrival. I did receive an email and text that it's delayed.,478526,478524.0,478523.0
478526,AmazonHelp,False,2017-12-01 13:17:00+00:00,@228691 May I ask which carrier is delivering your parcel?^CN,478527,478525.0,478523.0
478527,228691,True,2017-12-01 13:20:17+00:00,@AmazonHelp UPS,478528,478526.0,478523.0
478528,AmazonHelp,False,2017-12-01 13:22:29+00:00,@228691 Please reach out to us here: https://t.co/hApLpMlfHN so we can get in touch with the carrier and try to find the reason for the delay. We'd like to help! ^ZW,478529,478527.0,478523.0
478529,228691,True,2017-12-01 13:25:40+00:00,@AmazonHelp Email sent. Hope someone can help. If I can't get it today I'd really like free Saturday shipping from UPS.,478530,478528.0,478523.0
478530,AmazonHelp,False,2017-12-01 13:28:26+00:00,@228691 Thank you. We will be in touch soon.^GA,,478529.0,478523.0
480302,229153,True,2017-12-01 13:26:52+00:00,@115830 I thought Prime gets you next day delivery... I understand the first item because its a Friday today but the 2nd item is 5 days away not even Monday I'm getting it... whats this about? https://t.co/10UwgGLAk9,480301,,480302.0
480301,AmazonHelp,False,2017-12-01 13:34:00+00:00,"@229153 Some items may require additional processing time. Prime Shipping refers to transit time once the item has shipped in business days. It looks like you have not placed this order yet, when you do please be sure to check your email for the estimated delivery date. ^DJ",480300,480302.0,480302.0
480300,229153,True,2017-12-01 13:36:04+00:00,"@AmazonHelp took the screenshot before purchasing, the Delivery date is Wednesday.",480299,480301.0,480302.0
480299,AmazonHelp,False,2017-12-01 13:42:30+00:00,"@229153 Hello, the most recent delivery times will be displaced at the checkout. Some items might take longer than others in the dispatch phase. We do apologize for any inconvenience caused by this. ^CR",,480300.0,480302.0
480532,229197,True,2017-12-01 13:19:07+00:00,Since when did @115830 enter your house to deliver stuff??,480531,,480532.0
480531,AmazonHelp,False,2017-12-01 13:21:31+00:00,"@229197 Hi, sorry to hear that. Please fill out this form: https://t.co/tkLCr7DNil so we can look into this further. ^JJ",,480532.0,480532.0
481613,229474,True,2017-12-01 13:52:08+00:00,.@115821 Here's an idea... How about you put all three items in one box and save on packaging? https://t.co/cPkTYFEOXd,481612,,481613.0
481612,AmazonHelp,False,2017-12-01 13:56:01+00:00,"@229474 Hi Jenna, all three items were either shipped from a different fulfillment centers or at different times. I'd strongly encourage you to provide packaging feedback here: https://t.co/fxgZ6hTrFA ^MA",481611,481613.0,481613.0
481611,229474,True,2017-12-01 13:59:28+00:00,@AmazonHelp Really. Three identical items ordered at the same time and arrived on the same day....,481609,481612.0,481613.0
481609,AmazonHelp,False,2017-12-01 14:05:31+00:00,@229474 That is a bit strange then. Please do leave feedback on this by clicking on the link provided above.^MA,481610,481611.0,481613.0
481610,229474,True,2017-12-01 14:49:48+00:00,@AmazonHelp Will do. Thanks,,481609.0,481613.0
486698,230813,True,2017-12-01 15:31:53+00:00,"Es neta @116875 ? Pedí un paquete en entrega a @32701 y resulta que no me lo pueden entregar si no está el encargado y ""Quién sabe a qué hora llegue"" 😑",486697,,486698.0
486697,AmazonHelp,False,2017-12-01 15:37:30+00:00,"@230813 Hola Carolina, lamento lo sucedido. ¿Te brindaron alguna opción al respecto en el lugar de entrega? ^LG",486694,486698.0,486698.0
486694,230813,True,2017-12-01 15:38:09+00:00,"@AmazonHelp Que vuelva cuando el encargado este y eso ""No saben cuándo puede ser"" 😑😑😑",486692,486697.0,486698.0
486692,AmazonHelp,False,2017-12-01 15:42:00+00:00,"@230813 Entiendo, ¿nos podrías indicar cuando fue que te comunicaste con el vendedor? ^KA",486693,486694.0,486698.0
486693,230813,True,2017-12-01 15:43:50+00:00,@AmazonHelp Hoy,486695,486692.0,486698.0
486695,AmazonHelp,False,2017-12-01 15:53:30+00:00,"@230813 Entiendo, en este caso te recomiendo reportar esta situación con nuestro departamento de Servicio al Cliente, ingresando al siguiente enlace: https://t.co/beR78zMMYB ^KA",486696,486693.0,486698.0
486696,230813,True,2017-12-01 15:56:02+00:00,@AmazonHelp 😑😑😑😑😑😑😑😑😑😑😑😑😑😑😑😑😑😑,,486695.0,486698.0
493384,232625,True,2017-11-30 09:11:48+00:00,Just realised it's December tomorrow and I totally forgot to buy Fred a Lego Advent Calendar (which I get him every year) - it's times like this I appreciate Amazon Prime!,493383,,493384.0
493383,232625,True,2017-12-01 17:11:53+00:00,"Well it turns out it's not being delivered today after all, so Fred will have to wait till the 5th. Extremely disappointed is an understatement. @115830 what a fail.",493382,493384.0,493384.0
493382,AmazonHelp,False,2017-12-01 17:16:27+00:00,"@232625 Apologies Michelle, what was the original delivery estimate in your order confirmation email? ^BD",493381,493383.0,493384.0
493381,232625,True,2017-12-01 17:17:15+00:00,@AmazonHelp It should have been delivered today. It was an advent calendar for my son.,493380,493382.0,493384.0
493380,AmazonHelp,False,2017-12-01 17:32:00+00:00,@232625 Apologies again Michelle. This is not the service we expect. We try our best to deliver by the original date provided. Please let us know if your order does not arrive by the revised date provided. ^TP,,493381.0,493384.0
494852,233015,True,2017-12-01 17:39:23+00:00,@134803 #Amazon metti su #TheMarvelousMrsMaisel che ravviviamo il catalogo! #PalladinoOurSavior https://t.co/JeQiZ8Seu3,494849,,494852.0
494849,AmazonHelp,False,2017-12-01 17:57:37+00:00,"@233015 Ciao! ce l'abbiamo 😌! La puoi trovare con il nome ""La fantastica signora Maisel - Stagione 1"". ^ZC","494850,494851",494852.0,494852.0
494850,233015,True,2017-12-01 17:59:07+00:00,@AmazonHelp #Amazon Non prenderti gioco di me..Ho cercato fino a 2 min fa! Qualcosa non va se non lo trovo nella lista dei nuovi release!,,494849.0,494852.0
494851,233015,True,2017-12-01 18:05:51+00:00,"@AmazonHelp Evito ogni commento sulla app da tv perché è meglio, ma anche scrivendo il titolo, non c'é!! https://t.co/zF4d0NUnuq",494853,494849.0,494852.0
494853,AmazonHelp,False,2017-12-01 18:14:00+00:00,"@233015 Potresti provare a cercare solo ""Maisel"" nella barra di ricerca, anziché inserire il titolo completo? Facci sapere! ^EA",494854,494851.0,494852.0
494854,233015,True,2017-12-01 18:22:18+00:00,"@AmazonHelp Ah quindi bisogna cercarle... chissà quante altre serie ci sono nascoste lì dentro! 😥 
E io la cerco da quando è uscita, pensa se uno non sa nemmeno che esiste! https://t.co/HSdOo5qmQw",494855,494853.0,494852.0
494855,AmazonHelp,False,2017-12-01 18:51:33+00:00,@233015 Mi spiace per l'inconveniente! Ho inoltrato la tua segnalazione al nostro Team competente in modo da migliorare la nostra selezione ed i nostri servizi. Buona serata. ^ZC,,494854.0,494852.0
494872,233020,True,2017-12-01 17:40:12+00:00,tfw you pay extra for 1-day shipping because you need it today and @115821 Canada casually doesn't give a shit https://t.co/csKjlcnw7R,494870,,494872.0
494870,AmazonHelp,False,2017-12-01 17:55:00+00:00,"@233020 Hi Daniel, some items may take longer to process and ship out. We aim to meet the delivery date provided during the checkout process and found in your confirmation e-mail. Has this date changed? ^AB",494871,494872.0,494872.0
494871,233020,True,2017-12-01 18:01:58+00:00,@AmazonHelp Yes it was guaranteed for today. I even paid extra for one-day shipping https://t.co/RdMNbs3EYO,494873,494870.0,494872.0
494873,AmazonHelp,False,2017-12-01 18:14:26+00:00,"@233020 Thank you for this information, Daniel! We'd like to make sure you're taken care of, but we don't have access to your account via Twitter. At your earliest convenience, please reach out to us over phone here: https://t.co/Q7Ftz6nj80 ^AR",,494871.0,494872.0
500795,234623,True,2017-12-01 19:11:51+00:00,"@115850 Hi Amazon, I was planning to buy Honor Redmi 3 activity tracker model - NYX-B10HN. It's cost was 2,200 INR, but now it has doubled up to 4,399 INR. Can I please get it at 2,200 itself ?
#JustAsking #TryingOutMyLuck #FamousAmazonIndia",500794,,500795.0
500794,AmazonHelp,False,2017-12-01 19:34:00+00:00,"@234623 I get your concern about the price fluctuation. The constantly changing marketplace and our efforts to offer you the lowest price, may result in fluctuations in our prices over time. Price offered on our website is the best we can offer.  ^SV",500793,500795.0,500795.0
500793,234623,True,2017-12-01 19:42:39+00:00,"@AmazonHelp Hmm ok. No issues. I'll check for some other alternative.
Thanks for your response. :)",500792,500794.0,500795.0
500792,AmazonHelp,False,2017-12-01 19:45:12+00:00,@234623 You're welcome. :) Do keep us posted for any further assistance. ^MK,,500793.0,500795.0
502498,235048,True,2017-12-01 20:03:54+00:00,"@115830 just been notified that my package has been delivered to my neighbour Jim at number 6, I’ve been in all day, there isn’t a number 6, none of my neighbours are called Jim. SO TELL ME WHERE MY BLOODY ORDER IS!!!",502497,,502498.0
502497,AmazonHelp,False,2017-12-01 20:06:00+00:00,@235048 I'm sorry your parcel didn't arrive as expected! We want to be sure you are receiving your parcels when they are expected. Please reach out to us directly here so that we can take a look into this for you: https://t.co/JzP7hlA23B We'd like to help! ^ZW,,502498.0,502498.0
505928,236051,True,2017-12-01 21:01:44+00:00,My wife and I are hammering @115830 this Xmas. But with only one account neither of us are allowed to check order statuses and I can’t look in my inbox until Xmas day.,505926,,505928.0
505926,AmazonHelp,False,2017-12-01 21:06:34+00:00,"@236051 That can be tricky, Danny! Have you considered Amazon Households? This may help keep your presents a secret! Here's more info: https://t.co/NeuFSHCbXC ^HS",505927,505928.0,505928.0
505927,236051,True,2017-12-01 21:32:30+00:00,@AmazonHelp This blew my mind. That’s a bit easier 😃,,505926.0,505928.0
507091,236394,True,2017-12-01 21:33:56+00:00,"@AmazonHelp please help, I’m on holiday from Tuesday and I ordered using my prime account on 30 Nov and my order now gives ETA between 1 - 4th December, can you help identify why? O/N 202-1286758-6255505",507090,,507091.0
507090,AmazonHelp,False,2017-12-01 21:42:53+00:00,@236394 I recommend giving us a call for immediate assistance! You can reach out to us by phone or chat here: https://t.co/JzP7hlA23B ^DD,,507091.0,507091.0
514675,238509,True,2017-12-02 00:16:26+00:00,@115821 been online with customer service chat for over an hour because the delivery status says delivered to resident but was not handed to anyone who lives in this apt and all we want is a refund. Why is this such an issue right now????,514672,,514675.0
514672,AmazonHelp,False,2017-12-02 00:23:00+00:00,@238509 I'm sorry for the amount of time taken on this. What options are being provided to you currently for this order? ^RR,"514673,514674",514675.0,514675.0
514674,238509,True,2017-12-02 00:26:52+00:00,@AmazonHelp They said they can't resend to a different address so we're going to be refunded the cyber Monday cost just to reorder it at full price to replace the lost items....because your delivery people messed up. How is that fair exactly,514676,514672.0,514675.0
514676,238509,True,2017-12-02 00:33:37+00:00,"@AmazonHelp And the confirmation email has no order number, contidicting information, and looks like it was typed up by someone just now to cover their ass.......seriously what the hell.",514677,514674.0,514675.0
514677,238509,True,2017-12-02 00:36:17+00:00,@AmazonHelp Like what is this https://t.co/qRpmlbTQDZ,,514676.0,514675.0
514673,238509,True,2017-12-02 00:52:16+00:00,"@AmazonHelp Absolutely never ordering from amazon again. An hour and 48 minutes of back and forth with someone who first said they COULDNT process a return, processed it and sent an improvised confirmation email with no relevant information, and zero indication in account details. 🖕🏻",,514672.0,514675.0
516601,239070,True,2017-12-02 01:13:48+00:00,Ugh still waiting on my @115821  stuff that was suppose to arrive on tuesday but @115817 is lagging it,"516599,516605",,516601.0
516599,AmazonHelp,False,2017-12-02 01:24:00+00:00,@239070 I'm sorry your order hasn't arrived! Have we been able to provide a new estimated delivery date here: https://t.co/Y5jpI9gRhE? ^TN,516600,516601.0,516601.0
516600,239070,True,2017-12-02 01:24:42+00:00,"@AmazonHelp Everyday its out for delivery then it doesnt get delivered, waiting again today",516602,516599.0,516601.0
516602,AmazonHelp,False,2017-12-02 01:30:02+00:00,"@239070 I'm so sorry for the delay with your package. Please let us know if it doesn't arrive by the end of the day, today. ^HS","516603,516604",516600.0,516601.0
516604,239070,True,2017-12-02 03:24:13+00:00,"@AmazonHelp Ups just emailed me that now my package wont come till monday, unacceptable",,516602.0,516601.0
516603,239070,True,2017-12-02 03:26:31+00:00,"@AmazonHelp @115817 @UPSHelp this is not acceptable, you guys kept me waiting all day yesterday and today and now u want me to wait till monday, NO!",,516602.0,516601.0
516686,239088,True,2017-12-02 00:56:46+00:00,Olha quem chegou direto da Black Friday! Valeu @117086 ! Colocando em dia as coleções da… https://t.co/GVCjJjLWXx,516685,,516686.0
516685,AmazonHelp,False,2017-12-02 01:02:00+00:00,"@239088 Olá, Ismaile! Conte para nós, você já sabe qual deles vai ler primeiro? 😍📚🤔 ^NB",,516686.0,516686.0
517628,239345,True,2017-12-02 01:41:34+00:00,@AmazonHelp your customer service has gone down the drain. My call has been disconnected on three times over a major issue no one can seem to resolve.,517627,,517628.0
517627,AmazonHelp,False,2017-12-02 01:45:27+00:00,"@239345 I'm sorry for the poor experience! This isn't the expectation we've set. Without giving account/personal details, can you please tell us what's going on? ^AC",,517628.0,517628.0
520742,240214,True,2017-12-02 03:04:19+00:00,"Yep. No xenoblade for me today. Courier tracking is saying tomorrow now.

Thanks for ruining my birthday plans, Amazon.",520741,,520742.0
520741,AmazonHelp,False,2017-12-02 03:08:00+00:00,@240214 I'm sorry for the wait! What's the delivery date shown in your order confirmation e-mail here: https://t.co/H1G9sVRTDQ? ^JM,,520742.0,520742.0
523421,240945,True,2017-12-02 04:48:22+00:00,"Hopefully this is the last time I use Amazon Prime.... 

All my bank account are scolding me rn. 😂",523420,,523421.0
523420,AmazonHelp,False,2017-12-02 04:53:00+00:00,"@240945 Hey, don't let the bank accounts, get you down! We got your back! ^HS",,523421.0,523421.0
527681,242150,True,2017-12-02 08:08:17+00:00,"@115821 once again @3375 was chosen as a carrier for delivering a package I ordered, and this is how I find it when I get home. The package appears to have been opened and then resealed. Please stop using this carrier. https://t.co/EiIQnYBuPA",527679,,527681.0
527679,AmazonHelp,False,2017-12-02 08:15:29+00:00,"@242150 Hi, sorry to hear of the condition of the parcel. Were all the contents inside the box? Was anything damaged?^BZ",527680,527681.0,527681.0
527680,242150,True,2017-12-02 08:22:35+00:00,"@AmazonHelp from what I can tell, everything I ordered is in the box. But I have never received a package in this condition from any of the other carriers. I am willing to pay extra if I have too if only not to have @3375 ever used to deliver my packages.",527682,527679.0,527681.0
527682,AmazonHelp,False,2017-12-02 08:39:00+00:00,@242150 I am glad to hear that nothing was damaged/missing. We do apologize once again for the condition. ^CR,,527680.0,527681.0
530009,242736,True,2017-12-02 09:39:17+00:00,Start of my weekend stuck in the house waiting for my @115830 order that I booked yesterday off work to wait for 👿 no update available on My Orders - do I literally just wait???,530008,,530009.0
530008,AmazonHelp,False,2017-12-02 09:41:30+00:00,"@242736 Hi, what was the most recent update on the tracking for your order?^PJ",530006,530009.0,530009.0
530006,242736,True,2017-12-02 09:46:25+00:00,"@AmazonHelp Yesterday at 5:17pm (not cool btw!) I was told there was an issue and my delivery wouldn't be arriving today and to wait ""one or two days"" ☹️ on nominated delivery too! Ordered on Monday specially for yesterday.",530004,530008.0,530009.0
530004,AmazonHelp,False,2017-12-02 09:47:53+00:00,@242736 Sorry to hear that. Were you provided a reason for the delay?^PJ,530005,530006.0,530009.0
530005,242736,True,2017-12-02 09:55:46+00:00,"@AmazonHelp Nooo, just that there may be a delay.",530007,530004.0,530009.0
530007,AmazonHelp,False,2017-12-02 10:00:00+00:00,@242736 Let's look into this in real time. Please call or chat with us here: https://t.co/w2IQueIbjM  ^BA,,530005.0,530009.0
531616,243150,True,2017-12-02 10:43:07+00:00,Good work from your delivery driver today @115821 - didn't knock and didn't use the safe place https://t.co/QLnJ0rJk3x,531614,,531616.0
531614,AmazonHelp,False,2017-12-02 10:46:00+00:00,"@243150 I'm really sorry to hear that Doug, we can't see your account here on Twitter so I'd suggest contacting us here: https://t.co/JzP7hlRCV9 so we can report that to Amazon Logistics and check the order status for you.^MA",531615,531616.0,531616.0
531615,243150,True,2017-12-02 11:10:54+00:00,"@AmazonHelp I did - status was delivered to safe place...which it wasn’t! Daisy from customer Service trying to track down the driver and get it redelivered, not holding my breath",531617,531614.0,531616.0
531617,AmazonHelp,False,2017-12-02 11:15:00+00:00,@243150 Please let us know if you're able to have it redelivered. Thank you ^AP,531618,531615.0,531616.0
531618,208727,True,2017-12-02 16:47:12+00:00,@AmazonHelp @243150 Grammar police 🚨 here. Think you'll find you are doing the delivering or is the Brexit version of parcel delivering?,,531617.0,531616.0
531676,243166,True,2017-12-02 10:07:32+00:00,"@115850  from Amazon delivery guy who threat me to he will kill me and abused because I couldn't not able be on place..
I never thought they do hire serial killers..for delivery",531673,,531676.0
531673,AmazonHelp,False,2017-12-02 10:35:00+00:00,@243166 The problem you experienced is no more acceptable to us than it was to you. We appologize for the inconvenience caused to you by our delivery agent. Have you reported it to the support team here: https://t.co/TxK11z5H93 ? ^HR,"531674,531675",531676.0,531676.0
531675,243166,True,2017-12-02 10:39:08+00:00,@AmazonHelp Don't apologise please if are brand if you believe you're true enterpure please put that guy behind bar I have his number ..  when ask him Bhai abhi ajao please delivery kardo he abused me on my mom which I can't discribe here..  j knew phone gets record I so t,"531677,531678",531673.0,531676.0
531674,243166,True,2017-12-02 10:41:22+00:00,"@AmazonHelp I thought I will get help from you I am I will fight for myself and it should never happen again I am complain to police as well as well as I would like take help of Media sir you can't spoil some day and give schock to anyone it's wrong... 
Thanks you",,531673.0,531676.0
531677,AmazonHelp,False,2017-12-02 11:03:00+00:00,@243166 That is not acceptable in any instance. We'd like help you with this. Please drop your details here: https://t.co/beaaDlIL5C and we'll get in touch with you soon. ^BV,531679,531675.0,531676.0
531679,243166,True,2017-12-02 11:18:57+00:00,@AmazonHelp 9833354484,531680,531677.0,531676.0
531678,243166,True,2017-12-02 11:23:26+00:00,@AmazonHelp Please deliver my order now ASAP I wanted gift  someone do this that we will continue same if anything happens to me Amazon will responsible...  Because I never seen Angy and badass delivery boy screaming on phone abusing the costumer,,531675.0,531676.0
531680,AmazonHelp,False,2017-12-02 11:32:00+00:00,"@243166 Could you confirm if you've filled in your details with the link provided earlier? If not, please do and we'll get this sorted. Also, please don’t provide your order details as we consider them to be personal information. Our Twitter page is visible to public. ^PB",,531679.0,531676.0
534185,243722,True,2017-12-02 11:38:11+00:00,"Ich wollte nachfragen, ob die Chance besteht ""I Am... World Tour"" wieder auf Prime zur Verfügung zu stellen. @115825",534184,,534185.0
534184,AmazonHelp,False,2017-12-02 11:59:28+00:00,"@243722 Dazu liegt uns keine Information vor. Ich gebe deinen Wunsch zu ""Beyonce - I am World Tour"" aber gern weiter. Ob und wie lange ein Titel bei Prime Video verfügbar ist, hängt von den getroffenen Lizenzvereinbarungen ab. ^DS",,534185.0,534185.0
537516,244595,True,2017-12-02 13:57:52+00:00,Amazon Echo Plus ist eingerichtet. 😍😏,537515,,537516.0
537515,AmazonHelp,False,2017-12-02 14:01:00+00:00,@244595 Los gehts! :-) Viel Spaß! ^AK,,537516.0,537516.0
538482,244840,True,2017-12-02 14:15:22+00:00,@AmazonHelp I've received a letter to tell me I'm eligible for another free month trial of prime video but when I follow the link https://t.co/v4AmrO7WVu it leads me to a page to sign up for a full subscription,538481,,538482.0
538481,AmazonHelp,False,2017-12-02 14:19:54+00:00,"@244840 Hum, I can see your confusion! Here information on how to manage your Prime subscription: https://t.co/zATo19CBTV If this does not give you the information you need, please let us know. We are here to help! Welcome back to Prime! ^DJ",538480,538482.0,538482.0
538480,244840,True,2017-12-02 14:25:46+00:00,"@AmazonHelp This doesn't tell me anything or give me any option about starting a free trial, when I click the banner in the top right corner for a 30 day free trial it takes me back to a page to start a full membership again.",538479,538481.0,538482.0
538479,AmazonHelp,False,2017-12-02 14:36:01+00:00,"@244840 That's odd, Laura! We'd like to take a closer look with you so let's try this.  If you have a moment, reach out to us here via phone: https://t.co/JzP7hlA23B ^SM",,538480.0,538482.0
540890,233267,True,2017-12-02 15:21:15+00:00,"Well we're not impressed with #AmazonPrime and it's next day delivery drivers. Package supposed to come Friday, said they tried, front door never knocked once, said they'll deliver today high priority before 3pm, never came! #jogon https://t.co/ezfyYjFHlZ",540889,,540890.0
540889,AmazonHelp,False,2017-12-02 15:27:30+00:00,@233267 I'm sorry your package has not yet been delivered! Deliveries are made until 21:00. Please let us know if you have not received your item by then. Thank you. ^AP,,540890.0,540890.0
542225,245835,True,2017-12-02 15:25:34+00:00,"@115850 order # 405-0471322-5505122, tracking # 184124212522 - I paid for 2 day guaranteed delivery and it was promised that product will be delivered by 8 PM. It's already 9 PM and I haven't received my product. The status is ""out for delivery"" since evening. please help.",542224,,542225.0
542224,AmazonHelp,False,2017-12-02 15:49:30+00:00,"@245835 Apologies for the miss on delivery. Please share your details with us here: https://t.co/GIJyeYqKE0. We'll get in touch shortly, to help you.
Please don't provide your order details as we consider it personal information. Our twitter page is visible to public.
^CB",,542225.0,542225.0
543589,246255,True,2017-12-02 16:21:09+00:00,@115830 Order was due to arrive 5 days ago and still no info on when it's due. Prime memeber 4 year and never had this much bother before,543587,,543589.0
543587,AmazonHelp,False,2017-12-02 16:23:36+00:00,@246255 So sorry to hear that you haven't received your order yet! Has this order already been dispatched? ^GS,543588,543589.0,543589.0
543588,246255,True,2017-12-02 16:26:59+00:00,@AmazonHelp No it says was expected 28th Nov... but on the website the item is currently in stock and sold by amazon,543590,543587.0,543589.0
543590,AmazonHelp,False,2017-12-02 16:34:00+00:00,@246255 Have you been given a new delivery date via email (please make sure to check junk folders) or tracking?^SM,543591,543588.0,543589.0
543591,246255,True,2017-12-02 16:38:39+00:00,"@AmazonHelp No nothing. I spoke on live chat a few days ago, they just said they could cancel it so I could re-buy it on prime but now the price changed",543592,543590.0,543589.0
543592,AmazonHelp,False,2017-12-02 16:44:29+00:00,"@246255 I understand. Please give us another chance to look into this with you. Please reach us by phone here: https://t.co/JzP7hlA23B, for available options. ^JM",,543591.0,543589.0
549517,247481,True,2017-12-02 18:12:12+00:00,"@amazonhelp from Italy, I've been waiting for a refund since nov 16th. Looks like there was a trouble in your procedure, no way your customer service can solve this for me. Unfair!",549516,,549517.0
549516,AmazonHelp,False,2017-12-02 18:27:00+00:00,@247481 We've already replied here: https://t.co/8ncn8UlcIq. ZC,,549517.0,549517.0
549522,247952,True,2017-12-02 18:14:44+00:00,Dans la série nos livreurs ont du talent : le colis est tellement entré en force qu’on peut pas ouvrir la porte de la boîte aux lettres. Je sors le pied de biche et vous indemnisez ?@120534 @120533 https://t.co/vkg3bYHqPh,549520,,549522.0
549520,AmazonHelp,False,2017-12-02 18:26:32+00:00,"@247952 Bonsoir, je suis sincèrement navrée pour cet incident, quel est le transporteur en charge de cette livraison ? ^ASZ",549521,549522.0,549522.0
549521,247952,True,2017-12-02 18:37:52+00:00,@AmazonHelp Colis privé... seul moyen d’ouvrir c’est le pass collectif maintenant,549523,549520.0,549522.0
549523,AmazonHelp,False,2017-12-02 18:51:00+00:00,"@247952 J'espère que votre colis est en bon état, Nous allons remonter cet incident au service concerné.
Tenez-nous au courant de la suite des évènements ^ME",,549521.0,549522.0
551955,248656,True,2017-12-02 19:10:12+00:00,Amazon have ruined my day @AmazonHelp,551954,,551955.0
551954,AmazonHelp,False,2017-12-02 19:13:30+00:00,"@248656 We'd like to make your day better, Loreal! Without providing personal or account details, could you tell us a bit more about what's going? ^FD",551953,551955.0,551955.0
551953,248656,True,2017-12-02 19:21:19+00:00,@AmazonHelp I’ve dm’d you,551952,551954.0,551955.0
551952,AmazonHelp,False,2017-12-02 19:27:00+00:00,@248656 Thanks! I've responded. You're welcome to continue our conversation on the thread that works best for you! ^CS,,551953.0,551955.0
555304,249649,True,2017-12-02 20:38:31+00:00,"@AmazonHelp I’ve had a card come through the post about restarting a 30 day prime free trial, but I can’t seem to activate it without the payment screen?🤔",555302,,555304.0
555302,AmazonHelp,False,2017-12-02 20:53:00+00:00,"@249649 Hi, great call out! We require activate payment on file before a trial can be started. This will allow a seamless transition into the full membership once the trial is complete. I hope this helps! ^DA",555303,555304.0,555304.0
555303,249649,True,2017-12-02 20:54:42+00:00,@AmazonHelp So if I have to go on the payment page and then what??🤦🏻‍♀️😬,555305,555302.0,555304.0
555305,AmazonHelp,False,2017-12-02 21:04:05+00:00,@249649 Let's take a look in real time to help out with this here: https://t.co/JzP7hlA23B ^JZ,,555303.0,555304.0
555325,249652,True,2017-12-02 20:16:00+00:00,"@AmazonHelp Order was delayed, for no reason. It's literally less than an hour away from me, and I have to wait until Monday. Nobody will do anything about it.",555324,,555325.0
555324,AmazonHelp,False,2017-12-02 20:42:00+00:00,@249652 I'm sorry for the delay! Please keep us posted and let us know when your order arrives. ^LA,555315,555325.0,555325.0
555315,249652,True,2017-12-02 20:43:50+00:00,"@AmazonHelp It was supposed to arrive, yesterday. Since apparently nobody cares to do anything about getting it delivered today, I have to resort to purchasing elsewhere, again.",555313,555324.0,555325.0
555313,AmazonHelp,False,2017-12-02 20:48:30+00:00,@249652 Who was the carrier listed for this order? You can find this within your order details here: https://t.co/Y5jpI9gRhE ^WM,555314,555315.0,555325.0
555314,249652,True,2017-12-02 20:50:05+00:00,@AmazonHelp UPS,555316,555313.0,555325.0
555316,AmazonHelp,False,2017-12-02 21:00:00+00:00,@249652 We'd like to take a closer look into the delivery. Please contact us here: https://t.co/4xptbxNu3g ^LI,555317,555314.0,555325.0
555317,249652,True,2017-12-02 21:02:48+00:00,"@AmazonHelp Yeah, I've tried contacting that way, but they refuse to do anything about it. How can I be certain I will be helped by someone that actually wants to make something happen today?",555318,555316.0,555325.0
555318,AmazonHelp,False,2017-12-02 21:06:00+00:00,@249652 I'm sorry that you did not receive the quality service we strive for. What options were provided when you spoke with us previously? ^FD,555319,555317.0,555325.0
555319,249652,True,2017-12-02 21:09:04+00:00,"@AmazonHelp Nothing. They just told me to wait until Monday, which is unacceptable. They claim nothing can be done. It needs to be delivered today, or there's no point in delivering it, at all.",555320,555318.0,555325.0
555320,AmazonHelp,False,2017-12-02 21:15:00+00:00,@249652 I'm really sorry again for the delay. I really hope you receive your shipment soon. Please keep us updated if not received by Monday. ^JP,555321,555319.0,555325.0
555321,249652,True,2017-12-02 21:16:39+00:00,"@AmazonHelp Did you not read anything I just said? I will not wait until Monday, it might as well not be delivered, at all.",555322,555320.0,555325.0
555322,AmazonHelp,False,2017-12-02 21:21:32+00:00,"@249652 It's never our intention for this to happen but the new dates may be the earliest it can arrive. If you'd like, you're able to refuse the order to have it sent back to us. ^KP",555323,555321.0,555325.0
555323,249652,True,2017-12-02 21:24:42+00:00,"@AmazonHelp Yeah, that's what I plan to do. I have to purchase elsewhere, because I cannot wait until Monday. Thanks for providing the exact same useless responses I got from customer service, yesterday. Absolutely appalling that nobody will do anything to help a long time customer.",,555322.0,555325.0
555358,249663,True,2017-12-02 20:40:48+00:00,.@AmazonHelp NEED SOME URGENT HELP WITH A QUESTION. PLEASE RESPOND,555356,,555358.0
555356,AmazonHelp,False,2017-12-02 20:43:31+00:00,"@249663 Hello Graham, without disclosing account sensitive information, how can we help? ^TE",555357,555358.0,555358.0
555357,249663,True,2017-12-02 20:44:18+00:00,@AmazonHelp Is this a giant hand or a tiny sofa? https://t.co/ajQSF0U5SG,,555356.0,555358.0
557092,250079,True,2017-12-02 20:49:18+00:00,"@AmazonHelp if i dont get my package today im never gonna order anything else from you guys ever again, this is fucking ridiculous that my package was delayed",557090,,557092.0
557090,AmazonHelp,False,2017-12-02 21:06:52+00:00,@250079 I'm very sorry for the delay! What does the latest tracking update state here: https://t.co/Y5jpI9gRhE? Please also let us know who the carrier is assigned to the delivery. We'd like to help! ^AB,557091,557092.0,557092.0
557091,250079,True,2017-12-02 23:05:05+00:00,@AmazonHelp the carrier is AMZL US it said its out for delievery,557093,557090.0,557092.0
557093,AmazonHelp,False,2017-12-02 23:18:26+00:00,@250079 We do deliver until 8PM so please let us know if it doesn't arrive by then! ^AD,557094,557091.0,557092.0
557094,250079,True,2017-12-03 00:55:07+00:00,@AmazonHelp my package still isnt at my house,557095,557093.0,557092.0
557095,AmazonHelp,False,2017-12-03 01:08:54+00:00,@250079 I am so sorry for the delay! A member of my team would like to look into this issue with you. Please pass your details to us here: https://t.co/bJDCbtFt3i ^LS,,557094.0,557092.0
567567,253119,True,2017-12-03 01:58:37+00:00,"Ya pinche @116875, me convenciste de ver @132976",567566,,567567.0
567566,AmazonHelp,False,2017-12-03 02:03:24+00:00,@253119 Hola Peace Walker! Te va a encantar! ^JJ,,567567.0,567567.0
569214,253573,True,2017-12-03 02:34:04+00:00,@115850 which sellers listed in your site are Apple authorized resellers for India? I’m interested at the same time afraid of buying from a non authorized seller. Can u pls help?,569213,,569214.0
569213,AmazonHelp,False,2017-12-03 02:56:00+00:00,@253573 I understand your concern regarding the authorized sellers. Please be assured that all the sellers listed on our website are authorized sellers. ^JS,,569214.0,569214.0
571765,254328,True,2017-12-03 04:24:42+00:00,@115850  received the mesaage but not product. Called CS  and he says i will get it by eod. #poorcustomerservice https://t.co/LOYLz3TDOj,571764,,571765.0
571764,AmazonHelp,False,2017-12-03 04:28:31+00:00,@254328 I'm sorry to hear that you've not yet received the package. Let me check this out for you. Kindly reach us via https://t.co/CNHA4voaWH and we'll help you out here. ^VM,,571765.0,571765.0
573511,254821,True,2017-12-03 05:49:32+00:00,@115850 Website slow from past few days. My internet speed at time of slowness is 9.7 Mbps which means my internet is fine. Other websites work fine. Your website is getting slow,573509,,573511.0
573509,AmazonHelp,False,2017-12-03 06:06:25+00:00,"@254821 Could you please let us know what went wrong? We would like to help. Because, when we check it from our end, the website seems to be working fine. ^HR",573510,573511.0,573511.0
573510,254821,True,2017-12-03 08:24:40+00:00,"@AmazonHelp It just gets slow randomly. Each and every one of the website's pages take forever to load. Makes checking orders bug hassle. I am on Windows 10 Desktop, latest Chrome so shouldn't be old browser issue. My laptop has 16 GB RAM so not a computer issue either.",573512,573509.0,573511.0
573512,AmazonHelp,False,2017-12-03 08:45:33+00:00,@254821 I understand your concern regarding the app. Could you try clearing the cache or trying logging into a different browser? Please do keep us posted if the issue persists. ^JS,,573510.0,573511.0
576524,255680,True,2017-12-03 08:20:08+00:00,"@115850  Thanks to your boxes, my cat has a house in Delhi 😂😂 https://t.co/jqvl9wyKfv",576522,,576524.0
576522,AmazonHelp,False,2017-12-03 08:46:25+00:00,"@255680 That's one hell of a house, a cat can have. 😃 So cool! We admire your craft skills Anum.👌 ^HR",576523,576524.0,576524.0
576523,255680,True,2017-12-03 08:52:15+00:00,@AmazonHelp Hahahahaha😂😂😂...thanks... Kitty is thankful as well 😍,,576522.0,576524.0
579148,256358,True,2017-12-03 10:35:18+00:00,Amazon echo dot 開封の儀。 https://t.co/Wq3Kz8Vhcn,579147,,579148.0
579147,AmazonHelp,False,2017-12-03 10:48:00+00:00,@256358 突然のリプ、失礼いたします。Amazon Echo Dotをご注文いただき、誠にありがとうございます。末永く、ご愛用いただけましたら幸いです &lt;(_ _)&gt;　SM,,579148.0,579148.0
581167,256945,True,2017-12-03 12:22:49+00:00,@115821 Amazon flex apps not working after I logged in ...,581166,,581167.0
581166,AmazonHelp,False,2017-12-03 12:29:00+00:00,@256945 Sorry to hear this. Can you tell us a bit more about what happens? Is there an error message or anything like that?^BZ,581165,581167.0,581167.0
581165,256945,True,2017-12-03 12:30:54+00:00,@AmazonHelp That's what it keep doing after logged in. https://t.co/Pzen812cwE,581164,581166.0,581167.0
581164,AmazonHelp,False,2017-12-03 12:33:26+00:00,@256945 Could you please try to uninstall and reinstall the app to see if that resolves the issue?^PJ,,581165.0,581167.0
581223,256956,True,2017-12-03 12:13:51+00:00,On trouve des occasions étranges sur @120533 https://t.co/d53UPWLM8j,581222,,581223.0
581222,AmazonHelp,False,2017-12-03 12:15:54+00:00,"@256956 Bonjour, en quoi puis-je vous aider ? ^SN",,581223.0,581223.0
586877,258586,True,2017-12-03 15:07:05+00:00,@119625 since your last update on iPhone 📱 it doesn’t cast on @115858 TV 📺. Please help,586875,,586877.0
586875,AmazonHelp,False,2017-12-03 15:27:37+00:00,@258586 We’re working hard on an app to cast for AppleTV. Please stay tuned for further update. ^SG,586876,586877.0,586877.0
586876,258586,True,2017-12-03 15:55:38+00:00,@AmazonHelp Any timelines ?,586878,586875.0,586877.0
586878,AmazonHelp,False,2017-12-03 16:18:55+00:00,"@258586 I'm afraid we'll not be able to speculate any specific timeline. However, please stay tuned. ^SG",,586876.0,586877.0
590009,259506,True,2017-12-03 16:19:46+00:00,@115821 It is very sad to say but  your current logistic service (DELHIVERY) is very poor with poor quality..Strimly disappointed..,590008,,590009.0
590008,AmazonHelp,False,2017-12-03 16:41:00+00:00,@259506 I'm sorry about the unpleasant experience with the delivery. Could you please elaborate on your concern so that we can assist you accordingly? ^GD,,590009.0,590009.0
590810,259743,True,2017-12-03 16:57:16+00:00,@120533 super votre service client..et votre service de livraison..je devais être livrée le 1er décembre bien évidemment je n'ai rien eu et votre service client qd il répond..ne sait pas où est le colis et ne sait pas qd il sera livré👏👏👏👏👏 AUCUNE AIDE POURRI,590809,,590810.0
590809,AmazonHelp,False,2017-12-03 17:04:00+00:00,"@259743 Bonjour, je suis désolée d'apprendre cela. Quel est le transporteur qui prend en charge votre livraison? Et qu'indique le suivi je vous prie? ^BR",,590810.0,590810.0
594578,260864,True,2017-12-03 18:14:04+00:00,Trying to figure out why I pay for Amazon Prime if they NEVER deliver my packages in 2 days. #canceling @AmazonHelp,594576,,594578.0
594576,AmazonHelp,False,2017-12-03 18:22:32+00:00,@260864 Hi there! I'm sorry that your packages don't arrive when expected. The two day timer doesn't start until an item leaves our fulfillment center. Please take a moment to read over the Prime shipping help file: https://t.co/KK7HxTe24m  ^SP,594577,594578.0,594578.0
594577,260864,True,2017-12-03 19:31:03+00:00,@AmazonHelp That’s deceiving.,,594576.0,594578.0
601278,262643,True,2017-12-03 21:32:22+00:00,@115830 @AmazonHelp desperately waiting for Amazon key now to avoid this. Not ideal. Contents were not damaged. https://t.co/ybXfBsra7G,601277,,601278.0
601277,AmazonHelp,False,2017-12-03 21:34:33+00:00,@262643 I'm sorry for the damaged parcel! We'd like to make sure this is reported. Please reach us by phone or chat here: https://t.co/JzP7hlA23B ^AB,,601278.0,601278.0
616903,266374,True,2017-11-22 14:24:40+00:00,@AmazonHelp why haven’t my football bed sheets come yet I can’t sleep without them,616902,,616903.0
616902,AmazonHelp,False,2017-11-22 14:26:31+00:00,"@266374 Hello, Todd! Some orders may require extra processing time. Have we missed a delivery date provided at checkout? You can check here:   https://t.co/JzP7hlA23B ^MW",,616903.0,616903.0
627737,268673,True,2017-11-22 15:12:53+00:00,Effective packaging @115821 https://t.co/Jt10UrvjV9,627736,,627737.0
627736,AmazonHelp,False,2017-11-22 15:19:29+00:00,"@268673 We're always looking to improve! When you have the time, please provide your feedback here: https://t.co/hV6vKnO9Ip ^TK",,627737.0,627737.0
629484,269125,True,2017-11-22 15:45:16+00:00,Se os ha olvidado activar el Amazon Locker Itziar @116928 😏,629482,,629484.0
629482,AmazonHelp,False,2017-11-22 15:51:00+00:00,"@269125 Hola. ¿podrías informarnos, si tienes algún pedido pendiente de entrega? ^HC",629483,629484.0,629484.0
629483,269125,True,2017-11-22 15:52:55+00:00,@AmazonHelp No! Es un Locker nuevo que pusisteis hace un tiempo pero al elegirlo como punto de recogida no aparece.,629485,629482.0,629484.0
629485,AmazonHelp,False,2017-11-22 15:59:03+00:00,"@269125 Entiendo, en ese caso te recomendamos contactar a nuestros compañeros de Servicio al Cliente para verificar tu caso, puedes hacerlo ingresando en el siguiente enlace: https://t.co/OjvUxwnzPe ^HC",,629483.0,629484.0
629517,269131,True,2017-11-22 15:20:47+00:00,@115850 @AmazonHelp Without any mesg. ur courier part. is informing dat cust. delayed the delivery.  (1/2) https://t.co/sCt3IxCFgj,629516,,629517.0
629516,AmazonHelp,False,2017-11-22 15:47:33+00:00,"@269131 Sorry to know about the delay with the order. Please share your details in this link here: https://t.co/GIJyeYqKE0 and I'll reach out. Please don't provide your order details, we consider it to be personal info. Our page is visible to the public. ^KA",,629517.0,629517.0
629618,269149,True,2017-11-22 15:03:24+00:00,@115821 Will there be someone helping me for the receiving a empty package from Amazon for 10000 INR?,629617,,629618.0
629617,AmazonHelp,False,2017-11-22 15:38:00+00:00,@269149 Sorry about the trouble you've had with your order. Please report this to our support team here : https://t.co/vlvfJr4nN9 and they'll help you with this. ^AS,,629618.0,629618.0
641645,272288,True,2017-11-22 00:06:42+00:00,Oh I’m so angry. So first @115817 managed to break a table in half during delivery.,"641644,641646",,641645.0
641644,272288,True,2017-11-22 00:07:18+00:00,@115817 Then I call to see about swapping it for a whole one and they say to call and let them know when I was ready to pick up the broken one.,641643,641645.0,641645.0
641643,272288,True,2017-11-22 00:11:08+00:00,@115817 I call again and they say I can leave it outside today. It’s not picked up though and now they’re saying I have to be there or go in 😭,641642,641644.0,641645.0
641646,UPSHelp,False,2017-11-22 00:11:58+00:00,"@272288 I am sorry to see this is happening. Please DM the tracking number, so we can look into this for you. ^WS https://t.co/wKJHDXWGRQ",,641645.0,641645.0
641642,272288,True,2017-11-22 20:54:00+00:00,@115817 Update @115821 did not send the right labels so even though @115817 helped me out I STILL HAVE THIS PACKAGE,641641,641643.0,641645.0
641641,AmazonHelp,False,2017-11-22 20:58:00+00:00,@272288 We'd like to help! Please reach out to us by phone or chat: https://t.co/hApLpMlfHN so that we can get this sorted together. ^KJ,,641642.0,641645.0
643285,272725,True,2017-10-05 01:45:42+00:00,@115821 hey buddies i am missing a package :(,643282,,643285.0
643282,AmazonHelp,False,2017-10-05 02:15:28+00:00,@272725 We'd like to help out. What does the current status for your order state here: https://t.co/q4LAMZ3tbE? ^GG,"643283,643284",643285.0,643285.0
643284,272725,True,2017-10-05 15:22:26+00:00,@AmazonHelp Well its a pretty large package. Its HQ2 it needs to be in bhm so Bezos will be near his rocket engines. Think you can get this delivered?,,643282.0,643285.0
643283,272725,True,2017-10-07 02:30:36+00:00,@AmazonHelp Really you want to make a difference come to a red state and instate some real change.,,643282.0,643285.0
644861,116917,True,2017-11-22 18:01:31+00:00,"Way to go @115821! You keep making promises you can’t keep.
You promise two day shipping: Doesn’t Show. (you lost it)
You promise you’ll cover the cost of one day shipping: Not Available.
Last promise is to refund my money: TBD",644859,,644861.0
644859,AmazonHelp,False,2017-11-22 18:07:49+00:00,"@116917 I'm sorry for the poor experience. When was the last time you called us, regarding your refund? Typically, refunds can take 3-5 business days to process and post back to your account. Has that time passed? ^CO",644860,644861.0,644861.0
644860,116917,True,2017-11-22 18:08:28+00:00,@AmazonHelp Today. That’s why the refund is TBD.,,644859.0,644861.0
650058,146157,True,2017-11-25 06:36:55+00:00,"OK, this is enough. Got an email, called them after 5 hours, was told to wait again for 2 days. @115821 I am not giving you a single cent more. No word from @115851 either. Amazing. @AmazonHelp = Pathetic https://t.co/pWwKfTSSUe",650057,,650058.0
650057,AmazonHelp,False,2017-11-25 07:00:32+00:00,@146157 I'm very sorry for the inconvenience this has caused! We'd like to have a member of our team look into this for you. Please add your details to the following link: https://t.co/1Br26YUliX ^BN,650055,650058.0,650058.0
650055,146157,True,2017-11-25 07:06:15+00:00,@AmazonHelp Done. I guess I will have to wait the standard 2 days and then get the same automatic email and still no solving the issue. 😠,650053,650057.0,650058.0
650053,AmazonHelp,False,2017-11-25 07:12:00+00:00,@146157 Thanks for providing your details. We aim to be in touch with you within 12 business hours.^BZ https://t.co/1XyLaGkcaN,650054,650055.0,650058.0
650054,146157,True,2017-11-25 07:18:13+00:00,"@AmazonHelp LOL. Don't bother, by then I would have missed all deals I was after. At least cancel the prime and refund the last charge.",650056,650053.0,650058.0
650056,146157,True,2017-11-25 07:23:29+00:00,"@AmazonHelp Oh right, you can't do that. I would hurt @115851 wallet after all. @115821 good on you.",,650054.0,650058.0
652068,275060,True,2017-11-22 21:44:03+00:00,"@AmazonHelp hello, si j'ai supprimé ma CB de la liste des moyens de paiement ça n'a aucune incidence sur la commande en cours que j'ai payé avec cette même CB ?",652067,,652068.0
652067,AmazonHelp,False,2017-11-22 21:47:32+00:00,"@275060 Bonsoir, Est-ce que la commande en cours a été expédiée ?
^YL",652058,652068.0,652068.0
652058,275060,True,2017-11-22 21:48:17+00:00,@AmazonHelp Non en attente pour expédition mais un de vos agents ma dit que cela n'a aucune incidence,"652055,652066",652067.0,652068.0
652066,275060,True,2017-11-22 21:51:24+00:00,@AmazonHelp Il m'a fait même un mail pour me faire une confirmation...,,652058.0,652068.0
652055,AmazonHelp,False,2017-11-22 21:57:00+00:00,"@275060 D'accord, vu c'est confirmé par notre SAV vous pouvez supprimer votre carte.
^YL","652056,652057",652058.0,652068.0
652057,275060,True,2017-11-22 21:58:01+00:00,@AmazonHelp Bah en fait j'avais fait la suppression après j'ai pris contact avec le service client mais j'ai peur d'une mauvaise surprise 😔,"652059,652060",652055.0,652068.0
652060,275060,True,2017-11-22 22:00:34+00:00,@AmazonHelp Que faire si ma commande est suspendu alors que je dois la recevoir pour demain ?(Amazon prime ),,652057.0,652068.0
652056,275060,True,2017-11-22 22:01:16+00:00,@AmazonHelp Pouvez-vous faire une vérification ? S'il vous plaît ?,,652055.0,652068.0
652059,AmazonHelp,False,2017-11-22 22:03:00+00:00,@275060 L'agent du service client a effectué les vérifications nécessaires. Soyez assuré et n'hésitez pas à nous contacter via https://t.co/hgIrz98cdI en cas de besoin ^KD,652061,652057.0,652068.0
652061,275060,True,2017-11-22 22:03:29+00:00,@AmazonHelp Très bien je vous fait confiance 😉,652062,652059.0,652068.0
652062,AmazonHelp,False,2017-11-22 22:05:29+00:00,@275060 A votre service ^KD,652063,652061.0,652068.0
652063,275060,True,2017-11-22 22:07:53+00:00,@AmazonHelp Ah j'oubliais c'est normal que je peux toujours faire une modification sur la commande alors que c'est en préparation pour expédition ?,652064,652062.0,652068.0
652064,AmazonHelp,False,2017-11-22 22:09:26+00:00,@275060 Les modifications sont possible tant que le oclis n'est pas entré dans le processus d'expédition. ^MH,652065,652063.0,652068.0
652065,275060,True,2017-11-22 22:11:35+00:00,@AmazonHelp Ah d'accord merci https://t.co/9cH81wzWPB,,652064.0,652068.0
654263,275641,True,2017-11-22 22:22:48+00:00,"@120533 de gros soucis de décalages sur les sous-titres de Prime Vidéos, dès 15-20 minutes les ST sont décalés de plusieurs secondes 😤",654262,,654263.0
654262,AmazonHelp,False,2017-11-22 22:26:30+00:00,"@275641 Bonsoir, merci de vérifier cela auprès de notre service technique via https://t.co/hgIrz98cdI Ce dernier s'occupera d'effectuer la réclamation ^KD",,654263.0,654263.0
656044,276068,True,2017-11-22 22:52:09+00:00,@115830 litterally sent me an empty package. Wtf I want my money back 😒😒,656042,,656044.0
656042,AmazonHelp,False,2017-11-22 22:57:43+00:00,@276068 I'm sorry for the trouble with your order. We're here to help!  Please call or chat in so we can review available options here:  https://t.co/JzP7hlA23B ^SG,656043,656044.0,656044.0
656043,276068,True,2017-11-23 14:00:39+00:00,@AmazonHelp Can you provide me with an email that I can contact someone please.,656045,656042.0,656044.0
656045,AmazonHelp,False,2017-11-23 14:19:00+00:00,"@276068 Please use the link provided above. It will direct you to the correct department, by selecting the options from the drop down menu.^CD",656046,656043.0,656044.0
656046,276068,True,2017-11-23 14:23:23+00:00,@AmazonHelp It doesn't allow me to write an email or explain the issue. Can you send me an email to contact the amazon head office?,656047,656045.0,656044.0
656047,AmazonHelp,False,2017-11-23 14:44:35+00:00,"@276068 The best way to get in touch is to use the link, can you tell us what options appear when you're on it. ^HS",,656046.0,656044.0
660339,277291,True,2017-11-23 00:17:10+00:00,"Ya llego el hijo pródigo 😍🙈 gracias @116875 @AmazonHelp, antes de lo esperado, gracias de nuevo ☺️🙊 https://t.co/ocyKLtlTUu",660338,,660339.0
660338,AmazonHelp,False,2017-11-23 00:25:13+00:00,"@277291 Berry, ¡nos alegra mucho saber que si recibiste Destiny para PS4, un juegazo sin duda, que lo disfrutes! Cualquier otra consulta, por favor nos avisas, estamos acá para ayudarte. ^CB",,660339.0,660339.0
662656,277880,True,2017-11-23 01:42:57+00:00,Amazon prime says u get your shit in 2 days but my shit isn’t coming @115821 u liar,662655,,662656.0
662655,AmazonHelp,False,2017-11-23 01:48:14+00:00,@277880 I'm sorry for the trouble! Have we missed the delivery date shown here: https://t.co/Y5jpI9gRhE ?  ^LJ,662650,662656.0,662656.0
662650,277880,True,2017-11-23 01:50:36+00:00,@AmazonHelp Yes you did,662648,662655.0,662656.0
662648,AmazonHelp,False,2017-11-23 01:58:00+00:00,@277880 I understand your frustration! What's the current status and carrier shown in the link provided by LJ? ^SJ,662649,662650.0,662656.0
662649,277880,True,2017-11-23 02:04:28+00:00,@AmazonHelp All of my items were supposed to be here yesterday and it says they aren’t coming until the 22nd - the 25th. That’s some bullshit honestly,662651,662648.0,662656.0
662651,AmazonHelp,False,2017-11-23 02:07:29+00:00,"@277880 Have you had a chance to look at the link ^LJ provided? If so, which carrier is delivering it? ^LI",662652,662649.0,662656.0
662652,277880,True,2017-11-23 02:32:50+00:00,@AmazonHelp Usps,662653,662651.0,662656.0
662653,AmazonHelp,False,2017-11-23 02:35:00+00:00,"@277880 Thank you for this information. If your shipment hasn't arrived by Sunday, or for direct assistance, please reach us by choosing ""phone"" or ""chat"" using this link: https://t.co/hApLpMlfHN ^JR",662654,662652.0,662656.0
662654,277880,True,2017-11-23 02:36:13+00:00,"@AmazonHelp It was supposed to be here yesterday, it wasn’t here today, and it won’t be here tomorrow. What’s the point of waiting until Sunday when I need it TOMORROW.",,662653.0,662656.0
665694,122719,True,2017-11-03 08:08:44+00:00,@115850 pl solve pick up issue no one contacted me till yet,665693,,665694.0
665693,AmazonHelp,False,2017-11-03 08:17:00+00:00,@122719 We've emailed to the email address registered on Amazon. Kindly respond to the email you've received. ^SF,,665694.0,665694.0
666953,278932,True,2017-11-23 02:47:19+00:00,"@115850 very disappointed with your services, ihave order a laptop bag on 6 nov and paid the mony but till now not received anything, if this product has not been delivered in 2 days i will never ever shop on amazon. https://t.co/nISerkrXTl",666952,,666953.0
666952,AmazonHelp,False,2017-11-23 03:16:44+00:00,@278932 Apologies for any delay in delivering the product. I request you to kindly wait till the revised time frame and I'm positive that the order would be delivered. ^SC,,666953.0,666953.0
671590,280250,True,2017-11-19 12:34:41+00:00,@115850 team I need the invoice of order from Amazon. Not able to find any request link in your app hence I am here,"671589,671591",,671590.0
671591,AmazonHelp,False,2017-11-19 12:57:00+00:00,"@280250 I understand your concern, please contact us here: https://t.co/rS49hgaADF and we'll assist you accordingly. ^SU",,671590.0,671590.0
671589,280250,True,2017-11-23 08:46:40+00:00,@115850 It's not working. Pls share the invoice of my last order i.e. phone,671588,671590.0,671590.0
671588,AmazonHelp,False,2017-11-23 09:27:53+00:00,"@280250 I understand you are facing issues with the product. You may print an invoice from your account, follow the link here: https://t.co/ZPFYMl3dkH. Please keep us posted for any assistance. ^BS",,671589.0,671590.0
671803,280281,True,2017-11-23 08:19:41+00:00,"@115851 @30882 @AmazonHelp. Oh well, surprise still no contact &amp; total waste of time. The ship is certainly sinking &amp; you couldn’t care less about your so called “Delivery Partners” or the families they provide for! 😡👎🏻",671802,,671803.0
671802,AmazonHelp,False,2017-11-23 08:28:28+00:00,@280281 Hi Colin! Did you fill out the form provided by Kim? Did you receive an update via email? Be sure to check your spam folder.^CN,671798,671803.0,671803.0
671798,280281,True,2017-11-23 08:55:30+00:00,@AmazonHelp Yes I did and once again a total waste of time. 2nd standardised email from the company. Absolute shambolic,671796,671802.0,671803.0
671796,AmazonHelp,False,2017-11-23 09:01:00+00:00,@280281 What was advised in the email?^CN,671797,671798.0,671803.0
671797,280281,True,2017-11-23 09:04:15+00:00,"@AmazonHelp Same rubbish that we always receive:
My name is Tibi, and I am a member of the Amazon Flex Support Team. Jeff received your e-mail and requested that we research this issue and respond on his behalf. I will be sure to update their office on this correspondence. 

😡👎🏻","671799,671800",671796.0,671803.0
671799,AmazonHelp,False,2017-11-23 09:43:31+00:00,"@280281 Hi Colin, that doesn't sound good please follow this link: https://t.co/tkLCr7DNil and fill out form and we will be in touch. ^HS",671801,671797.0,671803.0
671801,280281,True,2017-11-23 09:57:40+00:00,"@AmazonHelp Why fill this form in when I’ve already filled in previously and what did I get, another daft email. Total waste of time. 👎🏻😡",,671799.0,671803.0
671800,280282,True,2017-11-29 07:42:42+00:00,@280281 @AmazonHelp Amazon flex is a garbage ass program and they treat their drivers like shit.,,671797.0,671803.0
671805,280283,True,2017-11-23 08:52:27+00:00,"Buenos días @116928, tengo un pedido""entregado""que no me ha llegado y hasta hace 5 min,varios pedidos""en camino""que sí me habían entregado.Siempre que he tenido problemas han sido con ellos.A ver si tomáis nota de las quejas de la gente sobre @80",671804,,671805.0
671804,AmazonHelp,False,2017-11-23 09:00:29+00:00,"@280283 Hola El de l'oli, lamento los inconvenientes con tu pedido. Te recomiendo en este caso consultar la situación directamente con nuestro Soporte al Cliente: https://t.co/OjvUxw5YqE  ^DQ",,671805.0,671805.0
675170,201313,True,2017-11-23 08:07:13+00:00,"@AmazonHelp having lots of problems with returns not being picked up for days, or at all. I have one currently that is ready to go but hasn’t been collected. Thanks",675169,,675170.0
675169,AmazonHelp,False,2017-11-23 08:22:00+00:00,"@201313 Hey Kirsty, who is the carrier that is supposed to collect your parcel? When was the collection arranged?^MA",675166,675170.0,675170.0
675166,201313,True,2017-11-23 10:43:34+00:00,@AmazonHelp It was arranged Monday. I can’t see who the carrier is. https://t.co/dJBBgYrIsC,"675163,675168",675169.0,675170.0
675168,AmazonHelp,False,2017-11-23 10:52:00+00:00,@201313 I can see the return label was arranged by a seller called Autofather. You can contact the seller to query this by following the link below:https://t.co/SLzDSQm58n ^GA,,675166.0,675170.0
675163,AmazonHelp,False,2017-11-23 10:55:00+00:00,@201313 This looks like a return label for an order sent by a seller. Have you contacted the seller to receive an update about the collection?^PJ,"675164,675165",675166.0,675170.0
675164,201313,True,2017-11-23 10:55:56+00:00,@AmazonHelp Yes they said I have to take it somewhere and pay postage. Seriously confused.,,675163.0,675170.0
675165,201313,True,2017-11-25 07:41:52+00:00,@AmazonHelp Is this normal I have to pay for a return? I have never had to do this with prime before ? Thanks kirsty,675167,675163.0,675170.0
675167,AmazonHelp,False,2017-11-25 07:52:00+00:00,"@201313 Hi, the return process of a seller may not be the same as the return process offered by Amazon. In this case it looks the seller did not have the option to provide a pre paid return label. Did the seller mention anything about refunding return postage? ^BZ",,675165.0,675170.0
683032,182992,True,2017-11-23 11:25:19+00:00,The #AmazonFirestick is the best invention! Move over #AppleTv 😏 Convenient to use and reasonably priced. @128308 @115858 @115850 #tvtoday #Netflix,683031,,683032.0
683031,283003,True,2017-11-23 11:28:21+00:00,@182992 @128308 @115858 @115850 Is it possible to stream from iPhone to Amazon fire stick? Just a doubt.,683030,683032.0,683032.0
683030,AmazonHelp,False,2017-11-23 11:45:33+00:00,@283003 This feature is currently not available on iPhone. ^SH,,683031.0,683032.0
685690,283680,True,2017-11-23 13:09:15+00:00,Black friday j’espère que j’aurais des offres sur @120533,685689,,685690.0
685689,AmazonHelp,False,2017-11-23 13:16:26+00:00,"@283680 Bonjour, vous pouvez voir toutes les offres via le lien suivant : https://t.co/aeIvgBXWo3
^ARC",,685690.0,685690.0
685726,125123,True,2017-11-23 12:55:46+00:00,@115850  can you lunching the Amazon tablet India,685725,,685726.0
685725,AmazonHelp,False,2017-11-23 13:12:00+00:00,@125123 We don't have any announcement yet. Kindly stay tuned for more updates. ^GD,,685726.0,685726.0
687788,284267,True,2017-11-23 14:19:19+00:00,@115830 got a nice when I get back. Got 3 boxes of stuff that has come early,687786,,687788.0
687786,AmazonHelp,False,2017-11-23 14:24:31+00:00,@284267 Enjoy your orders!,687787,687788.0,687788.0
687787,284267,True,2017-11-23 14:26:06+00:00,"@AmazonHelp I alot of stuff come yeasterday
I have ordered loads",,687786.0,687788.0
693802,285422,True,2017-11-23 15:14:16+00:00,@AmazonHelp hi there. I woke up to a bunch of emails thanking me for reviews I made on Amazon (which I didn’t make) along with several $0 Kindle purchases (that I also didn’t make). Was my acct compromised? How do I remove these reviews?!,693801,,693802.0
693801,AmazonHelp,False,2017-11-23 15:16:53+00:00,@285422 I'm sorry for the troubles! We would like to look into this in real time with you. Please reach out to us here: https://t.co/hApLpMlfHN. ^AL,,693802.0,693802.0
703885,288183,True,2017-11-23 17:55:21+00:00,Really is there such a need for so much packaging when you post out such a small item? A shocking waste of paper and card. @115830 @115821 https://t.co/rAeASBqtKL,"703884,703886",,703885.0
703886,AmazonHelp,False,2017-11-23 17:58:30+00:00,@288183 That does seem rather excessive. Please leave feedback here: https://t.co/lSVN3kb44b! ^TR,,703885.0,703885.0
703884,AmazonHelp,False,2017-11-23 18:00:01+00:00,"@288183 We're always looking for ways to improve! If you'd like, you can leave your feedback with us here: https://t.co/fxgZ6hTrFA ^KP",,703885.0,703885.0
704351,140039,True,2017-11-23 18:51:29+00:00,"@116316  Hallo, wieso steht beim Prime Versand bei euch ein Liefertermin am Dienstag 28.11.17 wenn man jetzt bestellt. Ich bin Prime Kunde. Danke und Gruß",704350,,704351.0
704350,AmazonHelp,False,2017-11-23 19:08:00+00:00,"@140039 Der Liefertermin setzt sich aus mehreren Faktoren zusammen. Aufgrund eines erhöhten Bestellaufkommen, beispielsweise, kann sich der Versand verzögern. Ich bitte dich daher um noch ein bisschen Geduld und hoffe, du hältst dein Paket bald in den Händen! ^BB",,704351.0,704351.0
704440,288332,True,2017-11-21 15:17:46+00:00,@115821 first order #worstexperience misleading arrival date #unaccommodating customer services😡😡 @1840,704439,,704440.0
704439,AmazonHelp,False,2017-11-21 15:25:35+00:00,"@288332 Hey Shubham, I'm sorry to hear about the issues. Which one of our sites did you order from? Was it https://t.co/K3p1gXBzhw or one of our others? ^PJ",704438,704440.0,704440.0
704438,288332,True,2017-11-21 15:32:33+00:00,"@AmazonHelp I ordered from Amazon.in,
 the last update about the package was on 18th nov 6 a.m and product was supposed to be delivered yesterday😡",704437,704439.0,704440.0
704437,AmazonHelp,False,2017-11-21 15:52:37+00:00,"@288332 Apologies for the disappointment. We’d like to help you, please fill this form: https://t.co/beaaDm0muc and we’ll contact you soon. ^MN",704436,704438.0,704440.0
704436,288332,True,2017-11-23 18:26:18+00:00,"@AmazonHelp #fakepromises,Still no replies &amp; no product delivery.😡
#Neverending wait",704435,704437.0,704440.0
704435,AmazonHelp,False,2017-11-23 18:44:00+00:00,"@288332 If you have shared your details using the secured link provided earlier, you should have received a correspondence here: https://t.co/8DAc10S7ww. Please check. ^RI",,704436.0,704440.0
707911,289231,True,2017-10-10 19:15:44+00:00,"S/o to @115821 and @118706 for failing to deliver my #BookofMythicality on release day, I watched the driver not attempt to ring the doorbell. https://t.co/iibquD8Vzt",707910,,707911.0
707910,AmazonHelp,False,2017-10-10 19:22:41+00:00,"@289231 I'm sorry for the delay in receiving your package, Daniel. Have you contacted USPS directly regarding the delay? ^CE",707909,707911.0,707911.0
707909,289231,True,2017-10-10 20:00:34+00:00,"@AmazonHelp I did, I went to my local post office and they said it was not their department and referred me to a phone #, which nobody answered...",707908,707910.0,707911.0
707908,AmazonHelp,False,2017-10-10 20:05:00+00:00,"@289231 That isn't ideal! Please, reach us directly so that we may leave carrier feedback on your behalf: https://t.co/hApLpMlfHN ^JE",,707909.0,707911.0
709745,289700,True,2017-10-06 06:56:24+00:00,Amazonから来たけど梱包雑じゃね？ https://t.co/jDc9TreD4K,709744,,709745.0
709744,AmazonHelp,False,2017-10-06 07:12:29+00:00,@289700 Amazonではサービス向上の参考にさせていただくべく、実際にお届けした商品の梱包に関するご意見、ご感想を受付しています。よろしければ文末のヘルプページをご参照の上、お送りいただければと存じます。https://t.co/pbd3dEXza5 SK,,709745.0,709745.0
710042,199862,True,2017-10-10 20:44:24+00:00,If @117634 #fire’s are aimed at children and how they are safer than #iPads - then why is there no find your device on them?? 🙈,710041,,710042.0
710041,AmazonHelp,False,2017-10-10 21:03:43+00:00,"@199862 Hey there! If you'd like to see what options we have for your Kindle, reach out to us here: https://t.co/oGDklGgbCZ^GM",,710042.0,710042.0
711649,290189,True,2017-10-10 21:42:07+00:00,@AmazonHelp my delivery never came &amp; im locked out my account &amp; it took the money off my card .,711648,,711649.0
711648,AmazonHelp,False,2017-10-10 21:44:29+00:00,@290189 I'm sorry for the trouble with your account. Have you received any e-mails from our Account Specialists about this? ^RA,,711649.0,711649.0
718383,291999,True,2017-11-25 07:56:59+00:00,Why do @115830 think they can charge people for services they haven’t signed up for what a joke 😂,718382,,718383.0
718382,AmazonHelp,False,2017-11-25 08:02:00+00:00,"@291999 Hi Megan, without providing any personal information. Can you let us know more about the service you were charged for? ^KI",718381,718383.0,718383.0
718381,291999,True,2017-11-25 08:03:06+00:00,"@AmazonHelp Amazon Prime, I’ve sent an email explaining more",718380,718382.0,718383.0
718380,AmazonHelp,False,2017-11-25 08:08:29+00:00,@291999 Please keep us posted Megan ^TP,,718381.0,718383.0
721748,163493,True,2017-10-11 01:44:25+00:00,@115821.com your seller department has been reviewing my husband for 4 weeks now. We want income we are from Puerto Rico!!!,"721746,721752",,721748.0
721752,AmazonHelp,False,2017-10-11 02:07:30+00:00,"@163493 (2/2) If so, what information was provided? ^MV",,721748.0,721748.0
721746,AmazonHelp,False,2017-10-11 02:08:00+00:00,"@163493 I'm sorry, we don't have access to accounts via Twitter. Have you spoken with Seller Support: https://t.co/gr8QYRL9GO? (1/2) ^MV",721747,721748.0,721748.0
721747,163493,True,2017-10-11 02:11:48+00:00,@AmazonHelp I have contacted seller support every single day and they don’t reply. I’m so angry and frustrated plus they already charged me $39.99,721749,721746.0,721748.0
721749,AmazonHelp,False,2017-10-11 02:37:35+00:00,@163493 What was the last information they provided? Have you submitted all requested information? ^AM,721750,721747.0,721748.0
721750,163493,True,2017-10-11 03:11:15+00:00,@AmazonHelp Yes we have submitted everything more han 3 times and get not even a word back!,721751,721749.0,721748.0
721751,AmazonHelp,False,2017-10-11 03:35:00+00:00,@163493 Our team would like to take a look into this. Please send us your details directly here: https://t.co/Do3vkOgjXE ^GG,,721750.0,721748.0
724613,293553,True,2017-10-11 03:42:47+00:00,"@115821 it's stupid to get me to commit to monthly payments, pick my groceries, then tell me you don't deliver to my area with @117093",724612,,724613.0
724612,AmazonHelp,False,2017-10-11 04:01:00+00:00,"@293553 I'm sorry for the trouble! Please reach us by phone here: https://t.co/hApLpMlfHN, so we can look into this with you? ^JM",,724613.0,724613.0
734169,295659,True,2017-10-11 11:01:16+00:00,"@115850 Ordered a T-shirt, received shorts.

BTW Shorts are really cool&amp; I'm keeping it😉 https://t.co/GKQyPIXvJm","734168,734170",,734169.0
734168,AmazonHelp,False,2017-10-11 11:16:00+00:00,@295659 Please don’t provide your order details as it is personal information. Our page is visible to the public.2/2^HN,,734169.0,734169.0
734170,AmazonHelp,False,2017-10-11 11:16:00+00:00,"@295659 Glad that you liked the shorts! However, in case you change your mind you can return them. 1/2^HN",,734169.0,734169.0
735640,295980,True,2017-10-25 19:18:16+00:00,@115850 didn't know next day delivery can stretch beyond a month - 404-5289632-4633162. Is this customer service?,"735641,735642,735643,735644,735638",,735640.0
735643,AmazonHelp,False,2017-10-25 19:47:17+00:00,@295980 Sorry for the delay in delivery of your order. Kindly fill in your details (1/2)^SQ,,735640.0,735640.0
735642,AmazonHelp,False,2017-10-25 19:47:38+00:00,@295980 here: https://t.co/GIJyeYqKE0 and I'll look into this for you. (2/2)^SQ,,735640.0,735640.0
735641,AmazonHelp,False,2017-10-25 19:48:00+00:00,@295980 Please don't provide your order details as we consider it personal information. Our twitter page is visible to public. ^SQ,,735640.0,735640.0
735644,295980,True,2017-10-26 06:58:53+00:00,"@115850 It's been a month. Amazon agent asked me to cancel order and initiate refund. Upon requesting delivery, Amazon simply keeps pushing dates",1255710,735640.0,735640.0
1255710,AmazonHelp,False,2017-10-26 07:05:32+00:00,@295980 We've received your details. We'll have our team work upon it and write back to you at the earliest with an update.^SF,,735644.0,735640.0
735638,295980,True,2017-10-29 06:12:12+00:00,@115850 And the product is still in 'shipping' state.,"735637,735639",735640.0,735640.0
735639,AmazonHelp,False,2017-10-29 06:24:00+00:00,@295980 Sorry for the trouble you've had. You should have received an email correspondence from our team. 1/2 ^MM,,735638.0,735640.0
735637,AmazonHelp,False,2017-10-29 06:24:28+00:00,@295980 Kindly reply to the same for further assistance. 2/2 ^MM,,735638.0,735640.0
738372,296601,True,2017-10-11 12:34:15+00:00,"How to buy shorts on @115850 with size details of chest and no relevant details like waist, length or inseam. @AmazonHelp @115821 https://t.co/3lmTTDo8a9",738371,,738372.0
738371,AmazonHelp,False,2017-10-11 12:57:50+00:00,@296601 We'd like to help you with this. Kindly get in touch with our support team here: https://t.co/rS49hgaADF ^AK,,738372.0,738372.0
744202,297935,True,2017-10-11 15:38:21+00:00,"i'm waiting for the album being DISPATCHED by amazon, WHY DOES IT TAKE SO LONG ? 
#YouAre https://t.co/sZ31yWUNpG",744201,,744202.0
744201,AmazonHelp,False,2017-10-11 16:02:54+00:00,"@297935 Hello sorry to hear that, could you give us more informations about your tracking. Thank you  ^RA",,744202.0,744202.0
746023,298342,True,2017-10-11 16:27:02+00:00,@AmazonHelp amazon pfvr qual o seu 0800? O 0800 03 707 17 não tá completando. Vocês têm a ferramenta de chat? Obrigada!,746022,,746023.0
746022,AmazonHelp,False,2017-10-11 16:30:41+00:00,"@298342 Olá Katherine, me diga, como posso lhe ajudar? ^AZ",746015,746023.0,746023.0
746015,298342,True,2017-10-11 16:33:11+00:00,"@AmazonHelp Boa tarde! Eu esqueci a minha senha e já redefini várias vezes, mas toda vez o site me diz que a senha está incorreta :(",746013,746022.0,746023.0
746013,AmazonHelp,False,2017-10-11 16:38:25+00:00,"@298342 Boa tarde Katherine! Neste caso, recomendamos entrar em contato com o nosso SAC, acessa: https://t.co/YEsWELie6G ^HC",746014,746015.0,746023.0
746014,298342,True,2017-10-11 16:49:28+00:00,"@AmazonHelp Mas eu preciso fazer login para entrar em contato com o SAC, não?",746016,746013.0,746023.0
746016,AmazonHelp,False,2017-10-11 16:51:02+00:00,@298342 Pode pular o Sign In clicando neste link https://t.co/m7LTVx0j6w ^VL,746017,746014.0,746023.0
746017,298342,True,2017-10-11 16:54:46+00:00,"@AmazonHelp Eu tentei ligar no 0800 que está aí e mandei e-mail tem uma semana, até agora nada :/",746018,746016.0,746023.0
746018,AmazonHelp,False,2017-10-11 16:57:01+00:00,@298342 Chama a gente pela área de Atendimento novamente. Vamos dar uma olhada no seu caso ^VL,746019,746017.0,746023.0
746019,298342,True,2017-10-11 17:05:00+00:00,@AmazonHelp Acabei de mandar um e-mail 😃 https://t.co/VVlLxRW0S1,746020,746018.0,746023.0
746020,AmazonHelp,False,2017-10-11 17:06:08+00:00,"@298342 Caso precisar de alguma outra assistência, fico à disposição para qualquer esclarecimento ^VL",746021,746019.0,746023.0
746021,298342,True,2017-10-11 17:08:51+00:00,@AmazonHelp Obrigada! Fico no aguardo da resposta de vocês. Boa tarde!,,746020.0,746023.0
746756,298517,True,2017-10-11 16:46:45+00:00,"1. So you pay Amazon £75 per year to get ""next day"" delivery; place an order for something you need urgent,delivery driver keeps your parcel",746754,,746756.0
746754,AmazonHelp,False,2017-10-11 16:55:28+00:00,@298517 Sorry for the troubles! We can't see your order via Twitter. Please reach out via phone/chat here: https://t.co/JzP7hlA23B ^AB,746755,746756.0,746756.0
746755,298517,True,2017-10-11 16:56:46+00:00,@AmazonHelp Tried that equally as useless.  So what next?,746757,746754.0,746756.0
746757,AmazonHelp,False,2017-10-11 16:59:31+00:00,"@298517 When you reached out to us, what information did we provide to you? ^AC",,746755.0,746756.0
752369,299818,True,2017-10-11 14:12:46+00:00,.@115821’s idea of a free shipping label for trade-ins. https://t.co/RKkYIEz35g,752368,,752369.0
752368,AmazonHelp,False,2017-10-11 14:23:00+00:00,@299818 I'm sorry for the trouble getting the label! Give us a call here: https://t.co/hApLpMlfHN so we can help you in real time. ^AH,,752369.0,752369.0
753529,300095,True,2017-10-11 14:34:39+00:00,@115850 My order is over due by over a week. Have contacted amazon and courier customer support multiple times..but still no good. Help!,753523,,753529.0
753523,AmazonHelp,False,2017-10-11 14:44:37+00:00,@300095 I'm sorry about the delay. Kindly share your details here: https://t.co/GIJyeYqKE0 and I'll look into this. ^SG,"753524,753525,753526,753527,753528",753529.0,753529.0
753524,300095,True,2017-10-11 15:00:58+00:00,@AmazonHelp done!,,753523.0,753529.0
753527,300095,True,2017-10-13 18:18:45+00:00,@AmazonHelp Still didn't get the product! @115850 Really sad to see how bad things have become.. false commitments given.. no delivery,753530,753523.0,753529.0
753526,300095,True,2017-10-13 18:20:09+00:00,@AmazonHelp It seems the only thing left to do is go and pick up the product myself from your warehouse @115850,,753523.0,753529.0
753528,300095,True,2017-10-13 18:20:49+00:00,@AmazonHelp Because obviously @115850  and you didn't bother enough about this.. and only gave empty promises,753532,753523.0,753529.0
753525,300095,True,2017-10-13 18:31:14+00:00,@AmazonHelp spending more time with @115850  team trying to figure when (or even if ) I will ever get my product?,,753523.0,753529.0
753530,AmazonHelp,False,2017-10-13 18:35:32+00:00,@300095 Sorry for the trouble with your order. Could you let us know if you've shared your details in the link provided earlier? ^SQ,753531,753527.0,753529.0
753531,300095,True,2017-10-13 18:44:09+00:00,@AmazonHelp Yes! I had! Would like a transcript of all the times I had to contact the team? Should I send a phone log of the calls I had to place?,,753530.0,753529.0
753532,AmazonHelp,False,2017-10-13 18:47:00+00:00,@300095 We have received your details. We will get back to you at the earliest possible. ^JS,"753533,753534",753528.0,753529.0
753534,300095,True,2017-10-14 09:48:34+00:00,"@AmazonHelp I still haven't received the delivery, @115850 .. What does one have to do to get a product they've paid for, and you've failed to deliver",753535,753532.0,753529.0
753533,300095,True,2017-10-14 09:49:20+00:00,@AmazonHelp @115850 @43326 it is the heights of frustration..,,753532.0,753529.0
753535,AmazonHelp,False,2017-10-14 10:15:26+00:00,@300095 I'm sorry the order hasn't been delivered yet. Please reply to our email for further proceedings. ^HA,753536,753534.0,753529.0
753536,300095,True,2017-10-14 10:28:38+00:00,@AmazonHelp @115850 haven't received any email.i have even checked spam,753537,753535.0,753529.0
753537,AmazonHelp,False,2017-10-14 10:40:33+00:00,@300095 Kindly refer here: https://t.co/8DAc10S7ww to view the correspondence shared by us. ^AG,753538,753536.0,753529.0
753538,300095,True,2017-10-16 17:44:43+00:00,@AmazonHelp Surprise surprise order was supposed to have been delivered by Fri-Sat as requested but didn't deliver.. said no commitment before Mon @35086,753539,753537.0,753529.0
753539,300095,True,2017-10-16 17:45:26+00:00,@AmazonHelp @35086 But @115850 no show today as well.. what to do?,753540,753538.0,753529.0
753540,300095,True,2017-10-16 17:46:11+00:00,@AmazonHelp @115850 What more do I have to do? Just to expect one item delivered on time?,753541,753539.0,753529.0
753541,AmazonHelp,False,2017-10-16 18:05:00+00:00,"@300095 Sorry for the hassle, kindly revert to the correspondence which you have received from us and we will assist you further. ^SM",753542,753540.0,753529.0
753542,300095,True,2017-10-16 18:32:56+00:00,@AmazonHelp @115850 have given all my details and comments.. even spoken to a customer representative.. what more do I need to do????,"753543,753544",753541.0,753529.0
753543,300095,True,2017-10-16 18:35:36+00:00,@AmazonHelp @115850 More follow ups with your team. No solution.. only empty promises,"753545,753546",753542.0,753529.0
753546,300095,True,2017-10-16 18:36:29+00:00,@AmazonHelp @115850 What is it the point of having prime subscription if I can't even get a delivery? Or a replacement delivery?,,753543.0,753529.0
753545,300095,True,2017-10-16 18:37:06+00:00,@AmazonHelp @115850 Now I am being asked to order again. So the third order being placed for the same product.. woooow..just woooooow,,753543.0,753529.0
753544,AmazonHelp,False,2017-10-16 19:02:02+00:00,"@300095 My apologies for the delay, Hrishikesh. Kindly revert to the email sent from Social media escalations team for more info. ^KS",753547,753542.0,753529.0
753547,300095,True,2017-10-24 06:03:58+00:00,@AmazonHelp @115850 again no delivery .. now a month since the order was placed. Multiple escalation. Still no show,"753548,753549",753544.0,753529.0
753548,300095,True,2017-10-24 06:05:19+00:00,@AmazonHelp @115850 How many more follow ups do I have to do to get the product I paid for? What is the point of the prime subscription?,753550,753547.0,753529.0
753550,300095,True,2017-10-24 06:06:02+00:00,"@AmazonHelp @115850 None of your escalation team members have provided any useful help.. only promises, but no delivery..",753551,753548.0,753529.0
753551,300095,True,2017-10-24 06:06:32+00:00,"@AmazonHelp @115850 I have done so many emails, calls to you, and the courier team. Still no show..",753552,753550.0,753529.0
753552,300095,True,2017-10-24 06:07:16+00:00,@AmazonHelp @115850 This is a seriously sad and pathetic show..I am frustrated from having to check every day,,753551.0,753529.0
753549,AmazonHelp,False,2017-10-24 06:30:34+00:00,@300095 Sorry for the delay. Please reply back through the mail sent to you from our team and we will get it resolved. ^GU,753553,753547.0,753529.0
753553,300095,True,2017-10-24 09:42:13+00:00,"@AmazonHelp @115850  I have replied to the mail I received. Please understand that I don't want mails, I just want my product..",753554,753549.0,753529.0
753554,AmazonHelp,False,2017-10-24 09:51:51+00:00,@300095 I get your concern. We'll work on it and get back to you soon. Appreciate your patience. ^PS,"753555,753556,753557",753553.0,753529.0
753557,300095,True,2017-10-25 06:07:56+00:00,@AmazonHelp @115850 The tracking details show that the product has been sent back by the courier.. Can you please tell me what I have to do?,753558,753554.0,753529.0
753556,300095,True,2017-10-25 06:09:31+00:00,@AmazonHelp @115850 Seriously frustrating.. What is going wrong with this particular order? Other orders have always been on time..,,753554.0,753529.0
753555,300095,True,2017-10-25 06:10:27+00:00,"@AmazonHelp @115850 Even amazon team has given multiple different commitments, but none have worked.. Shocked that it is taking so long",,753554.0,753529.0
753558,AmazonHelp,False,2017-10-25 06:11:08+00:00,@300095 We'll contact you with an update soon. Request you to wait for an update from us.^ZH,753559,753557.0,753529.0
753559,300095,True,2017-10-25 18:46:27+00:00,@AmazonHelp @115850 no update from your team.. again I had to contact them.. still no product delivery..,"753560,753561",753558.0,753529.0
753561,300095,True,2017-10-25 18:48:02+00:00,@AmazonHelp @115850 How much more do I have to wait ? What more do you need from me?,753564,753559.0,753529.0
753564,300095,True,2017-10-25 18:48:44+00:00,@AmazonHelp @115850 How much patience do I have to display?,753565,753561.0,753529.0
753565,300095,True,2017-10-25 18:48:59+00:00,@AmazonHelp @115850 Will it ever reach me?,,753564.0,753529.0
753560,AmazonHelp,False,2017-10-25 19:17:10+00:00,"@300095 If you had replied to our email, you must've received a correspondence from us, Hrishikesh. Please check. ^HD",753562,753559.0,753529.0
753562,300095,True,2017-10-25 19:20:28+00:00,@AmazonHelp I got a reply that somebody from @115850 would call me in 6 hours.didnt happen.. had to call . No idea when I will get the product..,753563,753560.0,753529.0
753563,AmazonHelp,False,2017-10-25 19:35:44+00:00,"@300095 I understand your concern, Hrishikesh. Please reply to the email you've received from us and we'll arrange a call back. ^HD",,753562.0,753529.0
754103,300247,True,2017-10-11 14:42:46+00:00,"1/2
Pathetic @115821 @115850
1- u guys wrongly close delivery
2- after being corrected, u say it'll get delivered asap https://t.co/HqDMDWrbqZ","754102,754104",,754103.0
754104,AmazonHelp,False,2017-10-11 15:13:03+00:00,@300247 I'm sorry to hear this. We'd like to help. Please share your details here: https://t.co/GIJyeYqKE0. ^VN(1/2),,754103.0,754103.0
754102,AmazonHelp,False,2017-10-11 15:13:36+00:00,"@300247 Please don't provide your order details, we consider it personal information. Our Twitter page is visible to public.^VN(2/2)",,754103.0,754103.0
756318,300775,True,2017-10-11 18:26:34+00:00,"@115850 order id 
403-4583924-1389931 recharge not successful on my no bt amazon didnt refunded and deducted . Plz look in","756317,756319",,756318.0
756319,AmazonHelp,False,2017-10-11 18:42:30+00:00,"@300775 Sorry to know the recharge wasn't successful. Please contact us here: https://t.co/TK4yevTaND, we'll assist you. ^NR 1/2",,756318.0,756318.0
756317,AmazonHelp,False,2017-10-11 18:43:00+00:00,"@300775 Please don't provide your order details, we consider it personal info. Our Twitter page is visible to public. ^NR 2/2",,756318.0,756318.0
757122,300936,True,2017-10-11 18:45:45+00:00,@116875 tiene la capacidad de hacerme tan feliz y pobre a la vez 😩😪😭,757121,,757122.0
757121,AmazonHelp,False,2017-10-11 18:53:01+00:00,"@300936 Hola Carolina. Lo único que queremos es que uses tu dinero en cosas que te hagan muy feliz. 😁❤️ Cuentános, ¿qué compraste? ^HC",,757122.0,757122.0
758929,301352,True,2017-10-11 19:40:18+00:00,@115821 @AmazonHelp So many problems with my wedding registry and your online website support team refuses to help!,758928,,758929.0
758928,AmazonHelp,False,2017-10-11 19:42:31+00:00,@301352 We're here to help you! Can you tell us more about the issues you are experiencing? ^KJ,,758929.0,758929.0
759004,301367,True,2017-10-11 19:24:24+00:00,Bien de changer la date de livraison après un retard bande de bitchhhh @120533,759003,,759004.0
759003,AmazonHelp,False,2017-10-11 19:30:38+00:00,"@301367 Bonsoir, je suis désolé pour cela :\ La date de livraison a été modifiée avant ou après que le colis ne soit expédié ? ^MH",758999,759004.0,759004.0
758999,301367,True,2017-10-11 19:31:21+00:00,"@AmazonHelp Bonsoir, après. Je devais être livrée aujourd'hui avant 20h.",758997,759003.0,759004.0
758997,AmazonHelp,False,2017-10-11 19:34:33+00:00,@301367 Que dit le suivi de votre colis ? ^MH,758998,758999.0,759004.0
758998,301367,True,2017-10-11 19:37:46+00:00,@AmazonHelp La date était aujourd'hui à 20h. https://t.co/WwkjlYsxs7,759000,758997.0,759004.0
759000,AmazonHelp,False,2017-10-11 19:49:30+00:00,"@301367 Apparemment, il s'agit d'un retard dans le traitement par le transporteur, l'avez-vous signalé à notre SAV pour vérifier ? ^RA",759001,758998.0,759004.0
759001,301367,True,2017-10-11 19:51:22+00:00,"@AmazonHelp Non. Je vais attendre demain dans la journée. Puis je vais résilier mon premium, ça sert strictement à rien du coup :/",759002,759000.0,759004.0
759002,AmazonHelp,False,2017-10-11 20:04:00+00:00,"@301367 je comprends votre réaction vis-à-vis de cet incident, néanmoins, sachez qu'habituellement les délais sont respectés. Merci ^RA",,759001.0,759004.0
762471,302181,True,2017-10-11 20:48:26+00:00,Woke up to half of my screen not working on my @117634 called the customer service and they literally offer nothing @115821,762468,,762471.0
762468,AmazonHelp,False,2017-10-11 20:53:00+00:00,@302181 I'm sorry to hear this happened with your device! What information were we able to provide you about this? ^GL,"762469,762470",762471.0,762471.0
762470,302181,True,2017-10-11 21:07:38+00:00,@AmazonHelp Nothing that it wasn’t under warranty anymore and they couldn’t do anything. It’s been 2 years. Is this the life spam of your products?,,762468.0,762471.0
762469,302181,True,2017-10-11 21:07:53+00:00,@AmazonHelp I loved my kindle but if this is the service. I’ll go with someone else,,762468.0,762471.0
765710,302999,True,2017-11-25 09:04:54+00:00,Who tf do I email about my amazon package being delirvered to what I assume is the wrong house? Cause I never got my package but on tracking it says it was delivered,765709,,765710.0
765709,AmazonHelp,False,2017-11-25 09:11:57+00:00,@302999 I am sorry to hear this. Can I ask have you selected a safe place preference for this order please? Have you checked around your surrounding areas?^GA,,765710.0,765710.0
765737,303004,True,2017-11-25 09:05:56+00:00,"So, @115830 all the time declines the visa cards from @34253 and cancels the orders! 
What's the reason behind that? 🧐🤔",765735,,765737.0
765735,AmazonHelp,False,2017-11-25 09:09:58+00:00,"@303004 Your bank won't inform us why they've declined a charge, they simply reject the charge when we seek approval. Did you contact your bank?^CN",765736,765737.0,765737.0
765736,303004,True,2017-11-25 17:54:57+00:00,"@AmazonHelp Uh really!! No, but then definitely I will do tomorrow but the question is, does Amazon accept the visa card from Bank Of Palestine or not?!",765738,765735.0,765737.0
765738,AmazonHelp,False,2017-11-25 18:00:32+00:00,@303004 Amazon accepts these payment methods listed here: https://t.co/FsB82pDQIU. I hope this helps! ^KJ,765739,765736.0,765737.0
765739,303004,True,2017-11-25 18:02:56+00:00,@AmazonHelp Got it! Thanks,,765738.0,765737.0
765810,150776,True,2017-11-25 08:48:48+00:00,@116928 sigo sin noticias de mi paquete ni de cuándo me lo van a entregar @137605,765808,,765810.0
765808,AmazonHelp,False,2017-11-25 08:54:29+00:00,"@150776 ¡Hola Iratxe! Lamento mucho el inconveniente. Cuéntanos, ¿Hiciste la consulta con @137605 ? Si ya hiciste la consulta, igualmente puedes acceder al enlace para que nuestro Servicio al Cliente revise con detalle tu caso con detalle. https://t.co/mZ5be95xue
^FQ",765809,765810.0,765810.0
765809,137605,True,2017-11-27 09:15:04+00:00,"@150776 @AmazonHelp Hola! Danos el nº de envío y datos por DM, y te ayudamos. Gracias",,765808.0,765810.0
772328,304492,True,2017-10-12 00:46:46+00:00,@115821 @AmazonHelp Is there a way to not have “AMZL US” deliver my packages? Not delivered or “Transit Delay” constantly.,772326,,772328.0
772326,AmazonHelp,False,2017-10-12 00:52:00+00:00,"@304492 I'm sorry about the poor experience you've had, Steven! Is an order late? If so, what's the status?https://t.co/Y5jpI9gRhE ^FR",772327,772328.0,772328.0
772327,304492,True,2017-10-12 01:00:55+00:00,@AmazonHelp Was to be delivered Oct 7. Then said “Carrier Delay”. Estimated delivery Oct 10. Last update (Oct 9): At carrier facility. Should I cancel?,772329,772326.0,772328.0
772329,AmazonHelp,False,2017-10-12 01:12:26+00:00,"@304492 Let's take a look at this together here, https://t.co/hApLpMlfHN by phone or chat so we can find a resolution, Steven. ^TG",,772327.0,772328.0
775768,120419,True,2017-10-12 02:48:58+00:00,@115821 Two Day shipping ? #Joke https://t.co/Id5rHOrJ1n,775767,,775768.0
775767,AmazonHelp,False,2017-10-12 03:00:06+00:00,@120419 Two-day shipping refers to business days in transit. Some items take extra time to obtain or prepare for shipment. ^JN,,775768.0,775768.0
776052,305434,True,2017-10-12 03:03:53+00:00,"@AmazonHelp I was supposed to get my package by the end of today (as notified in the UPS tracking), but still havn’t received. Help!","776051,776053",,776052.0
776051,AmazonHelp,False,2017-10-12 03:17:28+00:00,"@305434 I'm sorry for the wait! Just to confirm, what's the delivery date and most recent tracking update: https://t.co/Y5jpI9gRhE? ^EP",776050,776052.0,776052.0
776050,305434,True,2017-10-12 03:20:35+00:00,"@AmazonHelp Order ID ends with xx-9369806.
Scheduled delivery is 10/11, last updated Out on Delivery at 11:53am",776047,776051.0,776052.0
776047,AmazonHelp,False,2017-10-12 03:28:00+00:00,"@305434 I'm sorry for the delay! Late packages tend to arrive the next day. Please keep us posted, we want to make sure it arrives. ^AG","776048,776049",776050.0,776052.0
776049,305434,True,2017-10-12 03:37:33+00:00,"@AmazonHelp I will!
It’s critical and I need the item today. Is there anyway you can track the package in real time? I’d really appreciate your help.",,776047.0,776052.0
776048,305434,True,2017-10-12 05:19:49+00:00,"@AmazonHelp Hey, got my item delivered sometime ago. Thank you :)",,776047.0,776052.0
777156,305539,True,2017-10-12 03:07:09+00:00,"今来たんだけど何これ
Amazon使ったことないんだけど https://t.co/xaxy4o1kcx",777155,,777156.0
777155,AmazonHelp,False,2017-10-12 03:20:01+00:00,@305539 失礼します、Amazon公式です。当サイトからSMSでこのようなメッセージをお送りすることはありません。当サイトの名をかたるなりすましメールの可能性がございます。こちらのヘルプページもご参照ください。https://t.co/jmrFexwN4b RI https://t.co/wySODeFjOO,777154,777156.0,777156.0
777154,305539,True,2017-10-12 03:26:14+00:00,"@AmazonHelp わざわざ返信ありがとうございます。
ちょっと怖かったので安心しました",777153,777155.0,777156.0
777153,AmazonHelp,False,2017-10-12 03:43:05+00:00,"@305539 とんでもないことでございます。ご心配でいらっしゃいますよね。
当サイトのご利用などでご不明点がありましたら、こちら公式までお問い合わせください。RI",,777154.0,777156.0
777547,305628,True,2017-10-12 03:48:29+00:00,Man how is @115821 gonna deliver one package that wasn’t suppose to come another day and not deliver the one that’s suppose arrive today? 😡,777545,,777547.0
777545,AmazonHelp,False,2017-10-12 03:59:29+00:00,@305628 I'm sorry for the wait. What is the most recent update you're seeing for the undelivered order: https://t.co/Y5jpI9gRhE? ^JR,777546,777547.0,777547.0
777546,305628,True,2017-10-12 04:01:27+00:00,@AmazonHelp Had known it would have took longer I would have paid for same day shipping.,777548,777545.0,777547.0
777548,AmazonHelp,False,2017-10-12 04:09:00+00:00,"@305628 I understand your frustration. In the link provided by JR, what does the latest tracking info state? ^GG",777549,777546.0,777547.0
777549,305628,True,2017-10-12 04:10:53+00:00,"@AmazonHelp Sorry were late, could take 1-2 Days more.",777550,777548.0,777547.0
777550,AmazonHelp,False,2017-10-12 04:29:00+00:00,@305628 Thank you for the details. Please keep us informed when your order arrives. We want to make sure you get it. ^GM,,777549.0,777547.0
778481,305900,True,2017-10-12 04:30:17+00:00,@116090 My item is still not shipped paid by gift card please get your act together and ship my dvd external hd usb,778480,,778481.0
778480,AmazonHelp,False,2017-10-12 04:32:53+00:00,@305900 I'm sorry your order has yet to be shipped. Have we missed the delivery date given in your confirmation e-mail? ^GG,,778481.0,778481.0
780058,191976,True,2017-10-12 05:13:54+00:00,"@115850 A courior boy calls abt a parcel, he reads just a landmark away from us, but denied giving full address, suspicious about d call",780057,,780058.0
780057,AmazonHelp,False,2017-10-12 05:30:32+00:00,@191976 Kindly report this to our support team here: https://t.co/2t6DQoUmNZ and they'll assist you with it. ^MM,,780058.0,780058.0
782415,306771,True,2017-10-12 07:20:47+00:00,"Amazonプライム会員に入った覚えないのに3900円の請求来てた

最悪","782414,782416",,782415.0
782416,AmazonHelp,False,2017-10-12 07:22:52+00:00,@306771 (1/2)以前にご注文でプライム無料体験をご利用されておりませんか？お申込み後、自動更新をOFFにされていない場合、体験終了後有料会員へ移行となります。会員情報は、アカウントサービス&gt;Amazonプライム会員情報を管理するにてご確認いただけます。 ET,,782415.0,782415.0
782414,AmazonHelp,False,2017-10-12 07:23:26+00:00,@306771 (2/2)なお、有料会員移行後、特典をご利用されていない場合には、退会とともに年会費を返金いたします。退会をご希望の際には、こちらのヘルプページをご確認のうえ、お手続きください。 https://t.co/wdPTbEULCH ET,,782415.0,782415.0
782734,306844,True,2017-10-30 01:29:48+00:00,@AmazonHelp trying Amazon prime and so far not impressed with the shipping 🙁 2 day shipping when purchased on the 23rd not getting till 31st,782733,,782734.0
782733,AmazonHelp,False,2017-10-30 01:48:53+00:00,"@306844 Two-Day Shipping refers to transit time, in business days, once shipped. Has your order missed the delivery date? ^BE",782732,782734.0,782734.0
782732,306844,True,2017-10-30 01:54:40+00:00,"@AmazonHelp Was shipped on the 24th still haven't gotten it, if I used regular mail I get the same length of time so far stats the 31st I should get it",782730,782733.0,782734.0
782730,AmazonHelp,False,2017-10-30 02:03:29+00:00,@306844 We certainly do not want our customers to feel disappointed! Let us know if it doesn't arrive by the delivery date! ^CN,782731,782732.0,782734.0
782731,306844,True,2017-10-30 02:09:49+00:00,@AmazonHelp Just wondering why would I spend $79 If it will still take a week to get it when I was getting that just for free?,,782730.0,782734.0
783363,306985,True,2017-10-28 02:47:03+00:00,The 2x I really expected a package to be delivered on time are the 2x they’re lost and/or delayed 😒🙄 #Amazon,783361,,783363.0
783361,AmazonHelp,False,2017-10-28 02:56:40+00:00,@306985 I'm sorry you haven't received your order! Has a new date been provided for delivery? Does the carrier's site have more info? ^AM,783362,783363.0,783363.0
783362,306985,True,2017-10-28 03:14:40+00:00,@AmazonHelp My kids were expecting to paint their pumpkins TONIGHT https://t.co/TgvaIlNpwn,783364,783361.0,783363.0
783364,AmazonHelp,False,2017-10-28 03:26:28+00:00,@306985 I'm sorry for this delay. Please keep us updated on the delivery. ^RR,,783362.0,783363.0
785076,307348,True,2017-10-12 08:10:03+00:00,@116618 @115850 Mr.Robot Season 3 maybe?,785075,,785076.0
785075,AmazonHelp,False,2017-10-12 08:41:00+00:00,"@307348 We don't have season 3 as of now, kindly stay tuned to https://t.co/TmyzXi1FZD, we'll add content once available with us. ^MJ",,785076.0,785076.0
785813,306301,True,2017-10-12 08:54:56+00:00,@115821 request to contact me asap. Othrwise m going directly to consumer court to file case against you guys. If this behaviour remain same,785811,,785813.0
785811,AmazonHelp,False,2017-10-12 09:08:54+00:00,@306301 I do get your concern. Could you confirm if you've filled in your details as asked above? ^MM,785812,785813.0,785813.0
785812,306301,True,2017-10-12 09:27:17+00:00,@AmazonHelp Yes I already did that,785814,785811.0,785813.0
785814,AmazonHelp,False,2017-10-12 09:45:29+00:00,@306301 You will receive an email communication here: https://t.co/i7Nd4oAaSt ^RW,,785812.0,785813.0
791493,201415,True,2017-10-12 12:28:05+00:00,Amzon delivery refuse to pik the exchange mobile from me. He told me that lenovo k3 note &amp; lenovo k50a40 are not same. @AmazonHelp,"791494,791485",,791493.0
791485,201415,True,2017-10-12 12:30:02+00:00,@AmazonHelp As per lenovo both are same ..den y he refuse..I m waiting for my new mobile @AmazonHelp @132789 ...lenovo plz tell them that both are same https://t.co/BwdCxHUHBL,791483,791493.0,791493.0
791483,AmazonHelp,False,2017-10-12 12:58:31+00:00,@201415 I'm sorry to know this. Did you happen to report this to our support team here: https://t.co/T6y6Xlutbs? ^VN,791484,791485.0,791493.0
791484,201415,True,2017-10-12 13:11:57+00:00,@AmazonHelp Plz do needful @AmazonHelp,791486,791483.0,791493.0
791486,AmazonHelp,False,2017-10-12 13:17:36+00:00,@201415 Did you contact our customer service team as suggested earlier? ^SI,791487,791484.0,791493.0
791487,201415,True,2017-10-12 13:56:28+00:00,"@AmazonHelp Ya , bt the product is left the delivery station n now on the way for main station @AmazonHelp",791488,791486.0,791493.0
791488,AmazonHelp,False,2017-10-12 14:42:00+00:00,@201415 Apologies. May I know if our support team assisted regarding this? Please let us know. ^BS,791489,791487.0,791493.0
791489,201415,True,2017-10-12 15:21:28+00:00,@AmazonHelp Ya....bt now new order need to be placed,791490,791488.0,791493.0
791490,AmazonHelp,False,2017-10-12 15:49:00+00:00,"@201415 Sorry for the experience you had, Paul. I’ll forward your feedback to appropriate team internally so that it is not repeated. ^NK",791491,791489.0,791493.0
791491,201415,True,2017-10-12 15:50:06+00:00,@AmazonHelp It's OK..bt make sure that it won't happen again @AmazonHelp,791492,791490.0,791493.0
791492,AmazonHelp,False,2017-10-12 16:05:51+00:00,@201415 Noted. Will be sure to review it internally. ^PB,,791491.0,791493.0
793908,309296,True,2017-10-12 13:41:11+00:00,@123813  KE KHÉ? XQ XQ XQ XQ? https://t.co/nXmAtNqiFI,793906,,793908.0
793906,AmazonHelp,False,2017-10-12 13:51:30+00:00,"@309296 Hola, sin compartir datos de tu cuenta como el número del pedido, ¿Cómo te podemos ayudar? ^AZ",793907,793908.0,793908.0
793907,309296,True,2017-10-12 14:20:32+00:00,@AmazonHelp Por qué no van a estar subiendo la tercera temporada de Mr. Robot en México? :(,,793906.0,793908.0
798748,310415,True,2017-10-12 14:48:50+00:00,"The refund details are: Authorization code for sale transaction 664329
Refund Reference # 7433274__credit_card__#AmazonIndia",798743,,798748.0
798743,AmazonHelp,False,2017-10-12 15:21:39+00:00,@310415 I'm unable to comprehend your query. Kindly elaborate. Please don't provide account details. We consider it personal info. ^VN,"798744,798745,798746,798747",798748.0,798748.0
798747,310415,True,2017-10-13 03:46:37+00:00,@AmazonHelp My bank is not able to relocate no. and amazon is asking me to follow bank,,798743.0,798748.0
798746,310415,True,2017-10-13 03:47:37+00:00,"@AmazonHelp i am struggling to get 1 TV , in 1 month from amazon. 2 time .",,798743.0,798748.0
798745,310415,True,2017-10-13 03:49:07+00:00,"@AmazonHelp Please stop cheating customer , amazon is having 50,000. I have no product in hand. My old TV is also taken. and it is 1 month",,798743.0,798748.0
798744,310415,True,2017-10-13 03:49:33+00:00,@AmazonHelp it is mental trauma that amazon is giving to customer,,798743.0,798748.0
799591,310560,True,2017-11-21 08:46:13+00:00,@115830 @115821 most disappointed my box did not arrive smiling and singing like the advert. So had to do it myself. Please change the policy so it does not happen again.😃😃😃🏴󠁧󠁢󠁳󠁣󠁴󠁿🏴󠁧󠁢󠁳󠁣󠁴󠁿🏴󠁧󠁢󠁳󠁣󠁴󠁿 https://t.co/Z6JbgfmolG,799590,,799591.0
799590,AmazonHelp,False,2017-11-21 09:27:29+00:00,"@310560 Hey Alex, apologies for any disappointment. Our little box friend wants to sing along to make things right! 📦 ^TS https://t.co/DrNVaE51id",,799591.0,799591.0
801027,310878,True,2017-10-12 15:41:48+00:00,"Got to love @115821 prime, I was able to get my order delivered in less than 12.5 hours.",801026,,801027.0
801026,AmazonHelp,False,2017-10-12 15:46:21+00:00,@310878 Thats great! I'm glad we were able to get your items to you quickly! ^AL,,801027.0,801027.0
801643,311019,True,2017-10-12 15:38:33+00:00,@115850 refund pending since 3 weeks. please process.,801642,,801643.0
801642,AmazonHelp,False,2017-10-12 16:07:00+00:00,@311019 Sorry about the delay with your refund. Please contact us here: https://t.co/vlvfJr4nN9 and we'll help you with this. ^SQ,,801643.0,801643.0
804029,310876,True,2017-10-12 16:47:07+00:00,"@115850 delivery boy took extra Rs.50 from my mother
You see its not about Rs.50
Its abt lying/looting for Rs50
#AmazonGreatIndianFestival","804028,804030,804031",,804029.0
804031,AmazonHelp,False,2017-10-12 16:59:00+00:00,@310876 That's unusual. Sorry about the unpleasant experience. ^NR 1/2,,804029.0,804029.0
804030,AmazonHelp,False,2017-10-12 16:59:28+00:00,"@310876 Kindly fill in your details here: https://t.co/GIJyeYqKE0, and I'll have this escalated. ^NR 2/2",,804029.0,804029.0
804028,310876,True,2017-10-12 17:00:45+00:00,@115850 I have already done that.,804027,804029.0,804029.0
804027,AmazonHelp,False,2017-10-12 17:06:31+00:00,"@310876 Thanks for the confirmation, Prerana. Our team will get back to you with an update soon. Request you to wait. ^NK",,804028.0,804029.0
806366,312159,True,2017-10-12 17:39:15+00:00,@115830 I ordered a game which should be delivered tomorrow as I paid extra for it but after checking it says it’s being delivered Monday?,806364,,806366.0
806364,AmazonHelp,False,2017-10-12 17:47:34+00:00,"@312159 Oh no! We're here to help, Ben! What was the delivery date given in your order confirmation? Please keep in touch. ^VB",806365,806366.0,806366.0
806365,312159,True,2017-10-12 17:57:51+00:00,@AmazonHelp Friday the 13th which is the early release date when paying for the deluxe addition https://t.co/oUEJRjuyrs,806367,806364.0,806366.0
806367,AmazonHelp,False,2017-10-12 18:02:39+00:00,@312159 Let's look further into this together! Please get in touch with us by phone or chat: https://t.co/JzP7hlA23B  ^KJ,,806365.0,806366.0
807300,299209,True,2017-10-12 18:00:32+00:00,Amazon say they are contacting the carrier to make sure it WWE 2K18 Deluxe Edition gets to me tomorrow morning,807299,,807300.0
807299,299209,True,2017-10-12 18:01:13+00:00,As for the carrier it's amazon logistics,807298,807300.0,807300.0
807298,AmazonHelp,False,2017-10-12 18:10:28+00:00,@299209 Definitely keep us updated on the delivery. We want to make sure you get your package! ^SA,,807299.0,807300.0
807318,312373,True,2017-10-12 17:38:15+00:00,"@115850 I have always worst shopping experience with Amazon.
My order had to be delivered yesterday I'm still waiting 👽 https://t.co/Iw6nAIsnnw",807317,,807318.0
807317,AmazonHelp,False,2017-10-12 18:06:36+00:00,@312373 Sorry about the delayed order. That's uncertain. Please share your details here: https://t.co/GIJyeYqKE0 &amp; we'll help you. ^BS,,807318.0,807318.0
810232,313058,True,2017-10-12 18:23:03+00:00,@AmazonHelp hey my account has been breached but I can't contact Amazon because I can't log in. Do you have a regular email?,810231,,810232.0
810231,AmazonHelp,False,2017-10-12 19:10:28+00:00,"@313058 Oh no! We'd love to help restore your account access, Dok. Please contact us using this link: https://t.co/jzvkhdlrK5 ^CN",,810232.0,810232.0
812094,313516,True,2017-10-12 19:56:06+00:00,"Mail carrier, shoving huge Amazon package partially into mailbox: who doesn't want their new shit crumpled and damp tho, amiright?",812092,,812094.0
812092,AmazonHelp,False,2017-10-12 19:59:00+00:00,"@313516 So sorry about your delivery experience w/ us, Nicole! Who was the carrier for the delivery: https://t.co/Y5jpI9gRhE ^JZ",812093,812094.0,812094.0
812093,313516,True,2017-10-12 20:04:02+00:00,"@AmazonHelp USPS. Luckily, the item wasn't permanently damaged, just rather soggy.",812095,812092.0,812094.0
812095,AmazonHelp,False,2017-10-12 20:09:33+00:00,"@313516 If you decide you'd prefer to return it, please see https://t.co/b5EhYdEI15. Thank you for letting us know what happened! ^PF",,812093.0,812094.0
814234,313937,True,2017-10-20 16:50:19+00:00,"@AmazonHelp Delivery wise, what's the difference between getting something delivered home and getting something delivered to work?",814233,,814234.0
814233,AmazonHelp,False,2017-10-20 16:54:32+00:00,"@313937 We're here to help! I don't understand exactly what you're asking, could you clarify your question a bit more? ^JE",814231,814234.0,814234.0
814231,313937,True,2017-10-20 16:56:53+00:00,"@AmazonHelp If you are getting a parcel delivered to a commercial building Vs home, how does it differ? Will delivery happen e.g between 9-5 if at work?",814229,814233.0,814234.0
814229,AmazonHelp,False,2017-10-20 17:09:16+00:00,"@313937 I'm sorry, we don't offer timed deliveries. Your parcel may be delivered up to 21:00. More info here: https://t.co/8SL9KjFCPc ^JS",814230,814231.0,814234.0
814230,313937,True,2017-10-20 17:11:57+00:00,"@AmazonHelp So if I want to take advantage of my Prime membership on a day that I am working, I should ideally pay for before noon delivery?",814232,814229.0,814234.0
814232,AmazonHelp,False,2017-10-20 19:28:31+00:00,@313937 It depends on the item(s) that you're purchasing. Please reach out to us here for detailed explaination: https://t.co/JzP7hlA23B ^SH,,814230.0,814234.0
821708,315721,True,2017-10-12 22:49:28+00:00,@115821 does the new oasis not come with the charging cover?,821707,,821708.0
821707,AmazonHelp,False,2017-10-12 22:59:33+00:00,"@315721 Great question! You can can buy them separately, or pre-order the bundle here: https://t.co/rDOQyOETad ^JM",,821708.0,821708.0
822192,315838,True,2017-10-12 23:07:45+00:00,"@115821, why does it take 10 days to deliver a gift card that is advertised as 1-day shipping? #completefail #youhad1job",822189,,822192.0
822189,AmazonHelp,False,2017-10-12 23:12:00+00:00,@315838 I'm sorry our order has yet to arrive. Have we missed the delivery date given in your confirmation e-mail? ^GG,"822190,822191",822192.0,822192.0
822191,315838,True,2017-10-15 21:47:22+00:00,"@AmazonHelp Ordered a gift card last Sunday. 1-Day delivery. Confirmation e-mail said Thursday. Thursday, the date changed to Tuesday. I cancelled.",822193,822189.0,822192.0
822190,315838,True,2017-10-15 21:48:05+00:00,@AmazonHelp I had 3 or 4 other packages deliverd between Sunday and Thursday. How can you not be able to deliver gift cards?,,822189.0,822192.0
822193,AmazonHelp,False,2017-10-15 21:50:57+00:00,"@315838 This isn't the experience we want for you. Did it already ship out? If so, which carrier was assigned: https://t.co/Y5jpI9gRhE? ^BH",,822191.0,822192.0
825519,316612,True,2017-10-13 00:48:58+00:00,"I would like to thank @115821 or whatever company that has my package, for ruining our night. 2 day shipping my ass.... #IrritatedAf 🙄😡",825518,,825519.0
825518,AmazonHelp,False,2017-10-13 00:51:05+00:00,@316612 I'm truly sorry for the delay. Who is the carrier assigned for your order? You can check here: https://t.co/Y5jpI9gRhE ^JA,,825519.0,825519.0
827069,317015,True,2017-10-13 01:51:01+00:00,"先月半ばでアマゾンでクレカ使えんくなったから限度額行ったんかなと思って確認したのに全然やんけ

なんでや",827067,,827069.0
827067,AmazonHelp,False,2017-10-13 01:58:31+00:00,@317015 クレジットカードのお支払いにエラーが生じているということでしょうか。再度お試しいただきましても解決されない場合は、ご利用のクレジットカード会社にご確認ください。SK,827068,827069.0,827069.0
827068,317015,True,2017-10-13 02:18:39+00:00,@AmazonHelp 数回「お支払方法の変更」を試しても解決されなかったのでクレカ側の問題だと思います。わざわざリプライ飛ばして頂きありがとうございました。,827070,827067.0,827069.0
827070,AmazonHelp,False,2017-10-13 02:31:24+00:00,@317015 とんでもないです。どうぞよろしくお願いいたします。SK,,827068.0,827069.0
833442,318466,True,2017-10-13 06:11:49+00:00,"@AmazonHelp @115850 could you please send an invoice of order ""
404-5964005-6185168"" to my mail id.","833441,833443",,833442.0
833443,AmazonHelp,False,2017-10-13 06:50:03+00:00,@318466 Please go through: https://t.co/vjJ1XVDAVN to get the invoice of your product. (1/2)^AU,,833442.0,833442.0
833441,AmazonHelp,False,2017-10-13 06:50:29+00:00,"@318466 Kindly don't provide your order details, as we consider it to be personal information. Our Twitter page is public.(2/2)^AU",,833442.0,833442.0
834214,318658,True,2017-10-13 07:08:19+00:00,@115821 @1141 @117634 my friend died &amp; her 10yo kid can't access books her mom bought her. We've been trying to get your help,834206,,834214.0
834206,318658,True,2017-10-13 07:09:16+00:00,"@115821 @1141 @117634 Since April, &amp; nothing has worked in giving her child access to her account. So not only has she lost a mother but she can't lose herself in",834204,834214.0,834214.0
834204,AmazonHelp,False,2017-10-13 07:32:00+00:00,@318658 Sorry to hear this Layal - are you able to access your friends Amazon account (email / password combination) ? ^TD,834205,834206.0,834214.0
834205,318658,True,2017-10-13 14:48:31+00:00,@AmazonHelp That's the issue. We aren't.,834207,834204.0,834214.0
834207,AmazonHelp,False,2017-10-13 15:01:57+00:00,@318658 I'd like to have a member of our team take a look into this. Please provide detailed information: https://t.co/vlHTrxnkjK ^KP,834208,834205.0,834214.0
834208,318658,True,2017-10-13 15:04:11+00:00,@AmazonHelp The first step from your link is to sign in. How do they sign in if they don't have the password?,834209,834207.0,834214.0
834209,AmazonHelp,False,2017-10-13 15:09:26+00:00,@318658 Please select the skip sign in option below the Sign in button. ^RA,834210,834208.0,834214.0
834210,318658,True,2017-10-13 15:10:56+00:00,"@AmazonHelp Sorry I missed that. I'm mobile, it was tiny. So do I put my own info in this part or my friend's?",834211,834209.0,834214.0
834211,AmazonHelp,False,2017-10-13 15:14:45+00:00,"@318658 Please provide us with both, so that we're able to take a further look. ^KP",834212,834210.0,834214.0
834212,318658,True,2017-10-13 15:20:29+00:00,@AmazonHelp Done. Thank you!,834213,834211.0,834214.0
834213,AmazonHelp,False,2017-10-13 15:24:27+00:00,@318658 I can confirm we've received your information! We will be in touch soon. ^MT,,834212.0,834214.0
834396,318694,True,2017-10-13 07:45:44+00:00,@119625 aren't you guys excited about #MrRobot season 3 ? Update your collection ! https://t.co/SpyCuSFBqP,"834395,834397",,834396.0
834395,AmazonHelp,False,2017-10-13 07:58:53+00:00,@318694 feedback to the concerned team internally. 2/2^AP,,834396.0,834396.0
834397,AmazonHelp,False,2017-10-13 07:58:53+00:00,@318694 We will continue to add new content. Keep stay tuned on https://t.co/994EpRLnSJ. I'll be sure to forward your 1/2^AP,,834396.0,834396.0
834430,286680,True,2017-10-13 07:28:22+00:00,"@115850
Renewed my prime membership cuz I'm lovin it. It wuld be gr8 if you send prime membrs a goodie to flaunt it. Markets Prime more 😬😊","834427,834431",,834430.0
834427,AmazonHelp,False,2017-10-13 07:53:52+00:00,"@286680 We want to provide service on a level our customers will remember, and it's great to know we've succeeded. 2/2 ^RD","834428,834429",834430.0,834430.0
834431,AmazonHelp,False,2017-10-13 07:53:52+00:00,"@286680 Hello Kiran, It feels good to hear a stream of appreciation and it really means's a lot to the Amazon.in family. 1/2 ^RD",834432,834430.0,834430.0
834432,286680,True,2017-10-13 09:15:46+00:00,@AmazonHelp You guys deserve it and you are game changers. Just keep up the attitude and keep changing the game of customer service and e-commerce.,"834433,834434",834431.0,834430.0
834429,286680,True,2017-10-13 09:17:15+00:00,@AmazonHelp I like dat attitude &amp; it wil giv yu long mileage. Service is indeed the backbone of any company which will decide it's success or demise.,,834427.0,834430.0
834428,286680,True,2017-10-13 09:18:09+00:00,@AmazonHelp Does that mean you are planning to send something to prime members soon and if you are please dont forget me. I'll be happiest to flaunt it😘,,834427.0,834430.0
834434,AmazonHelp,False,2017-10-13 09:52:00+00:00,"@286680 Thank you for acknowledging our efforts. That was a launch offer, right now we don't have anything as such. (1/2)^HR",834435,834432.0,834430.0
834433,AmazonHelp,False,2017-10-13 09:53:54+00:00,@286680 We will surely forward your feedback though! (2/2)^HR,,834432.0,834430.0
834435,286680,True,2017-10-13 11:05:05+00:00,@AmazonHelp Uh oh but I never got anything even in the launch offer. I'm already a 1 Year old subscriber,,834434.0,834430.0
836906,319190,True,2017-10-13 09:21:27+00:00,@AmazonHelp Hey guys I have been TWO WEEKS trying to resolve a problem with my account. I am being told to FAX info - REALLY? Is this 1988?,836904,,836906.0
836904,AmazonHelp,False,2017-10-13 09:37:25+00:00,"@319190 In order to regain access to your account you will need to fax in the required documents, thanks. ^KM",836905,836906.0,836906.0
836905,319190,True,2017-10-13 09:46:36+00:00,@AmazonHelp That's what the super-secret ppl at Amz says. I don't understand why the phone doesn't work!?!? You've got my info: multiple times.,,836904.0,836906.0
837153,319239,True,2017-10-13 09:28:39+00:00,Petit kiff de longue heures de farming ds là pampa de #dragonquest7 @72272  merci @120533  pour se prix d amour 😍 https://t.co/tP4lbbflXt,837151,,837153.0
837151,AmazonHelp,False,2017-10-13 09:48:25+00:00,"@319239 Bonjour, ravie d'entendre cela. Profitez-en bien surtout 😄 ^FA",837152,837153.0,837153.0
837152,319239,True,2017-10-13 09:50:58+00:00,"@AmazonHelp Commandé hier reçu se matin , super livreur qui a pris la peine de monter les étages et 26 euros le jeu https://t.co/ArLrkONSuP",837154,837151.0,837153.0
837154,AmazonHelp,False,2017-10-13 10:11:00+00:00,@319239 Parfait ! Avez-vous déjà commencé le jeu ? ^FA,837155,837152.0,837153.0
837155,319239,True,2017-10-13 10:12:15+00:00,@AmazonHelp Et oui 👍 https://t.co/9XDvHRFy22,837156,837154.0,837153.0
837156,AmazonHelp,False,2017-10-13 10:23:28+00:00,@319239 Ah ! Ça prouve que vous l'attendiez impatiemment 😉. ^FA,837157,837155.0,837153.0
837157,319239,True,2017-10-13 10:24:38+00:00,@AmazonHelp Depuis longtemps en effet cette licence est culte et en profiter en fr est une chance !,837158,837156.0,837153.0
837158,AmazonHelp,False,2017-10-13 10:39:00+00:00,@319239 Eh ben la chance vous a souri ce matin ! La journée s'annonce bien 👍🏼,837159,837157.0,837153.0
837159,319239,True,2017-10-13 10:41:12+00:00,@AmazonHelp  https://t.co/htysufYc3c,,837158.0,837153.0
838313,294658,True,2017-10-13 10:22:05+00:00,@AmazonHelp El miércoles les mande un correo y aun no he tenido respuesta. Llevo desde el dia 5 de octubre para recibir el pedido.,838311,,838313.0
838311,AmazonHelp,False,2017-10-13 10:33:31+00:00,"@294658 Lamento el retraso en tu pedido, La Mary, ¿Has entrado en contacto con el transportista para verificar lo sucedido? ^AZ",838312,838313.0,838313.0
838312,294658,True,2017-10-13 11:59:19+00:00,"@AmazonHelp Si, me dijo que vendria el martes 10 de octubre. El dia 11 me puse en contacto con ustedes y hoy todavia no se nada.",838314,838311.0,838313.0
838314,AmazonHelp,False,2017-10-13 12:02:00+00:00,"@294658 Entiendo, por favor reportalo con nuestro Servicio al Cliente a través de este enlace: https://t.co/OjvUxwnzPe . ^MB",838315,838312.0,838313.0
838315,294658,True,2017-10-13 12:03:20+00:00,@AmazonHelp Lo reporte el miércoles y esta mañana lo he vuelto a hacer.,838316,838314.0,838313.0
838316,AmazonHelp,False,2017-10-13 12:06:32+00:00,"@294658 Lamento saber eso, La Mary, podrías informarme ¿\Que respuesta recibiste por parte de nuestros agentes? ^AZ",838317,838315.0,838313.0
838317,294658,True,2017-10-13 12:09:51+00:00,@AmazonHelp Todavía no se nada,838318,838316.0,838313.0
838318,AmazonHelp,False,2017-10-13 12:17:00+00:00,@294658 Por favor envianos los detalles del caso a través de este enlace: https://t.co/3VbbUbYsSx . ^MB,838319,838317.0,838313.0
838319,294658,True,2017-10-13 12:30:44+00:00,"@AmazonHelp Acabo de recibir respuesta de att cliente de amazon. Si no lo recibo hoy, os detallare el caso por su enlace. Muchas gracias, muy amables.",838320,838318.0,838313.0
838320,AmazonHelp,False,2017-10-13 12:37:00+00:00,"@294658 Con mucho gusto, estamos para asistirte. En caso de que nos necesites no dudes en contactarnos. ^MB",838321,838319.0,838313.0
838321,294658,True,2017-10-14 07:03:29+00:00,@AmazonHelp Lamentablemente ayer no recibí el paquete tal y como me dijisteis en vuestro correo.,838322,838320.0,838313.0
838322,AmazonHelp,False,2017-10-14 07:11:00+00:00,"@294658 Por favor, envíanos la información utilizando este enlace: https://t.co/3VbbUbYsSx para poder verificar de forma segura. ^VM",838323,838321.0,838313.0
838323,294658,True,2017-10-14 07:12:42+00:00,@AmazonHelp Ya lo he vuelto a hacer. Ayer me dijeron que  a lo largo del día lo recibiría y no nos movimos de casa.,,838322.0,838313.0
840420,AmazonHelp,False,2017-10-13 11:38:37+00:00,@319628 (2/2) que nuestros agentes puedan verificar si todo está correcto con tu suscripción. ¡Saludos! ^AZ,840419,840421.0,840421.0
840419,319628,True,2017-10-13 11:40:41+00:00,"@AmazonHelp Solucionado, ¡Gracias!",840418,840420.0,840421.0
840418,AmazonHelp,False,2017-10-13 11:43:01+00:00,"@319628 Nos alegra sabe que el problema fue resuelto, Verleh, estamos a tu disposición siempre que necesites. ^AZ",,840419.0,840421.0
845705,321017,True,2017-10-20 12:50:02+00:00,so my parcel from @115821 says it’s been delivered to me for the last hour now n it’s still not here:(,845704,,845705.0
845704,AmazonHelp,False,2017-10-20 14:24:00+00:00,@321017 I'm sorry for the trouble with your delivery. Please try these steps: https://t.co/ZReu31IVeV ^DG,,845705.0,845705.0
848136,321566,True,2017-10-20 14:45:57+00:00,@115830 can someone contact me please. I am absolutely fuming and disappointed,848128,,848136.0
848128,AmazonHelp,False,2017-10-20 14:56:29+00:00,"@321566 Thanks for reaching out, Rachel! W'ere here to help. Without providing personal/account details, what's going on? ^FD","848129,848130,848131,848132,848133,848134,848135",848136.0,848136.0
848132,321566,True,2017-10-20 14:57:28+00:00,"@AmazonHelp Hello thank you for getting back to me. I went onto your site this morning and noticed a promotion (if you spend £30 on eligible toys, you",,848128.0,848136.0
848130,321566,True,2017-10-20 14:58:05+00:00,"@AmazonHelp Receive a free toy box. However, there was no list to say which toys were on the offer, so I took it upon myself to look through all the",,848128.0,848136.0
848133,321566,True,2017-10-20 14:58:46+00:00,"@AmazonHelp Toys to see which ones were eligible, which took me in excess of 2 hours. I finally get to the checkout to pay and notice that the promotion",,848128.0,848136.0
848131,321566,True,2017-10-20 14:59:23+00:00,"@AmazonHelp Had been taken off. I'm obviously very disappointed, as I don't think it was the best conducted promotion to start with but now I'm not even",,848128.0,848136.0
848135,321566,True,2017-10-20 15:00:10+00:00,@AmazonHelp Able to take advantage of it as it was taken off 🙁 I spend a lot with amaZon every month. I choose you over other websites because of your,,848128.0,848136.0
848134,321566,True,2017-10-20 15:01:13+00:00,@AmazonHelp Great customer service and quick delivery and not to mention fair prices. I hope you can perhaps honour this for me if I can provide you,,848128.0,848136.0
848129,321566,True,2017-10-20 15:01:29+00:00,@AmazonHelp With an order number via direct measage,,848128.0,848136.0
850104,321984,True,2017-10-13 12:59:21+00:00,@AmazonHelp I ordered some stuff last night and I checked the recent orders tab and some of them are missing. Should I reorder them or wait?,850101,,850104.0
850101,AmazonHelp,False,2017-10-13 13:26:16+00:00,"@321984 I'd double check here first: https://t.co/Y5jpI9gRhE
If they are not there, then I'd say reorder! ^TR","850102,850103",850104.0,850104.0
850102,321984,True,2017-10-13 13:28:39+00:00,@AmazonHelp Now it says I can't log in?,,850101.0,850104.0
850103,321984,True,2017-10-13 13:35:51+00:00,@AmazonHelp yeah I changed my password and it still says it's incorrect,850105,850101.0,850104.0
850105,AmazonHelp,False,2017-10-13 14:15:00+00:00,@321984 Thanks for letting us know! We feel we can provide the best assistance via phone or chat here: https://t.co/hApLpMlfHN ^DA,,850103.0,850104.0
853889,322816,True,2017-10-13 13:39:04+00:00,"agora é sério, meu kindle não ta carregando e nem ligando SOCORRO @117086",853888,,853889.0
853888,AmazonHelp,False,2017-10-13 13:42:56+00:00,"@322816 Sinto muito o acontecido, recomendo seguir os seguinte passos: https://t.co/JABTgGNnja , por favor mantenha-nos informados. ^AZ",,853889.0,853889.0
858692,117086,True,2017-10-13 14:00:01+00:00,Especial Sexta-feria 13 🕸🕷👽👻 Corra e garanta os seus livros de terror favoritos com até 50% de desconto: https://t.co/QUTw2KdINz https://t.co/J8tkapCPCl,858688,,858692.0
858688,123478,True,2017-10-13 14:07:36+00:00,@117086 Aaaaaa ontem eu comprei o Medo Clássico que eu queria a muito tempo 💙,858686,858692.0,858692.0
858686,AmazonHelp,False,2017-10-13 14:13:29+00:00,"@123478 🙀 Muita ansiedad por receber, né? 🤗 ^LG",858687,858688.0,858692.0
858687,123478,True,2017-10-13 14:15:47+00:00,"@AmazonHelp Muuuuita, ta previsto pra chegar antes do fim deste mês. Será ótimo ler nessa vibe de mês do horror 💀👻",858689,858686.0,858692.0
858689,AmazonHelp,False,2017-10-13 14:21:41+00:00,"@123478 Estamos contando os segundos com você 🤗 no momento que receber o pedido, manda uma foto bem linda para gente tá? 💜 ^AZ https://t.co/m3yju8KBCX",858690,858687.0,858692.0
858690,123478,True,2017-10-13 14:39:38+00:00,@AmazonHelp hahahah pode deixar ❤️,858691,858689.0,858692.0
858691,AmazonHelp,False,2017-10-13 14:41:33+00:00,@123478 Ficamos no aguardo 😉 ^LG,,858690.0,858692.0
858769,321977,True,2017-10-13 13:40:21+00:00,@115850 I had purchased Moto G5 406-1621105-6419547 but your courier person ask for pick courier from different loc why? Pls delivered tod,"858768,858770",,858769.0
858770,AmazonHelp,False,2017-10-13 14:02:31+00:00,"@321977 Apologies, Ajit. We have responded to your query here: https://t.co/vJFXrLBOLc. Request you to check. 1/2 ^NK",,858769.0,858769.0
858768,AmazonHelp,False,2017-10-13 14:03:00+00:00,"@321977 Please don't provide your order details, as we consider it to be personal information. Our Twitter page is public.​ 2/2 ^NK",,858769.0,858769.0
862568,324811,True,2017-10-13 14:27:27+00:00,@AmazonHelp How do I get a refund for shipping on my order? Paid for 1 day shipping. Delivery was unable to be made because of door code.,862566,,862568.0
862566,324811,True,2017-10-13 14:28:32+00:00,@AmazonHelp My address book has my door code entered correctly.,"862565,862567",862568.0,862568.0
862565,AmazonHelp,False,2017-10-13 14:48:00+00:00,@324811 We'd love to help! Let's make sure your address is accurate here: https://t.co/ztoi1eulVT ^MW,,862566.0,862568.0
862567,324811,True,2017-10-13 14:55:44+00:00,@AmazonHelp It is,865855,862566.0,862568.0
865855,AmazonHelp,False,2017-10-13 15:05:32+00:00,@324811 I'm sorry. We're unable to access account info via twitter. Please give us a call here: https://t.co/hApLpMlfHN ^JF,,862567.0,862568.0
869867,326546,True,2017-10-20 16:05:58+00:00,@AmazonHelp dont again reply tweet like cust executives told correctly bcoz i have some proof to say they told me wrngly so pls communicate https://t.co/mvz80Xn6i4,869866,,869867.0
869866,AmazonHelp,False,2017-10-20 16:24:00+00:00,"@326546 Unfortunately we will not be able to provide any further assistance in this, appreciate your understandings. ^SM",,869867.0,869867.0
874593,319378,True,2017-10-13 15:45:37+00:00,"@115850 whats your Problem Man ? Why you are trying to fool your customer ? My bad , Bi Mistake I have ordered from Your Fucking Site",874592,,874593.0
874592,AmazonHelp,False,2017-10-13 16:05:01+00:00,"@319378 I'm sorry about any trouble you've had with us lately. We'd like to help, could you let us know what went wrong? ^MA",,874593.0,874593.0
874633,327649,True,2017-10-13 15:51:22+00:00,@AmazonHelp 407-1840559-7509101. Product already pick up. But account details doesn't show about return. Because of that I can't able to,"874631,874639,874640",,874633.0
874639,AmazonHelp,False,2017-10-13 16:02:33+00:00,@327649 That's strange. We'd like to know what exactly went wrong. Please drop in the details here: https://t.co/GIJyeYqKE0 ^MS,,874633.0,874633.0
874631,AmazonHelp,False,2017-10-13 16:03:00+00:00,@327649 Please don’t provide your order details as as it is personal information. Our Twitter page is visible to the public. ^MS,874632,874633.0,874633.0
874632,327649,True,2017-10-13 16:05:25+00:00,@AmazonHelp OK. Please solve the issue as early as possible. as I said I want 2 reorder that phone tonight,874634,874631.0,874633.0
874634,AmazonHelp,False,2017-10-13 16:18:00+00:00,"@327649 Sure, we'll be happy to work on this. Have you shared your details yet? ^HA",874635,874632.0,874633.0
874635,327649,True,2017-10-13 16:31:00+00:00,@AmazonHelp Yes I do. Now humbly waiting for call.,874636,874634.0,874633.0
874636,AmazonHelp,False,2017-10-13 16:47:29+00:00,"@327649 As you've shared your details, we'll work on it and get back to you. ^HN",874637,874635.0,874633.0
874637,327649,True,2017-10-13 17:07:22+00:00,@AmazonHelp I need to reorder that phone tonight. Please do it as early as possible,874638,874636.0,874633.0
874638,AmazonHelp,False,2017-10-13 17:17:29+00:00,"@327649 As you have shared your details, we will try our best we can in resolving the issue for you. Request you to wait. :) ^NK",,874637.0,874633.0
881098,329213,True,2017-10-20 19:18:30+00:00,"@115821 I believe there's some scam artist out there pretending to be Amazon giving out $1,000 gift cards with poorly worded announcements",881097,,881098.0
881097,AmazonHelp,False,2017-10-20 19:36:33+00:00,@329213 Thanks for letting us know! Please take a look here to report that information: https://t.co/VBraIBnCdX ^QJ,,881098.0,881098.0
894258,332321,True,2017-10-20 21:38:42+00:00,Why have an @115821 membership if you order one day delivery on the 16th and it won’t come u til the 21st 💆🏻🙃,894254,,894258.0
894254,AmazonHelp,False,2017-10-20 21:42:34+00:00,@332321 Our shipping time won't include the processing time before shipment. Did we miss the original delivery date? Let us know! ^DW,"894255,894256,894257",894258.0,894258.0
894255,332321,True,2017-10-20 21:43:29+00:00,@AmazonHelp It was supposed to be delivered Thursday when I purchased it...,894259,894254.0,894258.0
894257,332323,True,2017-10-20 21:44:50+00:00,@AmazonHelp @332321 Wow this is awful :/ hopefully amazon can resolve this issue!!,,894254.0,894258.0
894259,AmazonHelp,False,2017-10-20 21:46:54+00:00,@332321 I'm sorry it's not arriving when expected. Please let us know if it doesn't arrive by the end of the day on the 21st. ^GL,"894260,894261",894255.0,894258.0
894256,332322,True,2017-10-20 21:49:18+00:00,@AmazonHelp @332321 Let her know family,,894254.0,894258.0
894261,332321,True,2017-10-20 22:07:17+00:00,@AmazonHelp Me too :/ definitely won’t be recommending you guys to anyone... I wouldn’t have made this purchase if I knew originally it would be late,,894259.0,894258.0
894260,332321,True,2017-10-20 22:08:31+00:00,@AmazonHelp I wish you could’ve provided more assistance to this problem,,894259.0,894258.0
901518,334018,True,2017-10-21 00:05:35+00:00,Amazon logistics is the worst shipping ever 😑😑 it’s 8:05 pm how is it still “out for delivery” smh,901516,,901518.0
901516,AmazonHelp,False,2017-10-21 00:22:27+00:00,"@334018 I'm sorry to hear this, Kell! Please provide your details here: https://t.co/9ehNsIa2Qm and a specialist will contact you. ^HC",901517,901518.0,901518.0
901517,334018,True,2017-10-21 00:23:49+00:00,@AmazonHelp I already dmed,,901516.0,901518.0
902275,334205,True,2017-10-20 23:59:26+00:00,"@115851 Hey Jeff, long time customer here. Been trying to spend lots of money on your website but keep getting locked out —",902274,,902275.0
902274,AmazonHelp,False,2017-10-21 00:34:57+00:00,@334205 I'm sorry to hear about the trouble! Have you received an email from our account specialist regarding your account? ^HC,,902275.0,902275.0
905919,335072,True,2017-10-21 01:21:57+00:00,Some LIAR @115821 hired to diligent my package OBVIOUSLY STOLE IT.. n they giving me the run around.. I’m a prime member for what?,905918,,905919.0
905918,AmazonHelp,False,2017-10-21 01:41:00+00:00,"@335072 I'm sorry you haven't received your package! When you spoke with us previously, what options were we able to provide? ^ML",,905919.0,905919.0
910370,336240,True,2017-10-13 19:07:48+00:00,"disgusted @115821 . Take money upfront, promise deliver for which I wait in for and cancel at last minute.. still keeping my money","910371,910369",,910370.0
910369,336240,True,2017-10-13 19:11:12+00:00,@115821 I pay extra for prime which I was promised delivery. disappointed 7 year old as well. Not even courtesy of email,910366,910370.0,910370.0
910371,AmazonHelp,False,2017-10-13 19:47:00+00:00,@336240 I'm sorry for the frustration! This is not the expectations we have set. Can you please tell us which site you order from? ^AC,"910392,910393,910394,910395",910370.0,910370.0
910394,336240,True,2017-10-13 19:48:09+00:00,@AmazonHelp I am now online with amazon customer services whose treatment of me is diabolical. I asked to make a complaint,,910371.0,910370.0
910393,336240,True,2017-10-13 19:49:02+00:00,@AmazonHelp And they passed my number to courier services who are harassing me with calls,,910371.0,910370.0
910366,AmazonHelp,False,2017-10-13 19:49:27+00:00,"@336240 I'm sorry to hear about this! Without sharing personal information, can you verify the last tracking status? ^TH","910367,910368",910369.0,910370.0
910392,336240,True,2017-10-13 19:49:32+00:00,@AmazonHelp Amazon uk prime,910396,910371.0,910370.0
910367,336240,True,2017-10-13 19:52:31+00:00,"@AmazonHelp I was told up to 7.30 ish I would receive the package today, now it says by 24 October.",,910366.0,910370.0
910368,336240,True,2017-10-13 19:53:54+00:00,@AmazonHelp I can show all correspondence from customer service and their dreadful treatment,,910366.0,910370.0
910396,AmazonHelp,False,2017-10-13 20:01:30+00:00,@336240 We'd like to have a member of our team take a look at this w/ you! Please leave your details here: https://t.co/w5HlrE06aG ^KN,,910392.0,910370.0
910395,336240,True,2017-10-13 20:04:07+00:00,"@AmazonHelp Thank you, I will",,910371.0,910370.0
918201,337985,True,2017-10-21 10:14:24+00:00,"@AmazonHelp Bonjour, je viens de vous envoyer un message concernant une commande. Merci de me faire un retour dès que possible. Cdlt",918200,,918201.0
918200,AmazonHelp,False,2017-10-21 10:17:00+00:00,"@337985 Bonjour Lucile, avez-vous contacté notre SAV concernant le problème que vous rencontrez ? ^ARC",918199,918201.0,918201.0
918199,337985,True,2017-10-21 10:19:51+00:00,"@AmazonHelp Bonjour, comment puis-je les contacter, je tourne en rond sur le site depuis 20 minutes. Merci",918198,918200.0,918201.0
918198,AmazonHelp,False,2017-10-21 10:22:24+00:00,@337985 Il est possible de le faire via ce lien  https://t.co/hgIrz98cdI ^SN,,918199.0,918201.0
918930,338143,True,2017-10-21 10:28:15+00:00,"@115850 
Please reply to the order no.171-1117795-9953907.
Regarding wrong spec'n product delivered, 1920 x 1080i instead of 1920 x 1080p. https://t.co/Ng7bEedUDZ",918929,,918930.0
918929,AmazonHelp,False,2017-10-21 10:35:01+00:00,"@338143 Apologies for the mix up, that shouldn't have happened. Did you report this to our support team yet; https://t.co/beaaDm0muc ? ^AH",,918930.0,918930.0
920957,338616,True,2017-10-21 05:03:12+00:00,@115940 please change your #UX and fix the bug that keeps making the #app crash on @115821 #firetv,"920956,920958",,920957.0
920956,AmazonHelp,False,2017-10-21 05:18:56+00:00,@338616 I'm sorry for the trouble you're having with the app! Have you tried any of these steps here: https://t.co/bp2UfhsfwO? ^DW,,920957.0,920957.0
920958,hulu_support,False,2017-10-21 21:14:15+00:00,"@338616 Oh no! We don't like to hear that, Radha. If you haven't already, try: https://t.co/HXpLyTU79x and https://t.co/TR6ei0cnf1.",,920957.0,920957.0
921167,338677,True,2017-10-21 05:28:50+00:00,Hello @AmazonHelp is this service available currently here in the UK? I hope so. Thank you for your help. https://t.co/x7q5pY3ZSJ,921166,,921167.0
921166,AmazonHelp,False,2017-10-21 05:41:00+00:00,"@338677 Hi there, for Thursday Night Football, go here: https://t.co/EnF4otkmhg It will be included with a valid Prime membership. ^DW",,921167.0,921167.0
921506,338757,True,2017-10-21 12:44:54+00:00,@AmazonHelp my previous company gave me £200 worth of amazon vouchers which expires 2023. Tried to use them today and it confirms the (2/2),921503,,921506.0
921503,338757,True,2017-10-21 12:46:17+00:00,@AmazonHelp £ however it says it’s locked and previous company has Re called these vouchers ? Anything you can do ? As want to buy something ...,921499,921506.0,921506.0
921499,AmazonHelp,False,2017-10-21 12:48:02+00:00,@338757 Oh my! We'd like to try to help. Please contact us here: https://t.co/JzP7hlA23B so we can take a closer look. ^AB,"921500,921501,921502",921503.0,921506.0
921502,338757,True,2017-10-21 12:50:41+00:00,@AmazonHelp Already done that &amp; spoken to a repr &amp; she said nothing can be done. Not happy. I now need to contact my previous employer @40837 !!,,921499.0,921506.0
921501,338757,True,2017-10-21 12:51:59+00:00,"@AmazonHelp So unless your willing to some how get around the system And just adjust the account to reflect the £200, it’s a lost cause",,921499.0,921506.0
921500,338757,True,2017-10-21 13:14:01+00:00,"@AmazonHelp How about you ring me, and decide how you going to resolve than me doing all the ground work",921504,921499.0,921506.0
921504,AmazonHelp,False,2017-10-21 13:21:00+00:00,@338757 We can't access your account via Twitter. I would recommend contacting the purchaser of the vouchers for more info. ^LB,921505,921500.0,921506.0
921505,338757,True,2017-10-21 13:22:55+00:00,@AmazonHelp Well the purchasers is an previous employer @40837 . Are you able to investigate ? As this is beyond a joke ..,,921504.0,921506.0
922581,339007,True,2017-10-13 18:55:28+00:00,So @115821 messages you if the prices of items in your cart has decreased but not when they've increased. Valid reason ?,"922580,922582",,922581.0
922580,AmazonHelp,False,2017-10-13 22:50:30+00:00,@339007 Receive from our sellers. You may also visit this link: https://t.co/yQb39uNRsX  for more information. (2/2) ^HD,,922581.0,922581.0
922582,AmazonHelp,False,2017-10-13 22:50:30+00:00,"@339007 Hi, the prices on our website are determined by our sellers. And we keep updating our prices as per the data we (1/2) ^HD",,922581.0,922581.0
928375,340279,True,2017-10-21 14:47:06+00:00,"Is it me, or is @115833 getting stupider by the day?",928374,,928375.0
928374,AmazonHelp,False,2017-10-21 15:02:09+00:00,@340279 This isn't the experience we want you to have! Please let us know more about what's going on. No account details please! ^BH,,928375.0,928375.0
929640,134059,True,2017-10-13 21:40:04+00:00,@AmazonHelp You arranged to collect my order (a non-functioning laptop) on Monday; you haven't done that and I've just spent 33 minutes on &gt;,929638,,929640.0
929638,134059,True,2017-10-13 21:40:59+00:00,"@AmazonHelp &gt; the phone. I'm currently out almost £100 for an item not in working order, with no idea when I might get a refund. Terrible service.","929637,929639",929640.0,929640.0
929637,134059,True,2017-10-13 22:11:19+00:00,"@AmazonHelp &gt; phone for another 24 mins, with a member of staff I finally had to hang up on, because she sat in silence and literally gave me no other &gt;",929632,929638.0,929640.0
929632,134059,True,2017-10-13 22:13:18+00:00,"@AmazonHelp &gt; option for the call ever, ever ending. I'm now very upset and angry. Since your staff won't tell me - how do I make a formal complaint?",929629,929637.0,929640.0
929629,AmazonHelp,False,2017-10-13 22:23:00+00:00,"@134059 Our team would like to take a closer look, and make sure your concerns are escalated, via this link: https://t.co/fWWGG25Kpj ^JR","929630,929631",929632.0,929640.0
929630,134059,True,2017-10-13 22:46:05+00:00,@AmazonHelp I've filled in that form.,,929629.0,929640.0
929631,134059,True,2017-10-14 10:46:08+00:00,"@AmazonHelp Is this honestly your idea of a helpful response? ""I can verify that this issue regarding the issue...If you don't hear from us by date"" &gt; https://t.co/5ZukMpENCy",929633,929629.0,929640.0
929633,134059,True,2017-10-14 10:47:08+00:00,"@AmazonHelp &gt; I'm well aware that someone is ""looking into it"", but the issue is that they're doing a terrible job of that and not solving the problem.",929634,929631.0,929640.0
929634,AmazonHelp,False,2017-10-14 11:03:31+00:00,@134059 Please use the link provided by ^JR and we'll make sure it's investigated for you. ^RL,929635,929633.0,929640.0
929635,134059,True,2017-10-14 11:04:19+00:00,"@AmazonHelp That's exactly what I've done, which seems to have generated that email.",929636,929634.0,929640.0
929636,AmazonHelp,False,2017-10-14 11:16:00+00:00,@134059 I've checked and I can see we have your details from the form. We'll reply to you later today via email. ^RL,,929635.0,929640.0
930345,340707,True,2017-11-20 20:24:42+00:00,What is the point in being a prime member and preordering something to be delivered on the day of release only to be told it will take another 1-2 working day @115821? @115830 @AmazonHelp https://t.co/XyrsUCCQVR,930343,,930345.0
930343,AmazonHelp,False,2017-11-20 20:36:00+00:00,@340707 Hi Gareth - Unforeseen circumstances can occur. I'm sorry your order didn't arrive by the original delivery estimate. We can take a look at your options with you here: https://t.co/qy3J24VGxb ^AF,930344,930345.0,930345.0
930344,340707,True,2017-11-20 20:39:52+00:00,@AmazonHelp So what are the unforeseen circumstances that will cause up to a 2 day delay? Thanks.,930346,930343.0,930345.0
930346,340707,True,2017-11-21 18:26:48+00:00,"@AmazonHelp Still no reply as yet. Can you update me, as saying ‘out for delivery’ since 7.38am this morning? @115830 https://t.co/siH6BxQMNN",930347,930344.0,930345.0
930347,AmazonHelp,False,2017-11-21 18:36:00+00:00,"@340707 Keep an eye on the status, deliveries can come as late as 21:00. Let us know if it doesn't arrive! ^MJ",930348,930346.0,930345.0
930348,340707,True,2017-11-21 21:00:51+00:00,"@AmazonHelp Still not been delivered, now going to be at least two days later than advised when placing the preorder. What unforeseen circumstances arose today? Gareth",930349,930347.0,930345.0
930349,AmazonHelp,False,2017-11-21 21:06:00+00:00,"@340707 This is never the impression we want to leave you with. When you get a chance, please reach us by phone here: https://t.co/JzP7hlA23B, so we can look over available options with you. ^JM",,930348.0,930345.0
934289,198978,True,2017-10-21 17:37:33+00:00,"Dear @115821 ordering something the 21st with an expected delivery date of the 31st is not ""2 day shipping"" please stop false advertising",934287,,934289.0
934287,AmazonHelp,False,2017-10-21 17:41:30+00:00,@198978 Some items need more time to process before they ship. Info on delivery date calculations here: https://t.co/b5wS7919Pl ^GL,934288,934289.0,934289.0
934288,198978,True,2017-11-02 23:08:41+00:00,@AmazonHelp Just wanted to follow up - the stuff I ordered came late and your snarky responses aren't appreciated thanks,934290,934287.0,934289.0
934290,AmazonHelp,False,2017-11-02 23:26:37+00:00,@198978 We strive to meet the delivery date provided in your confirmation e-mail! Have you received your current order? ^AR,,934288.0,934289.0
934303,341636,True,2017-10-21 16:21:00+00:00,OMGGGGG @AmazonHelp,934302,,934303.0
934302,AmazonHelp,False,2017-10-21 16:23:34+00:00,"@341636 We're here to help! Without giving account details, can you please tell us what's going on? ^AC",934301,934303.0,934303.0
934301,341636,True,2017-10-21 16:32:27+00:00,@AmazonHelp My friend bought me a gift card i ordered something now they saying the need a Receipt of the giftcard,934299,934302.0,934303.0
934299,AmazonHelp,False,2017-10-21 16:39:29+00:00,"@341636 Just to clarify, are you needing a receipt of the gift card itself or the item which was purchased using the gift card? ^AC","934300,934298",934301.0,934303.0
934300,341636,True,2017-10-21 16:41:41+00:00,@AmazonHelp A receipt of the gift card,942720,934299.0,934303.0
942720,AmazonHelp,False,2017-10-21 16:53:36+00:00,@341636 Was the gift card a physical gift card or an electronic gift card that was emailed to you? ^JF,,934300.0,934303.0
934298,341636,True,2017-10-21 16:54:29+00:00,@AmazonHelp Physical,934297,934299.0,934303.0
934297,AmazonHelp,False,2017-10-21 17:07:52+00:00,"@341636 To make sure I understand correctly, did you receive an e-mail from Amazon asking for a receipt of the gift card? ^BH",934296,934298.0,934303.0
934296,341636,True,2017-10-21 17:08:10+00:00,@AmazonHelp Yes but i dont have it,934295,934297.0,934303.0
934295,AmazonHelp,False,2017-10-21 17:21:01+00:00,@341636 Let's take a closer look into this with you via phone or chat here: https://t.co/hApLpMlfHN ^ML,934294,934296.0,934303.0
934294,341636,True,2017-10-21 17:21:34+00:00,@AmazonHelp Chat here,934293,934295.0,934303.0
934293,AmazonHelp,False,2017-10-21 17:31:26+00:00,@341636 We're not able to access your account from here. Please use the link ^ML gave to contact in directly. ^GL,934292,934294.0,934303.0
934292,341636,True,2017-10-21 17:32:41+00:00,@AmazonHelp My account has been locked,934291,934293.0,934303.0
934291,AmazonHelp,False,2017-10-21 17:41:30+00:00,@341636 You can reach out to us without signing in to your account here: https://t.co/6tDjE2YMok ^WJ,,934292.0,934303.0
939369,342676,True,2017-10-21 18:51:05+00:00,Love you @117795 but your delivery drivers are the worst. My food smells like cigarettes and they get lost and call me all the time.,939368,,939369.0
939368,AmazonHelp,False,2017-10-21 18:54:01+00:00,@342676 I'm so sorry to hear! My team would like to personally look into this. Please send us details here: https://t.co/x2uS5VqDLG ^AB,,939369.0,939369.0
953147,346153,True,2017-10-21 20:39:34+00:00,"Dis donc @120533 je crois qu'on va devoir se reparler là de vos non livraisons, encore une fois...",953145,,953147.0
953145,AmazonHelp,False,2017-10-21 20:50:35+00:00,"@346153 Bonsoir, désolée pour cela, pouvez-vous nous expliquer davantage le souci je vous prie ? ^KE",953146,953147.0,953147.0
953146,346153,True,2017-10-21 22:26:14+00:00,@AmazonHelp une commande partie depuis 5 jours qui devait déjà arriver depuis un moment mais qui ne l'a pas été...,953148,953145.0,953147.0
953148,AmazonHelp,False,2017-10-21 22:29:21+00:00,"@346153 je suis désolé pour ce contretemps et vous prie de nous en excuser, que dit le suivi du transporteur s'il vous plaît ? Merci ^RA",953149,953146.0,953147.0
953149,346153,True,2017-10-21 22:31:55+00:00,"@AmazonHelp Dernière mise à jour : mardi 17 octobre
18:37 
Colis envoyé au transporteur, en transit.
Montelimar, FR",953150,953148.0,953147.0
953150,AmazonHelp,False,2017-10-21 22:43:40+00:00,"@346153 il peut s'agir d'un souci d'acheminement , l'avez-vous signalé à notre SAV, pour vérifier et vous proposer une solution ? ^RA",953151,953149.0,953147.0
953151,346153,True,2017-10-21 22:47:11+00:00,@AmazonHelp Non pas encore mais j'ai été déduit sur mon compte alors que généralement ça ne l'est que lorsque je reçois mon colis,"953152,953153",953150.0,953147.0
953153,AmazonHelp,False,2017-10-21 22:54:31+00:00,@346153 Le paiement sur Amazon se fait toujours lors de l'expédition de la commande 1/2,,953151.0,953147.0
953152,AmazonHelp,False,2017-10-21 22:55:00+00:00,@346153 Je vous invite à contacter notre SAV pour la livraison via ce lien: https://t.co/hgIrz98cdI 2/2 ^MA,,953151.0,953147.0
957119,347090,True,2017-11-01 19:37:12+00:00,Gali Gali mein shor hai @115850 Chor hai #HearUsAmazon @128876 #Rto #UndeliverableShipments @3161,957117,,957119.0
957117,AmazonHelp,False,2017-11-01 19:39:29+00:00,@347090 We'd like to help you. Could you please elaborate on your issue? ^NR,957118,957119.0,957119.0
957118,347091,True,2017-11-01 22:00:54+00:00,@AmazonHelp @347090 Getting frustrated with undeliverable and fake orders @AmazonHelp,957120,957117.0,957119.0
957120,AmazonHelp,False,2017-11-01 22:06:34+00:00,@347091 We've responded to your query via DM. Please check. ^HD,,957118.0,957119.0
957927,347296,True,2017-10-14 02:07:43+00:00,@AmazonHelp another failed delivery.  Why is shipping locally out of New Jersey to Jersey residents so difficult for you?,957924,,957927.0
957924,AmazonHelp,False,2017-10-14 02:19:00+00:00,@347296 I'm sorry for the reoccurring delivery issues. Are you noticing this trend with a certain carrier: https://t.co/q4LAMZ3tbE? ^GG,"957925,957926",957927.0,957927.0
957926,347296,True,2017-10-14 02:24:20+00:00,@AmazonHelp usually just amzl us. Today it was lazership. But now I'm thinking the issue is from the 2 shipping faculties Bellevue and Edison,957928,957924.0,957927.0
957925,347296,True,2017-10-14 02:27:05+00:00,@AmazonHelp 99% of the issues are on prime 1 or 2 day deliveries,,957924.0,957927.0
957928,AmazonHelp,False,2017-10-14 02:34:31+00:00,@347296 I understand. I'd like to have a member of my team look into this. Please send us your details here: https://t.co/Qa0OWFOaFr ^JM,,957926.0,957927.0
961442,348154,True,2017-10-14 02:54:21+00:00,"@AmazonHelp I got a new phone 3 days ago &amp; I tried to update my new number, but it said the number is already in use. Can this be fixed?",961441,,961442.0
961441,AmazonHelp,False,2017-10-14 03:05:30+00:00,@348154 Thanks for reaching out to us here. Please contact us here so we can look into this: https://t.co/EKXRLsnxJu ^GG,,961442.0,961442.0
969215,350060,True,2017-10-22 06:30:41+00:00,@115850 i bought a Carson Analogue Blue Dial Men'S Watch- Cr1535 but after three months it stops work how i claimed warrenty for repair?,969214,,969215.0
969214,AmazonHelp,False,2017-10-22 06:35:55+00:00,@350060 You may get in touch with the manufacturer and claim your warranty. ^GK,969213,969215.0,969215.0
969213,350060,True,2017-10-22 06:38:24+00:00,@AmazonHelp how i get manufacturer contact details?,969212,969214.0,969215.0
969212,AmazonHelp,False,2017-10-22 06:49:51+00:00,@350060 Kindly connect with our team here: https://t.co/vlvfJr4nN9 and we'll help you with the details. ^GK,,969213.0,969215.0
969274,310419,True,2017-10-14 05:13:17+00:00,"@AmazonHelp Hello still issue not resolved, if you cant run the company ask your ceo to shut down the company not to loot the money.",969272,,969274.0
969272,AmazonHelp,False,2017-10-14 05:42:28+00:00,@310419 Did you drop in your details through the secure link here: https://t.co/q6plbFpMDm ? ^NS,969273,969274.0,969274.0
969273,310419,True,2017-10-14 05:44:25+00:00,"@AmazonHelp I have done twice, why can't check the previous history before U respond.","969275,969276",969272.0,969274.0
969275,AmazonHelp,False,2017-10-14 08:45:31+00:00,@310419 Sorry for the confusion. If you have provided your details our concerned team will get back to you with (1/2)^GU,,969273.0,969274.0
969276,AmazonHelp,False,2017-10-14 08:45:31+00:00,"@310419 -a correspondence on your registered email id, kindly check and revert. (2/2)^GU",,969273.0,969274.0
970802,285229,True,2017-10-14 05:49:03+00:00,"@115850 
For some reason Amazon India follows a special clock where there 24hrs have not got over since 9th October !! Pathetic service and height of arrogance !! False promises and cheaters !!
#Cheaters #FalsePromises","970801,970803,970804,970805",,970802.0
970803,AmazonHelp,False,2017-10-14 06:13:00+00:00,"@285229 Sorry to know about the delay with the order. Believe me, this is not what we intended. (1/2) ^KA",,970802.0,970802.0
970801,AmazonHelp,False,2017-10-14 06:13:26+00:00,@285229 Please share your details here: https://t.co/GIJyeYqKE0 and we'll reach out to you.   (2/2) ^KA,,970802.0,970802.0
970804,285229,True,2017-10-14 06:19:29+00:00,"@115850 @AmazonHelp @AmazonHelp 
Why not reply on twitter and explain to the world why does your escalation team lie?","973550,973551",970802.0,970802.0
970805,285229,True,2017-10-14 06:23:05+00:00,"@115850 @115850 
I am surprised that you can't search my details using my name.Is Amazon using such a pathetic software? Well the answer is YES !! Ur UI accepts mobile Nos.  Of 11 digits. Last time I checked, in India mobile Nos. Are of 10 digits.
#Liars #LiarInChief #arroganceofspace","974907,974900",970802.0,970802.0
973550,AmazonHelp,False,2017-10-14 06:46:00+00:00,@285229 link shared earlier and we'll contact you. 2/2 ^GK,,970804.0,970802.0
973551,AmazonHelp,False,2017-10-14 06:46:00+00:00,"@285229 We'll not be able to check your information over Twitter. Hence, we request you to submit your details in the 1/2 ^GK",,970804.0,970802.0
974907,AmazonHelp,False,2017-10-14 06:46:00+00:00,@285229 We're unable to access your account details over Twitter. Kindly share them here: https://t.co/GIJyeYqKE0.  We'll help. ^PS,,970805.0,970802.0
974900,285229,True,2017-10-14 06:51:33+00:00,"@115850 @115850 @AmazonHelp 
I have already filled the details. Atleast check before replying !!",974898,970805.0,970802.0
974898,AmazonHelp,False,2017-10-14 07:20:07+00:00,@285229 We'll have a check and get back to you. ^HT,974899,974900.0,970802.0
974899,285229,True,2017-10-14 07:23:51+00:00,"@AmazonHelp @115850 @AmazonHelp 
Can you give a definite time frame by when U will get back !! As Amazon's clock does not match IST !!",974901,974898.0,970802.0
974901,AmazonHelp,False,2017-10-14 08:04:31+00:00,"@285229 We've received your details. Our team is currently working on this, you'll receive an update anytime within 12-24 hours. ^EM",974902,974899.0,970802.0
974902,285229,True,2017-10-14 08:28:01+00:00,"@AmazonHelp @115850 @AmazonHelp 
Ironically, I have been hearing the same nonsense from 9th October!!
Do U even know the issue that U r planning to resolve? Or again it's random nonsense? 
#Nonsense #Liars",974903,974901.0,970802.0
974903,AmazonHelp,False,2017-10-14 09:41:28+00:00,@285229 Sorry about that. We've received your details and we are working on it. We will reach out to you shortly. ^GK,974904,974902.0,970802.0
974904,285229,True,2017-10-14 09:48:29+00:00,@AmazonHelp @AmazonHelp - kindly elaborate on the problem that U r working on !! I don't wanna hear that U will need another 24hrs to respond in case U r working on a wrong problem !!,974905,974903.0,970802.0
974905,AmazonHelp,False,2017-10-14 10:12:36+00:00,@285229 I get your concern and I'm sorry for the stretch. Please wait for our response. ^HA,974906,974904.0,970802.0
974906,285229,True,2017-10-14 13:29:14+00:00,"@AmazonHelp @AmazonHelp @115850 
Do U'll offer any prizes for guessing the response of the customer service team? ""the issue shall be resolved within 24-48 hours..."" the same crap that I have been hearing for over 120hrs !! Somehow the 24/48hrs never seem to get over !!
#Liars #sadtruth",,974905.0,970802.0
971799,350534,True,2017-10-22 07:50:03+00:00,@119625 dudes...try to take license for HBO TV series in India. No good TV series from Amazon Prime India. Plz do it.,"971798,971800",,971799.0
971798,AmazonHelp,False,2017-10-22 08:18:00+00:00,"@350534 and TV shows we have available. However, I'll forward your feedback to our team internally.  2/2 ^SB",,971799.0,971799.0
971800,AmazonHelp,False,2017-10-22 08:18:00+00:00,@350534 We will continue to add new content. Keeping checking https://t.co/FYM9PIZOR8 where we highlight the latest movies 1/2 ^SB,,971799.0,971799.0
975011,351225,True,2017-10-22 03:36:19+00:00,"@115850.
I bought a product from amazon.in but yet not replaced.",975010,,975011.0
975010,AmazonHelp,False,2017-10-22 03:55:45+00:00,@351225 Could you please let us know more about what went wrong? We'll definitely look into it. ^PS,,975011.0,975011.0
980754,352544,True,2017-10-22 06:20:36+00:00,Can someone please tell me if theres any way to get stuff shipped from @115821 to Australia? I need @325211’s merch!,980753,,980754.0
980753,AmazonHelp,False,2017-10-22 06:24:27+00:00,@352544 Hi! You can find items eligible for International Shipping using the info on this Help page: https://t.co/adkQUtMH7J ^DO,,980754.0,980754.0
980782,352550,True,2017-10-22 06:02:21+00:00,am͜a͉zonやっぱ特典入ってなかったので糞👊👊二回目だぞ👊👊👊梱包とかないから雨でボトボトだぞ👊👊配達通知より先に確認したのにボトボトだぞ👊👊👊せめて二重の袋にして👊👊しかもペラペラの紙袋👊👊糞👊👊もう頼まないわ👊👊,980781,,980782.0
980781,AmazonHelp,False,2017-10-22 06:18:01+00:00,@352550 商品に不足があったとの事で、申し訳ございません。ご注文を確認の上で対応いたしますので、こちらのURLよりカスタマーサービスまでお問合せ下さい。 https://t.co/oeVQliXpT9 EK,,980782.0,980782.0
981420,352704,True,2017-10-14 09:02:17+00:00,I'm on an editing streak this weekend. Amazon is late in delivering my matcha. The situation is dire.,981418,,981420.0
981418,AmazonHelp,False,2017-10-14 09:11:25+00:00,@352704 EEEKKK when is the delivery estimate? ^AS,981419,981420.0,981420.0
981419,352704,True,2017-10-14 09:44:42+00:00,"@AmazonHelp It's Prime, so it was supposed to arrive yesterday. But! delivery information states it will arrive sometime today. I wait in anticipation.",981421,981418.0,981420.0
981421,AmazonHelp,False,2017-10-14 10:00:00+00:00,@352704 Hope you get it very soon. Keep us posted. ^PK,"981422,981423",981419.0,981420.0
981422,352704,True,2017-10-14 10:23:03+00:00,@AmazonHelp Thanks! Will do. Appreciate the support.,,981421.0,981420.0
981423,352704,True,2017-10-14 11:00:25+00:00,@AmazonHelp It has arrived. Sanity restored. :),981424,981421.0,981420.0
981424,AmazonHelp,False,2017-10-14 11:05:53+00:00,"@352704 No problem, thanks for updating us! ^BM",,981423.0,981420.0
981968,352825,True,2017-10-22 14:06:06+00:00,@AmazonHelp contact at this mobile +918950095885 will inform all detail telephonically.,"981967,981969",,981968.0
981969,AmazonHelp,False,2017-10-22 14:25:25+00:00,"@352825 Twitter being a public platform, we do not have access to view your account details from here. Kindly drop in your 1/2 ^NK",,981968.0,981968.0
981967,AmazonHelp,False,2017-10-22 14:26:26+00:00,@352825 details through the link that was provided earlier for the further assistance. 2/2 ^NK,,981968.0,981968.0
982308,352909,True,2017-10-14 08:50:30+00:00,@115850 i haven't received my amazon pay Cashback. In how many days do u credit ur amazon pay Cashback?,982305,,982308.0
982305,AmazonHelp,False,2017-10-14 09:20:32+00:00,@352909 Sorry to know you haven't received the cashback. Please help us with the cash back offer you're referring to. ^PS,"982306,982307",982308.0,982308.0
982307,352909,True,2017-10-14 09:26:29+00:00,@AmazonHelp Offer was of 15% Cashback (maxm of Rs 450) if i pay through amazon pay balance.,982309,982305.0,982308.0
982306,352909,True,2017-10-14 09:27:45+00:00,"@AmazonHelp And i made a purchase of 10,590 of which i payed Rs 10,060 through amazon pay balance.",,982305.0,982308.0
982309,AmazonHelp,False,2017-10-14 09:52:06+00:00,@352909 Kindly get in touch with us here: https://t.co/0rRnAjSMH8 and we’ll be glad to help you. ^NS,982310,982307.0,982308.0
982310,352909,True,2017-10-14 12:27:48+00:00,@AmazonHelp Thanks....Cashback have been credited finnaly,982311,982309.0,982308.0
982311,AmazonHelp,False,2017-10-14 12:40:00+00:00,"@352909 Perfect. Thanks for keeping us posted, Suman. Do let us know if you have anymore concerns. ^MS",,982310.0,982308.0
984660,353238,True,2017-10-22 10:18:22+00:00,@AmazonHelp go back you care and told them Pls talk to my on my cell 9478564440,"984659,984661,984662",,984660.0
984661,AmazonHelp,False,2017-10-22 10:27:32+00:00,"@353238 Hence, please reach out to us from the link shared by 'SH' and we will assist accordingly. (2/2)^HR",,984660.0,984660.0
984662,AmazonHelp,False,2017-10-22 10:27:32+00:00,"@353238 As this is a social media platform, we can't view your account/order details. (1/2)^HR",,984660.0,984660.0
984659,AmazonHelp,False,2017-10-22 10:28:00+00:00,"@353238 Also, as this is being the social platform, please don't provide order details, as we consider it personal information.^HR",,984660.0,984660.0
985501,353580,True,2017-10-22 09:35:43+00:00,"Wtf is wrong with @17141, &amp; @115830. Signed up for the free trial, got charged &amp; was given no free credits.  @353581",985499,,985501.0
985499,AmazonHelp,False,2017-10-22 10:45:56+00:00,"@353580 Hi Laurence, the Audible credit will automatically apply to your purchase in checkout, the subtotal should show £0.00 ^TS",985500,985501.0,985501.0
985500,353580,True,2017-10-22 10:56:57+00:00,"@AmazonHelp I was charged £7.99, when it was supposed to be a free trial, and had no credits",985502,985499.0,985501.0
985502,AmazonHelp,False,2017-10-22 11:08:00+00:00,@353580 We want to help out! Can you please reach out to us directly so we can take a closer look? https://t.co/JzP7hlA23B ^MJ,,985500.0,985501.0
987012,353894,True,2017-10-14 10:34:51+00:00,"@AmazonHelp I usually speak rather highly about Amazon, but #afterMaria I've got nothing but disappointment, 3weeks and my items won't ship",987010,,987012.0
987010,AmazonHelp,False,2017-10-14 10:42:30+00:00,"@353894 sorry to hear that, were you given a reason why they won't ship? ^AS",987011,987012.0,987012.0
987011,353894,True,2017-10-14 12:23:11+00:00,"@AmazonHelp There were delays of course due to the hurricane, but the post office is working now. I just got one order from September 19.",987013,987010.0,987012.0
987013,AmazonHelp,False,2017-10-14 12:46:00+00:00,@353894 Please get in touch here: https://t.co/hApLpMlfHN and we can look in on this for you. ^RL,,987011.0,987012.0
987792,354048,True,2017-10-22 12:01:45+00:00,@115830 thanks for leaving my parcel hanging out the outside of my door. https://t.co/pJhz3DSP21,987790,,987792.0
987790,AmazonHelp,False,2017-10-22 12:07:31+00:00,"@354048 Sorry to see that, was the item ok? Have you set unattended delivery prefs on your acc: https://t.co/pmzGUpyyB7? ^JJ",987791,987792.0,987792.0
987791,354048,True,2017-10-22 12:24:21+00:00,"@AmazonHelp The item was okay as I was in the house, however, they driver did not knock. I do have unattended preferences set though.",987793,987790.0,987792.0
987793,AmazonHelp,False,2017-10-22 12:33:30+00:00,"@354048 Thanks for confirming. When you can, please submit courier feedback here: https://t.co/JzP7hlA23B for this order. ^LB",,987791.0,987792.0
989013,354326,True,2017-10-14 10:46:00+00:00,@115850  what is happening to your customer service ? Trying to reach the CS for an order,989011,,989013.0
989011,AmazonHelp,False,2017-10-14 11:13:27+00:00,@354326 You may try getting in touch with us from here: https://t.co/nGExsoSESe and we’ll be glad to help you. ^AG,989012,989013.0,989013.0
989012,354326,True,2017-10-14 11:23:29+00:00,"@AmazonHelp Still option for call was not feasible , still i have sent my issue to you via email,  i hope you respond asap , have to place order",,989011.0,989013.0
989546,171767,True,2017-10-22 12:45:04+00:00,"आख़िरकार @AmazonHelp टीम ने मुझे बेवकूफ बना ही दिया।
#ThankYou @115850
महज़ ₹1500 रुपयों के लिए आप लोग इतना गिर जाओगे, सोचा नहीं था।",989545,,989546.0
989545,AmazonHelp,False,2017-10-22 12:55:28+00:00,@171767 I'm sorry about the disappointment. I'll be sure to pass your feedback to the concerned team internally. ^SG,,989546.0,989546.0
991736,354914,True,2017-10-22 13:06:00+00:00,Finally !! Thanks @115850 for the speedy delivery #turtlesallthewaydown #JohnGreen❤️ https://t.co/YFYn6kdgHx,991735,,991736.0
991735,AmazonHelp,False,2017-10-22 13:33:31+00:00,@354914 You're welcome. What's the book about? ^HA,,991736.0,991736.0
992898,355199,True,2017-10-22 13:42:15+00:00,@115850 #AmazonIndia I had a pickup today at 10-1pm nobody turn up track no: 521666712200,992897,,992898.0
992897,AmazonHelp,False,2017-10-22 14:06:00+00:00,@355199 I'm sorry to hear this. Did you happen to report this to our support team here: https://t.co/T6y6Xlutbs? ^VN,,992898.0,992898.0
1001098,129436,True,2017-10-22 16:02:07+00:00,@115821 you seriously won’t refund me? See this text I received https://t.co/ADQWYeQGsk,1001097,,1001098.0
1001097,AmazonHelp,False,2017-10-22 17:35:30+00:00,@129436 Oh no! You can read more about undeliverable package refunds here https://t.co/XqXPHTcugm. Have we provided a different insight? ^TG,,1001098.0,1001098.0
1005037,357880,True,2017-10-14 12:57:13+00:00,"@AmazonHelp there was a way for me to add a reference name or number to my purchases,I buy for home and work,need to be able to reference",1005035,,1005037.0
1005035,AmazonHelp,False,2017-10-14 13:29:00+00:00,@357880 You could set up an account with a unique e-mail address for each order type? ^BM,1005036,1005037.0,1005037.0
1005036,357880,True,2017-10-14 22:33:06+00:00,"@AmazonHelp Why can't you guys add an area for ""reference"" so it shows up on my CC statement?",,1005035.0,1005037.0
1007549,358422,True,2017-10-14 13:24:06+00:00,Hey @AmazonHelp.... what am I supposed to do about this?? https://t.co/QqdIfUvs9w,1007548,,1007549.0
1007548,AmazonHelp,False,2017-10-14 13:47:33+00:00,@358422 I'm sorry the package hasn't arrived! We'd like to help! Please contact us directly for options here: https://t.co/hApLpMlfHN ^JF,,1007549.0,1007549.0
1008926,268370,True,2017-10-14 14:03:30+00:00,@AmazonHelp sir Will I get a prime membership trial on the new account?,1008924,,1008926.0
1008924,AmazonHelp,False,2017-10-14 14:09:34+00:00,"@268370 I'm sorry Arsh, the prime free trial has been dis-continued. ^HN",1008925,1008926.0,1008926.0
1008925,268370,True,2017-10-14 14:11:13+00:00,"@AmazonHelp Ok! No problem
  Thnxx ^HN",,1008924.0,1008926.0
1018211,121284,True,2017-10-06 06:22:32+00:00,"What time is the cricket match?#AskAlexa
To know more visit: https://t.co/kvEuCh6brz https://t.co/ZKWaLKEAAm",1018210,,1018211.0
1018210,360909,True,2017-10-06 17:34:52+00:00,@121284 When is the alexa app going to be available in India ?,1018209,1018211.0,1018211.0
1018209,AmazonHelp,False,2017-10-14 15:55:35+00:00,@360909 The Alexa app will be available in the App Store / Play Store when the devices start shipping the week of Oct 30. ^HN,,1018210.0,1018211.0
1021626,121296,True,2017-10-22 22:57:34+00:00,@AmazonHelp I have had some payments to Amazon taken from my bank account but I don’t know what they are for? Can you help?,1021624,,1021626.0
1021624,AmazonHelp,False,2017-10-22 23:09:39+00:00,"@121296 Without providing account specifics, can you please tell us the amount and the title of the item on your bank statement? ^ST",1021625,1021626.0,1021626.0
1021625,121296,True,2017-10-22 23:17:11+00:00,@AmazonHelp The last one was £7.99 amazon prime,1021627,1021624.0,1021626.0
1021627,AmazonHelp,False,2017-10-22 23:27:00+00:00,"@121296 I'm sorry! If no benefits have been used, canceling issues a full refund. You can do so here: https://t.co/A0PMNkBqEU. ^VB",,1021625.0,1021626.0
1022889,199574,True,2017-10-14 16:03:26+00:00,"@115850 the worlds pathatic delivery from amazon i wont expect this thing from you 
My order no is 237280295936 i want my product today","1022888,1022890",,1022889.0
1022888,AmazonHelp,False,2017-10-14 16:34:05+00:00,@199574 I'm sorry for the hassle. Please contact us here: https://t.co/rS49hgaADF so that we can assist you accordingly. ^SS (1/2),,1022889.0,1022889.0
1022890,AmazonHelp,False,2017-10-14 16:34:05+00:00,"@199574 Please don't provide your order details, we consider as personal information. Our page is visible to the public. ^SS (2/2)",,1022889.0,1022889.0
1030181,363739,True,2017-10-23 04:22:18+00:00,Wtf @115821 thx for delivering my package https://t.co/L1rUNYSqJW,1030180,,1030181.0
1030180,AmazonHelp,False,2017-10-23 04:26:00+00:00,@363739 I'm sorry to see it was delivered this way! Were you able to locate the package? ^BH,,1030181.0,1030181.0
1037375,365403,True,2017-10-14 18:56:31+00:00,@115821 wasn’t amazon prime supposed to be next day delivery? 😒 https://t.co/rtLn8yrjB8,1037373,,1037375.0
1037373,AmazonHelp,False,2017-10-14 18:59:00+00:00,@365403 Some items require more time to process before they ship. Info on delivery date calculations here: https://t.co/1K80BbRnsf ^GL,1037374,1037375.0,1037375.0
1037374,365403,True,2017-10-14 19:01:26+00:00,"@AmazonHelp 2 weeks ago I was ordering a book and it came next day, today I ordered another volume of the book and it’s coming on Monday?🤔😒",1037376,1037373.0,1037375.0
1037376,AmazonHelp,False,2017-10-14 19:03:29+00:00,"@365403 Have we missed the delivery date provided in your order confirmation e-mail? If so, please let us know! ^KJ",1037377,1037374.0,1037375.0
1037377,365403,True,2017-10-14 19:05:37+00:00,@AmazonHelp it was supposed to come today 😐 https://t.co/haKtnEwe8A,,1037376.0,1037375.0
1043182,366685,True,2017-10-23 08:38:05+00:00,Hey @AmazonHelp how do I report that I only received 1 item I ordered 2 of? Marketplace vendor isn't helping and you/they have my money...,"1043181,1043183,1043184,1043185",,1043182.0
1043183,AmazonHelp,False,2017-10-23 08:41:56+00:00,"@366685 Hey Nicky, sorry to hear. Were both items ordered via the same seller? All orders sold via sellers 1/2 ^TP",,1043182.0,1043182.0
1043181,AmazonHelp,False,2017-10-23 08:42:25+00:00,@366685 are covered under our A-Z guarantee claim. Check out here - https://t.co/WkwmKAVhSw for more 2/2 ^TP,1043179,1043182.0,1043182.0
1043179,366685,True,2017-10-23 09:19:54+00:00,"@AmazonHelp It was a ""quantity: 2"" order from one seller yes. No ""File/View Claim"" button on the order though.",1043177,1043181.0,1043182.0
1043177,AmazonHelp,False,2017-10-23 09:23:53+00:00,@366685 Thanks for checking Nicky- Can you get in contact with us via: https://t.co/JzP7hlA23B we can look into options with you. ^NV,1043178,1043179.0,1043182.0
1043178,366685,True,2017-10-23 14:41:32+00:00,@AmazonHelp Thanks :),1043180,1043177.0,1043182.0
1043180,AmazonHelp,False,2017-10-23 14:44:35+00:00,@366685 You're welcome! Let us know if you have any other questions or concerns! ^CS,,1043178.0,1043182.0
1043567,140712,True,2017-10-23 09:37:23+00:00,@366779 @115830 It's ok. It has just arrived! Customer pacified. Amazon Prime account saved.,1043565,1043568.0,1043568.0
1043565,AmazonHelp,False,2017-10-23 09:41:30+00:00,@140712 Glad to hear it has arrived. Do let us know if we can help in the future. ^CR,1043566,1043567.0,1043568.0
1043566,140712,True,2017-10-23 09:42:05+00:00,@AmazonHelp And I heard her knocking the door this time... did it with aplomb.,,1043565.0,1043568.0
1044195,366906,True,2017-10-23 09:47:58+00:00,Completely unnecessary packaging @115830 tarpaulin that actually fit in a medium sized regular envelope... #wastefulpackaging https://t.co/hpHTWxv1H1,1044193,,1044195.0
1044193,AmazonHelp,False,2017-10-23 09:57:23+00:00,@366906 Sorry to see this. You can submit packaging feedback here: https://t.co/fxgZ6hTrFA ^PK,1044194,1044195.0,1044195.0
1044194,366907,True,2017-10-23 09:59:16+00:00,@AmazonHelp @366906 Hi I ordered one item but have been sent two of the exact same and charged twice. Pls advise how to fix,1044196,1044193.0,1044195.0
1044196,AmazonHelp,False,2017-10-23 10:11:01+00:00,@366907 Can you contact us here: https://t.co/JzP7hlA23B? ^MC,1044197,1044194.0,1044195.0
1044197,366907,True,2017-10-23 10:11:29+00:00,@AmazonHelp Unfortunately not. It was ordered from my friends account,1044198,1044196.0,1044195.0
1044198,AmazonHelp,False,2017-10-23 10:17:26+00:00,@366907 Please have your friend reach out to us directly and we will try to correct this for you. ^CR,,1044197.0,1044195.0
1045519,116888,True,2017-10-23 10:15:22+00:00,@AmazonHelp I thought this was free on prime? The only free option is next week! https://t.co/Q7hBdyQwwS,1045517,,1045519.0
1045517,AmazonHelp,False,2017-10-23 10:26:50+00:00,@116888 Hi Colin- Do you currently have a Prime Subscription active on your account? ^NV,1045518,1045519.0,1045519.0
1045518,116888,True,2017-10-23 10:28:14+00:00,"@AmazonHelp Hi, yes, I do, since this morning",1045520,1045517.0,1045519.0
1045520,AmazonHelp,False,2017-10-23 11:13:00+00:00,@116888 The price is showing in EUR. Is the shipping address outside of the UK? ^RL,1045521,1045518.0,1045519.0
1045521,116888,True,2017-10-23 11:13:41+00:00,"@AmazonHelp Yes, I got it sorted on live chat just there :)",1045522,1045520.0,1045519.0
1045522,AmazonHelp,False,2017-10-23 11:22:33+00:00,@116888 Glad to hear it. ^MC,,1045521.0,1045519.0
1046585,367389,True,2017-10-14 19:27:06+00:00,"@115850 Please ignore. When I continued with the order anyways, the final amount came to the initially mentioned amount! https://t.co/59RHKWKwGd",1046584,,1046585.0
1046584,AmazonHelp,False,2017-10-14 19:30:29+00:00,@367389 Thank you for the heads up! Do keep us posted for further concerns. ^HD,,1046585.0,1046585.0
1047285,367535,True,2017-10-23 10:53:29+00:00,@115830 Locker been installed in our premises 2months ago but not being paid for the space&amp;for the installation. Very poor response. 😡,1047284,,1047285.0
1047284,AmazonHelp,False,2017-10-23 11:00:05+00:00,"@367535 Hi, have you been in touch anyone about this? What info has been provided? ^TS",,1047285.0,1047285.0
1055403,369368,True,2017-10-14 20:59:41+00:00,"AVOID AMAZON @153820! Cancelled 90mins after we ordered, due to lack of drivers. On a Sat!Unbelievable. #AmazonRestaurants #London https://t.co/APGqN0eoJx",1055400,,1055403.0
1055400,AmazonHelp,False,2017-10-14 21:07:00+00:00,@369368 I can understand the frustration. I hope you'll give us a second chance so we can make this up to you in the future. ^BH,"1055401,1055402",1055403.0,1055403.0
1055401,369368,True,2017-10-14 21:09:36+00:00,@AmazonHelp But just not tonight? Because a delivery company does not have delivery drivers? So laughable,,1055400.0,1055403.0
1055402,369368,True,2017-10-14 21:14:29+00:00,@AmazonHelp We order a delivery usually once a weekend. Wouldn’t risk another evening/90mins to be left high &amp; dry again. Not a chance #AmazonRestaurant,,1055400.0,1055403.0
1058034,369807,True,2017-10-23 12:18:34+00:00,@AmazonHelp when you get your order and 2 of the mugs are damaged... please help. I have emailed customer service https://t.co/KcIDHhFsql,1058033,,1058034.0
1058033,AmazonHelp,False,2017-10-23 12:22:02+00:00,"@369807 I'm sorry your mugs were damaged in transit. To return, you can click the link provided here: https://t.co/b5S92KWYo4 ^EM",1058032,1058034.0,1058034.0
1058032,369807,True,2017-10-23 12:22:44+00:00,@AmazonHelp I don't want to return them I want them replacing! This was part of a 16 piece dinner set,1058031,1058033.0,1058034.0
1058031,AmazonHelp,False,2017-10-23 12:25:31+00:00,@369807 Let's see what other options we have to get this sorted for you here: https://t.co/JzP7hlA23B ^JZ,,1058032.0,1058034.0
1066736,368932,True,2017-10-23 14:36:17+00:00,"@115850 @127187 @AmazonHelp cust service told dat it can't b replcd nymore, only refund can be initiated. I'm in need, bt now I 2/3","1066735,1066737",,1066736.0
1066735,AmazonHelp,False,2017-10-23 15:02:26+00:00,@368932 We've responded to you here: https://t.co/0QzV6cdRiA. Kindly check. ^MP,,1066736.0,1066736.0
1066737,368932,True,2017-10-23 17:49:57+00:00,"@115850 @127187 @AmazonHelp Just to add @76525 libertyshoe is the seller and the item was sent from central warehouse of Liberty shoe ltd, Panipath.",1085992,1066736.0,1066736.0
1085992,AmazonHelp,False,2017-10-23 18:18:01+00:00,"@368932 I get your disappointment, Mohit. Please submit your details using the link shared here: https://t.co/JC1ii0ptBU. ^MP",1085993,1066737.0,1066736.0
1085993,368932,True,2017-10-23 18:36:09+00:00,@AmazonHelp Already shared,1085994,1085992.0,1066736.0
1085994,AmazonHelp,False,2017-10-23 19:00:37+00:00,"@368932 Thanks for the update, Mohit. We'll check and get back to you at the earliest. ^HA",,1085993.0,1066736.0
1073776,373355,True,2017-10-23 16:03:24+00:00,"@115850. This is what we called as service to prime customer, though initiated replacement.. Expecting a better and new product.. https://t.co/uNob8dXG2X","1073774,1073777",,1073776.0
1073777,AmazonHelp,False,2017-10-23 16:29:33+00:00,"@373355 I'm sorry about this experience. I will have this feedback forwarded to the concerned team internally. Also, please 1/2 ^MK",,1073776.0,1073776.0
1073774,AmazonHelp,False,2017-10-23 16:30:00+00:00,"@373355 don't provide your order details, we consider it personal information. Our Twitter page is visible to public. 2/2 ^MK",1073775,1073776.0,1073776.0
1073775,373355,True,2017-10-23 16:31:48+00:00,@AmazonHelp But this is not personal for me.. Let others see what amazon is doing... If required will post pictures of products also,,1073774.0,1073776.0
1080321,191275,True,2017-10-23 19:21:03+00:00,"@115850 Poor services from the support and products department would led to the downfall of your store for sure.
@118702  @4167 values",1080320,,1080321.0
1080320,AmazonHelp,False,2017-10-23 19:50:34+00:00,@191275 That's quite a remark. Were any of your issues left unaddressed? Do let us know and we'll be glad to help you. ^SQ,,1080321.0,1080321.0
1081408,375097,True,2017-10-23 19:11:36+00:00,"@118919 @115850 @AmazonHelp bought tenor g under prime for 2 years wrnty,no confirmation of extended warranty

171-4973433-4192335","1081409,1081405,1081410,1081411",,1081408.0
1081410,AmazonHelp,False,2017-10-23 19:40:29+00:00,@375097 The warranty is addressed by the manufacturer. Please contact the manufacturer. ^HA,,1081408.0,1081408.0
1081405,AmazonHelp,False,2017-10-23 19:41:01+00:00,"@375097 Please don't provide your order details, we consider it personal information. Our Twitter page is visible to public. ^HA","1081404,1081406,1081407",1081408.0,1081408.0
1081404,375097,True,2017-10-23 19:43:45+00:00,@AmazonHelp Please read the reply they want information from you... @AmazonHelp  @115850 https://t.co/XNK3bVq1Hx,1081403,1081405.0,1081408.0
1081407,375097,True,2017-10-23 19:44:31+00:00,@AmazonHelp That is how I am getting reply after a series of reply from @122596,,1081405.0,1081408.0
1081406,375097,True,2017-10-23 19:45:04+00:00,@AmazonHelp @377294 see this,1090504,1081405.0,1081408.0
1090504,377294,True,2017-10-23 19:49:00+00:00,@375097 @AmazonHelp Only dm them such info,,1081406.0,1081408.0
1081403,AmazonHelp,False,2017-10-23 20:00:00+00:00,"@375097 Please do not provide any personal information through the email, Manish as this is not an email from Amazon. ^KS",1081385,1081404.0,1081408.0
1081385,375097,True,2017-10-23 20:01:43+00:00,"@AmazonHelp I am not adding my information here, I sent email to tenor they require information from you... Service deliverables are not taken care with",1081383,1081403.0,1081408.0
1081383,AmazonHelp,False,2017-10-23 20:08:37+00:00,"@375097 I understand your concern, Manish. I'd like to check this. Please share your details here: https://t.co/GIJyeYqKE0. ^HD",1081384,1081385.0,1081408.0
1081384,375097,True,2017-10-24 20:01:50+00:00,@AmazonHelp Hi @AmazonHelp  I wrote my email to tenor after your team stated for service denial letter.  No response from @122596 no acknowledgement,"1081386,1081387",1081383.0,1081408.0
1081386,AmazonHelp,False,2017-10-24 20:21:50+00:00,"@375097 In order to help you further, we will be requiring the service denial letter from the manufacturer. ^SM (1/2)",,1081384.0,1081408.0
1081387,AmazonHelp,False,2017-10-24 20:21:50+00:00,"@375097 Hence, I would request you to kindly wait for an update from the manufacturer for further process. ^SM (2/2)",1081388,1081384.0,1081408.0
1081388,375097,True,2017-10-24 20:22:50+00:00,@AmazonHelp What will happen if you get that letter...,1081389,1081387.0,1081408.0
1081389,AmazonHelp,False,2017-10-24 20:37:29+00:00,"@375097 As informed earlier, it will be required for further proceedings in order to help you. ^SM",1081390,1081388.0,1081408.0
1081390,375097,True,2017-10-26 04:45:27+00:00,@AmazonHelp Hi @115821 @AmazonHelp @115850 should I take this consumer rights... As I am not getting any response from @122596  this is frustrating,"1081391,1081392,1081393",1081389.0,1081408.0
1081391,AmazonHelp,False,2017-10-26 05:14:45+00:00,"@375097 I understand your concern. However, in order to proceed with the issue further, we'd need the service denial from the 1/2 ^AP",1081394,1081390.0,1081408.0
1081392,AmazonHelp,False,2017-10-26 05:14:56+00:00,@375097 manufacturer. Appreciate your understanding. 2/2 ^AP,,1081390.0,1081408.0
1081394,375097,True,2017-10-26 05:16:07+00:00,"@AmazonHelp They are not replying to my concern, that is what I am trying to say... Is that how a company works","1081395,1081396,1081397,1081398",1081391.0,1081408.0
1081398,AmazonHelp,False,2017-10-26 05:32:27+00:00,@375097 It will take upto 25 days from the date of purchase for the extended warranty to be activated on your 10.or device. 1/n ^SH,,1081394.0,1081408.0
1081397,AmazonHelp,False,2017-10-26 05:33:15+00:00,@375097 Hence if you check your warranty period within 25 days of purchasing your phone on the 10.or Care app or by visiting a 2/n ^SH,,1081394.0,1081408.0
1081396,AmazonHelp,False,2017-10-26 05:33:32+00:00,"@375097 service center, you may still be communicated a 1 year warranty. Please wait until 25 days to get the extended warranty 3/n ^SH",,1081394.0,1081408.0
1081395,AmazonHelp,False,2017-10-26 05:34:07+00:00,@375097 activated for your phone. You can find all the terms and conditions extended warranty here: https://t.co/II85nK70mN 4/4 ^SH,,1081394.0,1081408.0
1081393,122596,True,2017-10-26 07:51:39+00:00,@375097 We understand you engaging with our support team via email. We are here for any further assistance required.,1081399,1081390.0,1081408.0
1081399,375097,True,2017-10-26 07:53:06+00:00,@122596 I am not getting a positive response for the extended warranty... Which is not helpful at all. I purchased this product with this belief,1081400,1081393.0,1081408.0
1081400,122596,True,2017-10-26 07:58:17+00:00,"@375097 Hi Manish, please give us some time to confirm basis the customer details you have shared with us.",1081401,1081399.0,1081408.0
1081401,122596,True,2017-10-26 07:58:42+00:00,"@375097 We are working on this and will get back to you shortly.
Thank you for your patience.",1081402,1081400.0,1081408.0
1081402,375097,True,2017-10-26 14:10:26+00:00,@122596 Thanks alot for taking care of my query. @AmazonHelp  it is sorted.,,1081401.0,1081408.0
1086789,376349,True,2017-10-23 18:24:22+00:00,amazon showing order status delievered from past 3 days but still waiting to get my order amazon sucks @AmazonHelp,"1086788,1086790",,1086789.0
1086788,AmazonHelp,False,2017-10-23 18:32:33+00:00,@376349 Oh no! I'm sorry your order hasn't arrived! Please contact us so we can look into this for you: https://t.co/hApLpMlfHN ^BN,,1086789.0,1086789.0
1086790,376349,True,2017-10-23 22:17:35+00:00,@AmazonHelp already contacted you thrice but still waiting to resolve my query and status also didnt change yet @AmazonHelp,1099619,1086789.0,1086789.0
1099619,AmazonHelp,False,2017-10-23 22:30:00+00:00,"@376349 When you contacted us previously, what options or insights were you provided? ^CH",1099620,1086790.0,1086789.0
1099620,376349,True,2017-10-24 10:00:47+00:00,@AmazonHelp wait till 24th oct after that 3 days more to investigate etc. This is supposed to be a diwali gift but thanks to amazon super fast delievery,1099621,1099619.0,1086789.0
1099621,AmazonHelp,False,2017-10-24 10:19:26+00:00,@376349 Sorry for the delay. Kindly drop in your details here: https://t.co/gA4rIaNy3N and we'll work on it. ^NS,,1099620.0,1086789.0
1094268,158923,True,2017-10-15 04:25:21+00:00,"@AmazonHelp pls check, my order # 404-5726716-4364338 not received by myself but your tracking status showing delivered. HOW? Contact imdtly","1094269,1094270,1094271,1094262",,1094268.0
1094262,158923,True,2017-10-15 04:31:46+00:00,"@AmazonHelp Much more, your tracking status showing ""delivery receipt was signed by Myself "" HOW? Pls contact imdtly @115850","1094260,1094267",1094268.0,1094268.0
1094271,AmazonHelp,False,2017-10-15 04:52:01+00:00,@158923 I'm sorry the tracking for the order has been updated as delivered even though you haven't received the package. This 1/n ^SH,,1094268.0,1094268.0
1094270,AmazonHelp,False,2017-10-15 04:52:28+00:00,@158923 could be due to incorrect tracking scan update. Please connect with us here: https://t.co/2JT6ijUOOb and we'll 2/n,,1094268.0,1094268.0
1094269,AmazonHelp,False,2017-10-15 04:52:54+00:00,@158923 be happy to help. Please don’t provide your details as we consider them to be personal information. Our page is public. 3/3 ^SH,,1094268.0,1094268.0
1094260,AmazonHelp,False,2017-10-15 04:55:00+00:00,"@158923 Please don't provide your order details, we consider it to be personal information. Our page is visible to the public.(2/2) ^VH",1094261,1094262.0,1094268.0
1094267,AmazonHelp,False,2017-10-15 04:55:00+00:00,@158923 I understand your concern. Please contact us here: https://t.co/rS49hgaADF so that we can assist you accordingly. (1/2) ^VH,,1094262.0,1094268.0
1094261,158923,True,2017-10-15 05:14:35+00:00,"@AmazonHelp Pls check Tracking # 237272538393 make sure d delivery by 24hrs..It's 2nd time 'am facing prob &amp; the last time too to say ""bye"" #AmazonIndia","1094263,1094264",1094260.0,1094268.0
1094264,AmazonHelp,False,2017-10-15 05:34:00+00:00,@158923 We'll not be able to view your details via twitter. Kindly reach out to our support team via the above link for help. ^MM,,1094261.0,1094268.0
1094263,AmazonHelp,False,2017-10-15 05:34:33+00:00,"@158923 Please don't provide your order details, as we consider it to be personal information. Our Twitter page is public.​ ^MM",1094265,1094261.0,1094268.0
1094265,158923,True,2017-10-15 05:41:43+00:00,@AmazonHelp Where the link is ?,1094266,1094263.0,1094268.0
1094266,AmazonHelp,False,2017-10-15 05:58:25+00:00,@158923 Here you go: https://t.co/2t6DQoUmNZ ^RW,,1094265.0,1094268.0
1095215,378447,True,2017-10-15 04:20:13+00:00,Is Amazon suffrng from such a COMMON SENSE issue dat if a prdct ws cncled den imposing quantity limt doesn't mk sense.@AmazonHelp  @115850,"1095214,1095216",,1095215.0
1095216,AmazonHelp,False,2017-10-15 05:08:31+00:00,@378447 Sorry for the trouble. Please connect with us here: https://t.co/00q4Sqj9zL and we'll be glad to assist you. (1/2) ^KA,,1095215.0,1095215.0
1095214,AmazonHelp,False,2017-10-15 05:09:00+00:00,"@378447 Also, I'll be sure to forward this as a feedback to the concerned team internally to work on improvements. (2/2) ^KA",,1095215.0,1095215.0
1097722,379038,True,2017-10-23 20:52:05+00:00,"hey @115821, make sure my package arrives the DAY that the order says it's supposed to be delivered...because now i don't have it. THANK YOU",1097721,,1097722.0
1097721,AmazonHelp,False,2017-10-23 22:01:28+00:00,@379038 Oh no! Please tell us more about what happened. What does tracking show? You can check here: https://t.co/OpCUj78hKa ^BE,,1097722.0,1097722.0
1097848,224602,True,2017-10-15 05:43:38+00:00,@1384 look forward to your partnership with @47431 @47432,1097847,,1097848.0
1097847,AmazonHelp,False,2017-10-15 06:06:28+00:00,@224602 Please connect with our support team here: https://t.co/2t6DQoUmNZ for better assistance on it. ^RW,,1097848.0,1097848.0
1098550,379233,True,2017-10-15 06:22:04+00:00,ヘルメット届かねーからAmazonにクレームだろ？ウザすぎ、こっちだって予定あんのによ,"1098549,1098551",,1098550.0
1098551,AmazonHelp,False,2017-10-15 06:28:28+00:00,@379233 (1/2)ご心配をおかけしております。お届け予定日は過ぎておりますでしょうか？お届け予定日内である場合には、恐れ入りますが、いましばらくお待ちください。万が一お届け予定日を過ぎている場合には、以下にご案内するそれぞれの方法でお問い合わせください。HM,,1098550.0,1098550.0
1098549,AmazonHelp,False,2017-10-15 06:28:56+00:00,@379233 (2/2)Amazon発送商品の場合、以下リンクよりカスタマーサービスへお問い合わせください https://t.co/J6YEizo6qC  出品者発送商品の場合、出品者に直接お問い合わせください。https://t.co/Gr4Zutk9FJ  HM,,1098550.0,1098550.0
1100516,375685,True,2017-11-25 11:14:22+00:00,@AmazonHelp received the attached 2 days ago and still no delivery... for the delivery charges you charge this isnt right and I really shouldn't be waiting over a week anyway https://t.co/R6ZPf9z8vD,1100515,,1100516.0
1100515,AmazonHelp,False,2017-11-25 11:47:00+00:00,"@375685 I'm sorry you still haven't received your order, Martin! I know that can be frustrating. What is the latest order status showing here: https://t.co/aaDyEz1VgE ? ^TH",1100514,1100516.0,1100516.0
1100514,375685,True,2017-11-25 12:57:30+00:00,@AmazonHelp Is says delivered wednesday which it wasn't. Got another cd supposedly coming today... whats the point in pre-ordering them from you if they dont turn up on release date? A week lates no good.,1100513,1100515.0,1100516.0
1100513,375685,True,2017-11-25 18:10:19+00:00,@AmazonHelp @AmazonHelp any news on this? The other cd i pre-ordered at the same time has now come but this was only released friday. This item has had over a week to arrive,1100511,1100514.0,1100516.0
1100511,AmazonHelp,False,2017-11-25 18:16:27+00:00,"@375685 Apologies for the delayed response, Martin! Just to confirm, have you had a chance to review the helpful information located here: https://t.co/DwxH8NsjqG ? Please keep us posted! We want to help! ^SD",1100512,1100513.0,1100516.0
1100512,375685,True,2017-11-25 18:18:41+00:00,"@AmazonHelp Why have I got to do this? I've paid you to deliver it, not for me to go round the houses. Staggering response.",,1100511.0,1100516.0
1100985,379760,True,2017-10-15 06:45:09+00:00,"Hey @119625, why do your videos stop at a point and jump back few seconds back again and again till you jump forward for 10 seconds?",1100983,,1100985.0
1100983,AmazonHelp,False,2017-10-15 07:02:00+00:00,@379760 That's strange. Is the issue with any particular title? ^SH,1100984,1100985.0,1100985.0
1100984,379760,True,2017-10-15 07:03:43+00:00,"@AmazonHelp It happened in Biswa Mast Aadmi, Haq se Single and now in Lakhon me Ek. It's ruining my watching experience. I'm a new subscriber.",1100986,1100983.0,1100985.0
1100986,AmazonHelp,False,2017-10-15 07:15:55+00:00,@379760 Could you let us know on which device are you browsing this? ^RW,1100987,1100984.0,1100985.0
1100987,379760,True,2017-10-15 07:31:27+00:00,@AmazonHelp Oneplus 3.,1100988,1100986.0,1100985.0
1100988,AmazonHelp,False,2017-10-15 07:51:32+00:00,@379760 Kindly share your details here: https://t.co/GIJyeYqKE0 so that we could work on fixing this. ^GS,1100989,1100987.0,1100985.0
1100989,379760,True,2017-10-15 07:54:39+00:00,@AmazonHelp Done.,1100990,1100988.0,1100985.0
1100990,AmazonHelp,False,2017-10-15 08:13:55+00:00,@379760 Thank you for sharing your details. We shall connect with you soon. ^SH,,1100989.0,1100985.0
1102619,171329,True,2017-10-23 16:24:11+00:00,@AmazonHelp セットなのに分割発送っておかしくないですか？ https://t.co/WAE0yg1fZa,1102618,,1102619.0
1102618,AmazonHelp,False,2017-10-23 23:15:07+00:00,@171329 ご不便をおかけしております。当サイトではセット買いをご利用いただいた場合でも、別々の梱包で発送される場合がございます。ご指摘いただいた点は担当部署に伝えさせていただき、今後もサービスや機能の改善に努めて参ります。 YM,,1102619.0,1102619.0
1104618,380662,True,2017-10-23 22:33:55+00:00,Uhhhhh @117634 I accidentally hit buy with one click for a kindle book and y’all won’t let me refund it.,1104617,,1104618.0
1104617,AmazonHelp,False,2017-10-24 00:04:43+00:00,@380662 I apologize for the accidental purchase. You can request a refund here: https://t.co/ATaYCQzbzE  ^FJ,,1104618.0,1104618.0
1104634,129052,True,2017-10-23 22:30:20+00:00,@117795 can you guys expand to Yakima WA 98902,1104633,,1104634.0
1104633,AmazonHelp,False,2017-10-24 00:02:57+00:00,@129052 Thanks for the suggestion! Please sign up to be notified when Prime Now is in your area here: https://t.co/gRawt4lW6j ^SH,,1104634.0,1104634.0
1105562,189200,True,2017-10-24 00:02:00+00:00,"@AmazonHelp from past 7 days. Milk is not available on amazon now grocery app.
I daily write 2-3 emails to customer team to update inventory","1105563,1105564,1105565,1105566,1105561,1105567,1105568",,1105562.0
1105561,189200,True,2017-10-24 00:07:37+00:00,@AmazonHelp Are incompetent to provide any support. Even i get depressed by the Amazon grocery app. Support team. @115851 please close the amazon now,1105560,1105562.0,1105562.0
1105560,AmazonHelp,False,2017-10-24 00:24:31+00:00,@189200 Sorry for the unpleasant experience with us. I'll surely forward this as feedback internally and we'll work on it. ^SQ,,1105561.0,1105562.0
1107924,381490,True,2017-10-15 08:01:56+00:00,@AmazonHelp what is this ?? https://t.co/iDKgElEyJ1,1107923,,1107924.0
1107923,AmazonHelp,False,2017-10-15 09:33:00+00:00,@381490 We have taken your feedback and forwarded to the concerned team. ^VH,,1107924.0,1107924.0
1108755,283699,True,2017-10-15 09:27:25+00:00,@115850 @228164 is the product sennheiser cx 180 earphones returnable with refund? Please help ASAP #amazon #help #Sennheiser,1108754,,1108755.0
1108754,AmazonHelp,False,2017-10-15 09:49:33+00:00,"@283699 In case the earphones are with in the return window, you may check here: https://t.co/3yqvLnyTxi. ^HA",,1108755.0,1108755.0
1108823,381680,True,2017-10-15 09:32:25+00:00,@AmazonHelp going to have to stop using u. Fed up of my deliveries going to someone else’s house. Seems your courier can’t read road signs,1108821,,1108823.0
1108821,AmazonHelp,False,2017-10-15 09:45:00+00:00,"@381680 Have you noticed if this is happening with a particular carrier, or does it seem to be happening with all carriers? ^KM",1108822,1108823.0,1108823.0
1108822,381680,True,2017-10-15 10:42:09+00:00,"@AmazonHelp No idea, never seen them but it’s whoever delivers in Droitwich obviously can’t find our address and just posts it where ever their contd..",1108824,1108821.0,1108823.0
1108824,381680,True,2017-10-15 10:43:10+00:00,@AmazonHelp Satnav says is the right postcode regardless of the street address. I had to phone and direct the courier last time.,1108825,1108822.0,1108823.0
1108825,AmazonHelp,False,2017-10-15 11:00:28+00:00,@381680 If it happens again please let us know. ^KM,,1108824.0,1108823.0
1109429,381820,True,2017-10-15 09:05:52+00:00,"Thanks @115850. On my request u sent my MI HRX band on Saturday. Such encouraging gesture. My 1st 10k run.
#VasaiHeritageRun
#AmazonIN https://t.co/lfTjN9TlUt",1109428,,1109429.0
1109428,AmazonHelp,False,2017-10-15 10:13:24+00:00,@381820 Glad to know that our small gesture helped you in your #VasaiHeritageRun. I feel like there are many more to come:) ^MM,,1109429.0,1109429.0
1110394,382051,True,2017-10-15 09:49:24+00:00,@115850 I regret my previous tweet about missing cable charger. It has been found.😊 @138673 https://t.co/dsj4IzV03L,1110393,,1110394.0
1110393,AmazonHelp,False,2017-10-15 10:19:51+00:00,@382051 Sigh! Thank you for keeping us posted. 🙂 ^ST,,1110394.0,1110394.0
1112702,382606,True,2017-10-24 02:29:13+00:00,I ordered leggings with pockets off of @115821 and they have a rip in the ass before I even wore them 🙄,1112701,,1112702.0
1112701,AmazonHelp,False,2017-10-24 02:38:00+00:00,"@382606 I'm sorry they arrived in this condition! For available return/replacement options, please visit here: https://t.co/z7RaKnEJqW ^BH",,1112702.0,1112702.0
1114313,228133,True,2017-10-15 11:38:18+00:00,"@AmazonHelp just had this email, clearly it's a fake, where should I forward it too? https://t.co/YCGBfqIpQf",1114311,,1114313.0
1114311,AmazonHelp,False,2017-10-15 11:41:50+00:00,"@228133 Hi Dylan, thanks, please do! https://t.co/bpPF0Ic9l7 ^AT",1114312,1114313.0,1114313.0
1114312,228133,True,2017-10-15 11:43:47+00:00,@AmazonHelp Done,,1114311.0,1114313.0
1118000,308585,True,2017-10-24 04:48:52+00:00,"@AmazonHelp Prime package late, then cs says arrive today and then another delay sent to wrong carrier PO and now is going other direction",1117999,,1118000.0
1117999,AmazonHelp,False,2017-10-24 04:55:25+00:00,@308585 I'm sorry for the wait! Which carrier is delivering the order? You can check for this here: https://t.co/Y5jpI9gRhE ^BH,,1118000.0,1118000.0
1118575,383921,True,2017-10-24 04:59:17+00:00,"@115850 After order automatically being cancelled by amazon,delivery guy calls saying he can deliver product - IS THIS BLACK MARKETING?",1118572,,1118575.0
1118572,AmazonHelp,False,2017-10-24 05:10:53+00:00,"@383921 I'm sorry for your recent experience, please contact us here: https://t.co/rS49hgaADF and we'll be glad to help you. ^SY","1118573,1118574",1118575.0,1118575.0
1118574,383921,True,2017-10-24 13:57:30+00:00,"@AmazonHelp I had contacted twice and exchanged 10 emails to ensure proper delivery but no machine,no delivery,falsely cancelled,now product expensive!",1118576,1118572.0,1118575.0
1118573,383921,True,2017-10-24 13:58:18+00:00,"@AmazonHelp amazon reports saying product damaged,i get message delivery refused by customer, delivery agent calls and tells me to take it,he'll deal!",,1118572.0,1118575.0
1118576,AmazonHelp,False,2017-10-24 14:22:30+00:00,@383921 We'd like to have a closer look at it. Kindly drop your details here: https://t.co/beaaDm0muc and we'll contact you soon. ^MO,"1118577,1118578",1118574.0,1118575.0
1118577,383921,True,2017-10-26 04:29:12+00:00,"@AmazonHelp 2 days after cancellation, i got message of delivery yesterday and on confirming with amazon,i agreed for delivery yet to be fooled again!","1118579,1118580",1118576.0,1118575.0
1118578,383921,True,2017-10-26 04:29:58+00:00,@AmazonHelp Its like the delivery people are on purpose joking around and playing with customers. I am not ordering anything from @115850 ever now!,,1118576.0,1118575.0
1118580,AmazonHelp,False,2017-10-26 05:02:32+00:00,@383921 Have you shared your details in the link provided earlier by ^MO? (2/2) ^KA,,1118577.0,1118575.0
1118579,AmazonHelp,False,2017-10-26 05:02:36+00:00,@383921 Sorry to know about the delivery issue. We can't gain access to your account details via Twitter. (1/2) ^KA,1118581,1118577.0,1118575.0
1118581,383921,True,2017-10-26 07:14:34+00:00,@AmazonHelp Submitted one now with complete day to day description of issues. 5 days of irritating service with no outcome!,1118582,1118579.0,1118575.0
1118582,AmazonHelp,False,2017-10-26 07:34:58+00:00,@383921 Thanks for keeping us posted. We'll give it a look and respond accordingly. Appreciate the patience. ^AB,"1118583,1118584",1118581.0,1118575.0
1118584,383921,True,2017-10-27 04:32:35+00:00,@AmazonHelp So i got 1 mail from Social Team saying he will look into it - Krishna. Then another today by Mahiti tellng me my shipments are returned(1/2,1118585,1118582.0,1118575.0
1118583,383921,True,2017-10-27 04:33:29+00:00,"@AmazonHelp And she needed my order id and details. I sent a 500 character detailed response to you ,if you can see my order,y not order id and details?",,1118582.0,1118575.0
1118585,AmazonHelp,False,2017-10-27 04:55:31+00:00,@383921 Sorry for the trouble. Kindly reply to the email sent to you the Social Media team &amp; we'll take it up further. ^EM,1118586,1118584.0,1118575.0
1118586,383921,True,2017-10-27 05:17:52+00:00,@AmazonHelp I have replied to both Krishna and Mahiti! Order ID and such details are already present with you.,1118587,1118585.0,1118575.0
1118587,AmazonHelp,False,2017-10-27 05:29:28+00:00,"@383921 Since you've dropped in your details, our team will reach out with an update. Kindly allow us sometime while we work on it. ^EM","1118588,1118589",1118586.0,1118575.0
1118589,383921,True,2017-10-27 06:26:31+00:00,@AmazonHelp Alright so got another mail - telling me nothing can be done. I have reorder! What will I benefit from your investigation?!,"1118590,1118591",1118587.0,1118575.0
1118588,383921,True,2017-10-27 06:27:04+00:00,@AmazonHelp Now you expect me to spend Rs. 3500 more on a model? Thank you. Quitting Amazon and will never recommend it again! Thanks,,1118587.0,1118575.0
1118590,AmazonHelp,False,2017-10-27 06:44:00+00:00,"@383921 As per the terms and conditions we follow, price match is not issued for a new order. The resolution provided (1/2) ^SI",,1118589.0,1118575.0
1118591,AmazonHelp,False,2017-10-27 06:45:27+00:00,@383921 over the email is the best we can offer. Thank you for understanding. (2/2) ^SI,"1118592,1118593",1118589.0,1118575.0
1118593,383921,True,2017-10-27 07:28:46+00:00,@AmazonHelp What did you offer anyway?! Its actually been useless contacting you guys!Your policies tell you to cancel any order at will?,1118594,1118591.0,1118575.0
1118592,383921,True,2017-10-27 07:29:22+00:00,"@AmazonHelp Thank god I didnt pay for this in Advance, you would've looted me and given me dates and dates to refund!",,1118591.0,1118575.0
1118594,AmazonHelp,False,2017-10-27 07:37:01+00:00,@383921 We've provided you the suggested resolution. Feel free to write back to us for further clarifications. ^EM,1118595,1118593.0,1118575.0
1118595,383921,True,2017-10-27 09:14:56+00:00,@AmazonHelp To pay Rs. 3500 more because of incompetence from your end?,"1118596,1118597",1118594.0,1118575.0
1118597,AmazonHelp,False,2017-10-27 09:37:32+00:00,@383921 I get you being disappointed. We can't gain access to your account via Twitter. Please revert to the email you've received 1/2^KA,,1118595.0,1118575.0
1118596,AmazonHelp,False,2017-10-27 09:39:00+00:00,@383921 from our team and we'll get back. 2/2 ^KA,1118598,1118595.0,1118575.0
1118598,383921,True,2017-10-29 04:53:42+00:00,@AmazonHelp No point. Ive mailed to MI guys. Ill buy it from them on discount when they revert.,1118599,1118596.0,1118575.0
1118599,AmazonHelp,False,2017-10-29 05:12:28+00:00,"@383921 As mentioned earlier, kindly reply to the email that you received from us for further assistance on this. ^AU","1118600,1118601",1118598.0,1118575.0
1118600,383921,True,2017-10-31 04:46:16+00:00,"@AmazonHelp Awesome thing happened, I thought of letting all previous act of yours go and order again. Guess what my COD option was disabled!",1118602,1118599.0,1118575.0
1118601,383921,True,2017-10-31 04:47:12+00:00,"@AmazonHelp Calling cutomer care, misinforms me that its technical error. Later I get a mail due to previous mistakes,its disabled.Amazons fault not my",,1118599.0,1118575.0
1118602,AmazonHelp,False,2017-10-31 04:49:00+00:00,@383921 I understand your concern. You may reply to the email you've received regarding disabling of COD and our team will update you ^ZH,1118603,1118600.0,1118575.0
1118603,383921,True,2017-10-31 05:38:11+00:00,@AmazonHelp They have given me a reply that its cancelled. I had replied with anger now. I had left previous matter after 4-5 days of talks. Now this!!!,"1118604,1118605",1118602.0,1118575.0
1118605,383921,True,2017-10-31 05:38:56+00:00,"@AmazonHelp I had been a long time customer,never once cancelled an order in years! Your side does some mistake and I am supposed to pay for such act?",1118607,1118603.0,1118575.0
1118604,383921,True,2017-10-31 05:39:22+00:00,"@AmazonHelp There was so much hassle in cash on delivery, once you take pre paid money, god knows how long I will have to struggle to get product!",1118606,1118603.0,1118575.0
1118607,AmazonHelp,False,2017-10-31 05:52:30+00:00,"@383921 I understand your disappointment. As you've replied to our email, I'd request you to wait for a response from our team. ^AP",,1118605.0,1118575.0
1118606,AmazonHelp,False,2017-10-31 05:55:36+00:00,"@383921 I get you being disappointed, Anchit. Request you to respond to the correspondence that was sent to you further assistance.1/2^NK",,1118604.0,1118575.0
1118631,383807,True,2017-10-24 04:52:21+00:00,@AmazonHelp https://t.co/MKBbgndZQa,1118630,,1118631.0
1118630,AmazonHelp,False,2017-10-24 05:05:00+00:00,@383807 Kindly get in touch with our support team through the secure link above. We'll look into it. ^NS,,1118631.0,1118631.0
1119210,384073,True,2017-10-15 12:40:17+00:00,Would you believe Amazon Prime if they told you for the third consecutive time that your order didn’t arrive as it was put on the wrong van🤔,1119209,,1119210.0
1119209,AmazonHelp,False,2017-10-15 12:46:27+00:00,"@384073 Terribly sorry for your previous experience with us, Nicole! Was a new date given for the delivery: https://t.co/aaDyEz1VgE ^JZ",1119207,1119210.0,1119210.0
1119207,384073,True,2017-10-15 12:49:50+00:00,@AmazonHelp Yes but I never get it the day I should - I always get a delivery was unsuccessful message despite being home and giving a safe place 😠,1119205,1119209.0,1119210.0
1119205,AmazonHelp,False,2017-10-15 12:59:00+00:00,"@384073 Apologies - Were you in touch? If not, reach out - https://t.co/JzP7hlA23B we'll raise directly with the carrier? ^TP",1119206,1119207.0,1119210.0
1119206,384073,True,2017-10-15 13:05:47+00:00,@AmazonHelp I have phoned and emailed each time and keep getting advised it will be raised with the carrier ...,1119208,1119205.0,1119210.0
1119208,AmazonHelp,False,2017-10-15 13:10:02+00:00,@384073 Is it the same carrier each time Nicole? ^KM,,1119206.0,1119210.0
1119289,384095,True,2017-10-15 12:35:44+00:00,"Amazonからのお支払い番号お知らせメールってメールじゃなくてメッセージでもくるの？私メアド持ってない…
そしてそれは注文してからしばらく待たないとこないの？
不安しかないんだけど…",1119287,,1119289.0
1119287,AmazonHelp,False,2017-10-15 12:49:29+00:00,@384095 リプライ失礼いたします。携帯電話番号でアカウントをご登録されておりますか？その場合、Eメールはお送りできませんので、アカウントサービス内の「メッセージセンター」にて注文に関する案内をご確認ください。HM,1119288,1119289.0,1119289.0
1119288,384095,True,2017-10-15 13:34:16+00:00,@AmazonHelp わざわざすいません！！えっと、Amazon確認コードはメールじゃなくてメッセージで来たので携帯電話番号で登録したと思います！,1119290,1119287.0,1119289.0
1119290,AmazonHelp,False,2017-10-15 13:41:30+00:00,@384095 左様でございましたか。お支払い番号は、Ｅメールにてお送りします。そのため、アドレス登録がない場合は、メッセージセンターでご確認ください。メッセージセンターは、以下リンクからもアクセスできます。　https://t.co/qxvc47GM40 SM,1119291,1119288.0,1119289.0
1119291,384095,True,2017-10-15 16:06:00+00:00,@AmazonHelp ありがとうございました！友人にきいたら詳しく教えてくれ、無事にお支払い番号お知らせメールがきました！,1119292,1119290.0,1119289.0
1119292,AmazonHelp,False,2017-10-15 22:39:27+00:00,@384095 確認ができたとのことで安心いたしました。今後ともどうぞよろしくお願いいたします。SK,,1119291.0,1119289.0
1122805,384810,True,2017-10-24 07:07:41+00:00,@115850 my docket no. Is 965671722 name HARSH #GATI se aa raha hai wo mere ghar dene se mana kar rahe hain kahte hain apka ghar gao mein h,"1122804,1122806",,1122805.0
1122806,AmazonHelp,False,2017-10-24 07:28:01+00:00,@384810 That's strange. Let me check this out for you. Please drop your details here: https://t.co/PF7s8QY2m8 (1/2) ^VM,,1122805.0,1122805.0
1122804,AmazonHelp,False,2017-10-24 07:28:29+00:00,@384810 and we'll reach out to you. (2/2) ^VM,,1122805.0,1122805.0
1124889,385242,True,2017-11-25 11:42:10+00:00,Hey @115830 is there an issue with checking out?? Keep trying to complete my order of 12 items and it won’t let me get past delivery options page. Getting very irritated.,1124888,,1124889.0
1124888,AmazonHelp,False,2017-11-25 11:44:26+00:00,"@385242 Oh no! What kind of error are you getting? Sometimes this can be corrected by clearing cache and cookies, or switching to another browser. ^BE",1124887,1124889.0,1124889.0
1124887,385242,True,2017-11-25 11:47:40+00:00,@AmazonHelp The final item on the order keeps repeating the same screen “select a delivery address” so I’ve kept deleting orders until there’s only one and then the same thing happens to that order. Won’t let me go further or pay.,1124885,1124888.0,1124889.0
1124885,AmazonHelp,False,2017-11-25 11:57:29+00:00,"@385242 Okay, let's try this. On the Product Detail page, toward the bottom of the page near Product Information, there should be information on shipping. Check there to be sure the final item on your order ships to your address. Let us know! ^SM",1124886,1124887.0,1124889.0
1124886,385242,True,2017-11-25 11:59:39+00:00,@AmazonHelp Thank you will try later when I’m back home.,,1124885.0,1124889.0
1125158,385301,True,2017-11-25 11:29:12+00:00,"Lorsque les incidents de livraison deviennent fréquents, l'achat des produits en ligne est remis en question !! Un livreur qui casse la boite aux lettres pour faire entrer un mini-colis...@120533 @120534 #internet #digital #logistique #laposte","1125156,1125160",,1125158.0
1125156,AmazonHelp,False,2017-11-25 11:44:26+00:00,"@385301 Bonjour Ilhame, rencontrez-vous un souci avec une commande en cours ? ^SM",1125157,1125158.0,1125158.0
1125157,385301,True,2017-11-25 11:47:38+00:00,@AmazonHelp Non je l'ai bien reçu dans ma boite aux lettres. Sauf que le livreur a forcé ma boite aux lettres et a cassé tout le système qu'il a laissé dans le hall de l'immeuble. Il aurait pu juste m'appeler ou sonner chez la gardienne !! Je porte plainte contre Amazon ou contre colisprivé?,1125159,1125156.0,1125158.0
1125159,AmazonHelp,False,2017-11-25 12:18:29+00:00,@385301 Je vous prie de remplir ce formulaire https://t.co/HtUowg2UGX pour que je puisse accéder à votre compte s'il vous plaît ? ^SN,,1125157.0,1125158.0
1125160,120534,True,2017-11-25 12:44:17+00:00,"@385301 @120533 Bonjour, si cet incident de livraison est liée à notre service je vous remercie de nous envoyer en message privé le numéro de colis cdt",2944343,1125158.0,1125158.0
2944343,385301,True,2017-11-25 15:33:11+00:00,@120534 @120533 Oui oui c'est bien votre livreur. Je vous envoie la DM ce soir,2944342,1125160.0,1125158.0
2944342,120534,True,2017-11-25 15:37:42+00:00,"@385301 @120533 A partir de 17h nous ne pourrons plus vous répondre, ma collègue prendra le relais sur votre dossier lundi. Cordialement",2944340,2944343.0,1125158.0
2944340,385301,True,2017-11-29 14:46:14+00:00,@120534 @120533 @120534 qui donne raison à son livreur en le croyant sur parole. Plus qu'un recours à la Police pour mener une vraie enquête. @120533 Merci de travailler avec des boites de livraison qui ne cherchent pas de solutions pour réparer un préjudice !!,2944338,2944342.0,1125158.0
2944338,AmazonHelp,False,2017-11-29 15:03:27+00:00,"@385301 Bonjour, 
Pouvez-vous nous expliquer davantage la situation je vous prie? 
^SA",2944339,2944340.0,1125158.0
2944339,385301,True,2017-11-29 15:18:44+00:00,@AmazonHelp Par DM !! Explications envoyées,2944341,2944338.0,1125158.0
2944341,AmazonHelp,False,2017-11-29 15:24:27+00:00,"@385301 Très bien, je viens de vous envoyer un message. ^SB",,2944339.0,1125158.0
1127234,385775,True,2017-10-24 10:34:49+00:00,@116928 me podéis explicar como habiéndolo reservado con tantísima antelación pasa esto? Gracias. https://t.co/zLmhz6hpb5,1127232,,1127234.0
1127232,AmazonHelp,False,2017-10-24 10:39:56+00:00,"@385775 Hola Oscar, lamento este inconveniente, ¿has verificado la información disponible en este enlace: https://t.co/wdEj9Q3YlE? ^AZ",1127233,1127234.0,1127234.0
1127233,385775,True,2017-10-24 10:44:14+00:00,@AmazonHelp Te lo explico con otra imagen y así entienda mi confusión y extrañeza. https://t.co/bxThxN76uK,1127235,1127232.0,1127234.0
1127235,AmazonHelp,False,2017-10-24 10:47:00+00:00,@385775 ¿La fecha que recibiste al realizar el pedido era de entrega garantizada? ^JD,1127236,1127233.0,1127234.0
1127236,385775,True,2017-10-24 10:49:17+00:00,"@AmazonHelp Ni idea, pero según eso si cancelo la reserva y lo vuelvo a comprar lo recibo mañana ¿no?","1127237,1127238",1127235.0,1127234.0
1127238,385775,True,2017-10-24 10:55:58+00:00,@AmazonHelp Acabo de mirarlo y me sale entrega garantizada el 26 WTF? 😅,1127239,1127236.0,1127234.0
1127237,AmazonHelp,False,2017-10-24 10:56:00+00:00,"@385775 Entiendo, según nuestras tarifas y opciones de envío con Amazon Prime, el envío en 1 día funciona así: https://t.co/6gAGDyPx4F ^AZ",,1127236.0,1127234.0
1127239,AmazonHelp,False,2017-10-24 11:01:00+00:00,@385775 Se encuentra a tiempo entonces :) En caso de que no llegue en la fecha ofrecida puedes contacar con nuestro Servicio al Cliente ^JD,1127240,1127238.0,1127234.0
1127240,385775,True,2017-10-24 11:02:26+00:00,@AmazonHelp Vale pero no me has explicado los motivos por los cuales habiéndolo reservado recibo el producto más tarde q alguien q lo compre hoy.,1127241,1127239.0,1127234.0
1127241,AmazonHelp,False,2017-10-24 11:06:00+00:00,"@385775 Por este medio no contamos con acceso a tu cuenta, para verificar lo ocurrido, recomiendo contactar nuestro Soporte al Cliente. ^AZ",,1127240.0,1127234.0
1127979,385932,True,2017-10-24 10:27:37+00:00,@115850 I haven’t got the cash back when I used SBI card on 17th,1127978,,1127979.0
1127978,AmazonHelp,False,2017-10-24 10:57:00+00:00,"@385932 All the eligible customers would receive the cashback by January 17, 2018. For more info: https://t.co/b6aJtbwg0V ^KA",,1127979.0,1127979.0
1128059,385945,True,2017-10-24 09:42:07+00:00,Seriously @76403 : @120533 sends your game with no box : facing the mail lady sure was a pleasant experience. https://t.co/HrzGWfjqVJ,1128058,,1128059.0
1128058,AmazonHelp,False,2017-10-24 09:51:51+00:00,"@385945 We're sorry for that, would you please send us the link of this item on our website? ^ASZ",1128056,1128059.0,1128059.0
1128056,385945,True,2017-10-24 09:56:27+00:00,"@AmazonHelp https://t.co/1XWhgxt7xt
Please put in a box for the next customers.","1128057,1128054",1128058.0,1128059.0
1128057,AmazonHelp,False,2017-10-24 10:21:29+00:00,"@385945 this item is shipped in its original packaging.
1/2 https://t.co/CMGDdSPIJP",,1128056.0,1128059.0
1128054,AmazonHelp,False,2017-10-24 10:22:34+00:00,"@385945 ..in order to send it in Amazon packaging you should choose "" ship in Amazon packaging."" check the screenshot below : https://t.co/aagXVmHGe7","1128053,1128055",1128056.0,1128059.0
1128055,385945,True,2017-10-24 10:39:07+00:00,"@AmazonHelp I see, I should have paid more attention, I placed my order without thinking or reading. But I think it should be the default option.",,1128054.0,1128059.0
1128053,385945,True,2017-10-24 10:40:11+00:00,@AmazonHelp But I do apologie for my accusations: the service is great.,1128052,1128054.0,1128059.0
1128052,AmazonHelp,False,2017-10-24 10:51:32+00:00,@385945 We appreciate your feedback and we will make sure that your suggestion will be read and taken into consideration ^ME,,1128053.0,1128059.0
1130547,386435,True,2017-10-24 11:47:15+00:00,"アマゾンでsupremeの財布買ったけど全然届かない。今日お届け日なのに❗️
こっちは1カ月待ってんだよ‼️",1130546,,1130547.0
1130546,AmazonHelp,False,2017-10-24 11:52:31+00:00,@386435 本日までお届け予定の商品が未着とのこと、ご不便をおかけしております。お手数ですが、こちらよりお問い合わせをお願いします。出品者発送→https://t.co/o0fWB7yYKX Amazon発送→https://t.co/k5PreMLZfV RI,,1130547.0,1130547.0
1133968,117804,True,2017-10-23 11:49:16+00:00,"Kindle com R$ 110 de desconto! Aproveite os melhores descontos do ano no aniversário Kindle. 
 https://t.co/tWI9IanVLb","1133967,1133969,1133970",,1133968.0
1133967,387193,True,2017-10-24 12:44:23+00:00,@117804 vcs querem me matar do coração ne?,1133966,1133968.0,1133968.0
1133966,AmazonHelp,False,2017-10-24 12:49:36+00:00,@387193 Não Gio o que isso? Só queremos te enviar amor 😍 . ^MB,1133965,1133967.0,1133968.0
1133965,387193,True,2017-10-24 12:53:56+00:00,@AmazonHelp eu to namorando esse kindle paperwhite faz teeeeempo! To tomando coragem pra adquirir haha,1133964,1133966.0,1133968.0
1133964,AmazonHelp,False,2017-10-24 12:59:04+00:00,@387193 Será a melhor decisão da sua vida! 💙 ^DA,,1133965.0,1133968.0
1133969,396691,True,2017-10-25 00:38:18+00:00,@117804 compreeeei &lt;3,1176234,1133968.0,1133968.0
1176234,AmazonHelp,False,2017-10-25 00:43:30+00:00,"@396691 Boa noite! Você já escolheu alguns eBooks para baixar no seu aparelho? Ficamos com muita curiosidade.

Abraçp
-José Odir JACQUES",,1133969.0,1133968.0
1133970,412409,True,2017-10-26 00:51:30+00:00,@117804 Como eu sei se meu pedido foi aprovado ou não?,1246355,1133968.0,1133968.0
1246355,AmazonHelp,False,2017-10-26 00:53:31+00:00,"@412409 Olá, Karen. Após finalizar o pedido, você receberá um e-mail de confirmação. Por favor, confira também a pasta de lixo. ^CR",1246356,1133970.0,1133968.0
1246356,412409,True,2017-10-26 00:54:08+00:00,"@AmazonHelp Eu recebi um e-mail mas não fala ""pagamento aprovado"" posso te mandar na dm?",1246357,1246355.0,1133968.0
1246357,AmazonHelp,False,2017-10-26 01:02:13+00:00,@412409 Responderemos pela Mensagem Direta. ^CR,,1246356.0,1133968.0
1138356,388137,True,2017-11-01 23:14:01+00:00,@115821 I need to know what's the point of paying for prime if my packages are late???,1138353,,1138356.0
1138353,AmazonHelp,False,2017-11-01 23:17:27+00:00,@388137 We don't want to miss our mark! Does this happen with a particular carrier? Please check here: https://t.co/Y5jpI9gRhE ^FD,"1138354,1138355",1138356.0,1138356.0
1138354,388137,True,2017-11-01 23:18:12+00:00,@AmazonHelp No it doesn't.,1138357,1138353.0,1138356.0
1138357,AmazonHelp,False,2017-11-01 23:32:31+00:00,@388137 I'm very sorry about the late packages! Have we missed the estimated date in the confirmation email? ^HM,1138358,1138354.0,1138356.0
1138355,388137,True,2017-11-02 00:22:10+00:00,@AmazonHelp Your logistics team stated that I would have my packages by 8pm. Order says out for delivery,"1138362,1138363",1138353.0,1138356.0
1138363,388137,True,2017-11-02 00:22:40+00:00,@AmazonHelp But when I click on the order it says expected Nov 2-3. How is it out for delivery if the expected date is extended by two days?,,1138355.0,1138356.0
1138362,388137,True,2017-11-02 00:23:24+00:00,"@AmazonHelp I have a prime membership, yet receive standard delivery. Unacceptable.",,1138355.0,1138356.0
1138358,388137,True,2017-11-02 00:32:26+00:00,@AmazonHelp So y'all gonna figure this out before midnight or no? I need those packages before tomorrow morning.,1138359,1138357.0,1138356.0
1138359,AmazonHelp,False,2017-11-02 00:39:00+00:00,@388137 Can you please tell us who the carrier is? Found here: https://t.co/q4LAMZ3tbE ^AC,1138360,1138358.0,1138356.0
1138360,388137,True,2017-11-02 00:41:30+00:00,"@AmazonHelp It doesn't state a specific carrier. It says ""A carrier"" retrieved the packages from the facility.",1138361,1138359.0,1138356.0
1138361,AmazonHelp,False,2017-11-02 01:01:27+00:00,@388137 At this point it would be best for us to assist you in real-time. Please reach out to us here: https://t.co/hApLpMlfHN ^LA,,1138360.0,1138356.0
1141881,388789,True,2017-10-24 15:53:34+00:00,"@AmazonHelp Hi, I've returned an item to @116316 13 days ago and haven't heard anything since. 'Tracking info not available' it says..",1141879,,1141881.0
1141879,AmazonHelp,False,2017-10-24 15:55:26+00:00,"@388789 Hi, our colleagues will have a look into this: https://t.co/ohyvGrpvrY ^SK",1141880,1141881.0,1141881.0
1141880,388789,True,2017-10-24 15:57:14+00:00,"@amazonhelp Sorry, do you mean I have to contact them?",1141882,1141879.0,1141881.0
1141882,AmazonHelp,False,2017-10-24 16:13:00+00:00,@388789 Yes. Please contact them. They can check your order. ^MH,1141883,1141880.0,1141881.0
1141883,388789,True,2017-10-24 16:19:58+00:00,@amazonhelp But I cannot find a way to contact them. When I login there's no further info on my returned item.,1141884,1141882.0,1141881.0
1141884,AmazonHelp,False,2017-10-24 16:45:33+00:00,"@388789 In the menu after logging in, just choose what fits best...(1) ""An Order I placed"" and (2) ""Returns and Refunds""..^AS","1141885,1141886,1141887",1141883.0,1141881.0
1141887,388789,True,2017-10-24 19:08:57+00:00,"@amazonhelp I already did that, it says my request for replacement has been received, but there is no tracking information available 1/3",,1141884.0,1141881.0
1141886,388789,True,2017-10-24 19:09:02+00:00,"@amazonhelp I sent the item back 13 days ago and the post confirmed that it has been delivered, but I haven't heard anything yet. 2/3",,1141884.0,1141881.0
1141885,388789,True,2017-10-24 19:09:05+00:00,@amazonhelp Isn't that odd? If I had ordered a new one I would have gotten it a week ago! How do I contact amazon.de? 3/3,1141888,1141884.0,1141881.0
1141888,AmazonHelp,False,2017-10-24 19:36:00+00:00,@388789 Aftter the log-in https://t.co/xIcdaedBRk you can choose the topics and then contact us per E-Mail or Phone. ^MH,,1141885.0,1141881.0
1146512,389853,True,2017-10-15 16:45:40+00:00,@AmazonHelp I opened my fire stick and it won’t connect for me to set it up!. Please help!,1146510,,1146512.0
1146510,AmazonHelp,False,2017-10-15 16:59:00+00:00,"@389853 Hi there. I'm sorry to hear about the trouble! We'd like to help. Just to confirm, are you connected to a Wi-Fi source? ^HC",1146511,1146512.0,1146512.0
1146511,389853,True,2017-10-15 16:59:50+00:00,"@AmazonHelp It hasn’t asked me to connect to anything, just press home to pair the remote.",1146513,1146510.0,1146512.0
1146513,AmazonHelp,False,2017-10-15 17:10:30+00:00,@389853 Hmm. Please try these steps and keep us posted: https://t.co/FD5dwyC8D2 ^BH,1146514,1146511.0,1146512.0
1146514,389853,True,2017-10-15 17:20:50+00:00,@AmazonHelp Yeah none of that is working and not even the tech person I’m on the phone with can solve this 😡,1146515,1146513.0,1146512.0
1146515,AmazonHelp,False,2017-10-15 17:30:33+00:00,@389853 I'm sorry to hear this! What information is being offered? Please keep us updated on the outcome of the conversation. ^HC,,1146514.0,1146512.0
1147891,390144,True,2017-10-24 13:35:20+00:00,@AmazonHelp if I order something on amazon US how much is shipping?,1147890,,1147891.0
1147890,AmazonHelp,False,2017-10-24 14:15:00+00:00,@390144 You can find more information about shipping rates and how they're determined here: https://t.co/lmtIcHdnS4 ^MO,,1147891.0,1147891.0
1152722,391241,True,2017-10-24 14:32:54+00:00,&lt;- wartet auf @116316 -Lieferwagen,1152720,,1152722.0
1152720,391241,True,2017-10-24 17:13:12+00:00,@116316 Er war da!,1152718,1152722.0,1152722.0
1152718,AmazonHelp,False,2017-10-24 17:16:26+00:00,@391241 👍😃😊,1152719,1152720.0,1152722.0
1152719,391241,True,2017-10-24 17:34:14+00:00,@AmazonHelp Wie angekündigt. Sehr gut.,1152721,1152718.0,1152722.0
1152721,AmazonHelp,False,2017-10-24 17:39:35+00:00,@391241 So soll es sein. 😊 Danke! ^MH,,1152719.0,1152722.0
1155942,391919,True,2017-12-01 08:39:58+00:00,Kindle fire かってしまった,1155941,,1155942.0
1155941,AmazonHelp,False,2017-12-01 08:59:00+00:00,@391919 ご購入ありがとうございます。😊ET,,1155942.0,1155942.0
1160614,393053,True,2017-10-24 16:34:33+00:00,Hey @AmazonHelp I ordered soemthing on prime with two day shipping and the tracker says it wont be here for another 6 days. Why?,1160612,,1160614.0
1160612,AmazonHelp,False,2017-10-24 16:57:28+00:00,@393053 I'm sorry for the wait! Was the date given on the confirmation e-mail missed? ^JF,1160613,1160614.0,1160614.0
1160613,393053,True,2017-10-24 17:04:01+00:00,@AmazonHelp It says there is a delay. That's all I know. But I specifically got the more expensive one because it had Prime 2 day shipping....,1160615,1160612.0,1160614.0
1160615,AmazonHelp,False,2017-10-24 17:14:00+00:00,"@393053 Since we are unable to access your account, you should contact us by phone or chat for options here: https://t.co/hApLpMlfHN ^DA",1160616,1160613.0,1160614.0
1160616,393053,True,2017-10-24 17:19:15+00:00,@AmazonHelp Okay thanks.,,1160615.0,1160614.0
1173016,395898,True,2017-10-24 20:06:46+00:00,"@115830 yet again another item not being delivered on time, why am I paying for a service I’m not receiving? Very disappointing",1173015,,1173016.0
1173015,AmazonHelp,False,2017-10-24 20:09:46+00:00,"@395898 I'm sorry for the delay, David! Has the order shipped yet? What is the status showing? Check here:https://t.co/aaDyEzjw8c ^FR",,1173016.0,1173016.0
1185810,398827,True,2017-10-24 22:08:29+00:00,Beep Boop. You can’t put me in a box on #halloween...or can you? @115821 #diy #diycostume #diyhalloweencostume #diyhalloween https://t.co/rcYDedltyX,1185809,,1185810.0
1185809,AmazonHelp,False,2017-10-24 23:23:28+00:00,"@398827 This costume is amazing! What a creative use of Amazon boxes! Wherever you go, you WIN!  ^SE",,1185810.0,1185810.0
1187736,399292,True,2017-10-24 23:45:43+00:00,"@115830 My account has been disabled &amp; received a refund for Aladdin tickets. Can you contact me asap, tickets were an xmas present!!",1187734,,1187736.0
1187734,AmazonHelp,False,2017-10-24 23:59:37+00:00,@399292 I'm so sorry this happened! Please contacts us here for further assistance: https://t.co/zYVX1Qi29G ^QJ,1187735,1187736.0,1187736.0
1187735,399292,True,2017-10-25 01:35:40+00:00,"@AmazonHelp Thanks, a/c reabled. How can i get the tickets back? They were bought for an xmas present &amp; would extremely disappointed to lose them!",1187737,1187734.0,1187736.0
1187737,AmazonHelp,False,2017-10-25 01:42:31+00:00,"@399292 Thanks for the update! Once an order has been canceled, a new order would have to be placed. ^HM",,1187735.0,1187736.0
1196325,401090,True,2017-10-25 02:33:14+00:00,#AmazonLogistics parece lo peor que le ha pasado a @115821 . Dejen a los expertos en envíos hacer su trabajo.,1196323,,1196325.0
1196323,AmazonHelp,False,2017-10-25 02:36:43+00:00,"@401090 Hola, Maribel. Sin compartir información de tu cuenta, dinos, ¿tienes problemas con alguno de tus pedidos actuales? ^CR",1196324,1196325.0,1196325.0
1196324,401090,True,2017-11-01 18:27:45+00:00,"@AmazonHelp El paquete terminó llegando, pero “nadie sabía dónde estaba mi paquete”. Ridículo 6/6",,1196323.0,1196325.0
1196338,133528,True,2017-10-25 02:09:00+00:00,It’s Tuesday. Why is @115821 saying a 2-day delivery will arrive next Tuesday? How?,1196336,,1196338.0
1196336,AmazonHelp,False,2017-10-25 02:34:00+00:00,@133528 There are several factors involved in calculating the delivery date. You can read more here: https://t.co/QeDHVoTRSe ^LJ,1196337,1196338.0,1196338.0
1196337,133528,True,2017-10-25 03:35:46+00:00,@AmazonHelp None apply to what I’m talking about,1196339,1196336.0,1196338.0
1196339,AmazonHelp,False,2017-10-25 04:13:28+00:00,"@133528 Two-Day Shipping is transit time, in business days, after an order ships. Not all items are available to ship right away. ^GM",1196340,1196337.0,1196338.0
1196340,133528,True,2017-10-25 04:17:19+00:00,@AmazonHelp So every item is unavailable for a week? Because of the 8 different things I’ve checked nothing is actually 2 days,,1196339.0,1196338.0
1198553,401180,True,2017-10-25 03:37:54+00:00,.@115821 Please give me exact details of final amount with this Order#  406-3682489-9705922. Exchange offer applied.,"1198552,1198554",,1198553.0
1198552,AmazonHelp,False,2017-10-25 04:07:00+00:00,"@401180 don't provide your order details, we consider it to be personal information. Our page is visible to the public. 2/2 ^AR",,1198553.0,1198553.0
1198554,AmazonHelp,False,2017-10-25 04:07:00+00:00,@401180 Kindly connect with us here: https://t.co/1fgA1d52UK and we'll be happy to help and please 1/2 ^AR,,1198553.0,1198553.0
1199067,401286,True,2017-10-25 04:13:12+00:00,@115821 #fail #BadCustomerService https://t.co/mUtyc8rwZQ,1199066,,1199067.0
1199066,AmazonHelp,False,2017-10-25 04:18:01+00:00,@401286 We'd appreciate your details through the link ^SE sent earlier. ^RR,,1199067.0,1199067.0
1200582,402092,True,2017-10-25 05:36:46+00:00,"@AmazonHelp I pre-ordered two copies of ""What does this button do"" and they didn't have black edged pages. Why did this happen? So 😭",1200581,,1200582.0
1200581,AmazonHelp,False,2017-10-25 05:42:01+00:00,@402092 Sorry to hear that. contact us here: https://t.co/hApLpMlfHN and we'll help ^AS,,1200582.0,1200582.0
1201262,137608,True,2017-10-20 21:50:13+00:00,@115821 I know it's not your policy to adjust the price but this is ridiculous. I bought this as a gift so I needed it by a certain time /1,1201261,,1201262.0
1201261,137608,True,2017-10-20 21:51:19+00:00,@115821 And then it was $53 cheaper the next day. Now a week later its $75 cheaper. What the actual hell???? https://t.co/Xcube9MkGR,1201260,1201262.0,1201262.0
1201260,137608,True,2017-10-20 21:51:36+00:00,@115821 And you haven't answered any of my tweets so far. 👍👍👍👍👍,1201259,1201261.0,1201262.0
1201259,137608,True,2017-10-25 12:33:34+00:00,@115821 glad you're paying attention to your customers! What happened to your Customer Service? It used to be top notch. This is ridiculous. https://t.co/wfApxsBexo,1201258,1201260.0,1201262.0
1201258,AmazonHelp,False,2017-10-25 12:49:38+00:00,"@137608 Sorry for any troubles caused! Without sharing account information, could you let us know what happened? We're here to help! ^TH",1201257,1201259.0,1201262.0
1201257,137608,True,2017-10-25 12:55:13+00:00,@AmazonHelp For the 3rd time - I ordered a gift that was $253. It dropped in price the day after I ordered - it hadn't even arrived at my house yet /1,1201256,1201258.0,1201262.0
1201256,137608,True,2017-10-25 12:56:57+00:00,@AmazonHelp it was $199 the day after order. Then last week it dropped once again down to $180. that's absurd. The item is sold BY AMAZON &amp; I'm told /2,1201255,1201257.0,1201262.0
1201255,137608,True,2017-10-25 12:57:15+00:00,@AmazonHelp that I can't get my order adjusted at all. /3,1201253,1201256.0,1201262.0
1201253,AmazonHelp,False,2017-10-25 13:08:16+00:00,@137608 Hi. We don’t offer post-purchase adjustments. Was the item sold via a seller or Amazon directly? ^TP,1201254,1201255.0,1201262.0
1201254,137608,True,2017-10-25 13:41:41+00:00,@AmazonHelp As I said in my tweets - this was sold directly by Amazon.,,1201253.0,1201262.0
1201269,402247,True,2017-10-25 12:47:06+00:00,"@115850 1 Hi ,This is with reference  Order# 171-3671650-9712362 . I have received a fake supplement. I have mailed you regarding the same",1201268,,1201269.0
1201268,AmazonHelp,False,2017-10-25 12:57:56+00:00,@402247 I'm sorry to learn that. I’d like to help you; please fill this form: https://t.co/beaaDm0muc and I’ll contact you soon. ^SU,1201267,1201269.0,1201269.0
1201267,402247,True,2017-10-25 12:59:18+00:00,@AmazonHelp Already filled up the form via facebook,1201266,1201268.0,1201269.0
1201266,402247,True,2017-10-25 13:00:48+00:00,@AmazonHelp Please look into it asap,1201265,1201267.0,1201269.0
1201265,AmazonHelp,False,2017-10-25 13:07:34+00:00,"@402247 We've responded to you over DM, Chitresh. Please check your DM for more information. ^KS",,1201266.0,1201269.0
1203382,402702,True,2017-10-15 22:20:22+00:00,"@115821 @AmazonHelp thanks to ur driver 2day my bf n I lost out on our #snes bc they didn't use the locker but ""delivered"" them somewhere",1203380,,1203382.0
1203380,AmazonHelp,False,2017-10-15 22:24:26+00:00,@402702 I'm sorry for the delivery issue! Just to confirm; who's the carrier under tracking info: https://t.co/Y5jpI9gRhE? ^WT,1203381,1203382.0,1203382.0
1203381,402702,True,2017-10-15 22:52:13+00:00,@AmazonHelp It was your delivery person. AMZL US,"1203383,1203384",1203380.0,1203382.0
1203383,402702,True,2017-10-15 22:58:48+00:00,@AmazonHelp  https://t.co/f0dSfp090u,,1203381.0,1203382.0
1203384,AmazonHelp,False,2017-10-15 23:03:28+00:00,"@402702 It looks like it can arrive anytime before 8pm. If you need help with the code, contact us: https://t.co/EKXRLsnxJu ^AF","1203385,1203386",1203381.0,1203382.0
1203386,402702,True,2017-10-15 23:06:44+00:00,@AmazonHelp Based on the tracking number it says it was delivered. But they tell me that no information for the code is available. 💔,,1203384.0,1203382.0
1203385,402702,True,2017-10-15 23:07:48+00:00,@AmazonHelp Only that it shows delivered and I'm out of luck,1203387,1203384.0,1203382.0
1203387,AmazonHelp,False,2017-10-15 23:15:26+00:00,@402702 We want to escalate this further. Please send us the order details here: https://t.co/FSmSuiFdic ^BH,1203388,1203385.0,1203382.0
1203388,402702,True,2017-10-15 23:24:49+00:00,@AmazonHelp Sent.,"1203389,1203390",1203387.0,1203382.0
1203389,AmazonHelp,False,2017-10-15 23:27:27+00:00,@402702 Thanks for sending in the details so quickly. I've confirmed we have your info. Keep an eye on your e-mail for updates. ^EP,,1203388.0,1203382.0
1203390,402702,True,2017-10-15 23:44:58+00:00,@AmazonHelp Just so we are all on the same page https://t.co/jysBcjUS1n,,1203388.0,1203382.0
1204993,403032,True,2017-10-18 19:52:59+00:00,"Geeks unite! Come, be a part of the clan for Lenovo smartphones. Follow us &amp; open yourself to a world of geekiness. https://t.co/Gw4XyJXnCT",1204992,,1204993.0
1204992,391454,True,2017-10-26 06:07:00+00:00,"@403032 I bought a Lenovo ZUK Z2 plus I, started facing issue within 10days and neither #Lenovo  nor #AmazonIN ready to give me replacement​.",1204991,1204993.0,1204993.0
1204991,403032,True,2017-10-26 07:08:17+00:00,"@391454 Hi, kindly share your contact details and the phone's IMEI number via DM for us to get in touch with you at the earliest.",1204990,1204992.0,1204993.0
1204990,391454,True,2017-10-28 09:54:05+00:00,@403032 I have shared all the details u asked for. No one has contacted me yet. Please update. I am really fed up with this. @115850 @AmazonHelp,1204989,1204991.0,1204993.0
1204989,AmazonHelp,False,2017-10-28 10:14:00+00:00,"@391454 Sorry for the delay. I'm afraid we haven't received your details yet, please fill your details in the link provided earlier. ^GU",1204987,1204990.0,1204993.0
1204987,391454,True,2017-10-28 17:32:21+00:00,@AmazonHelp @403032 I have provided two times.I have replied on ur mail. Now u plz let me know replacement of this device is possible or not ?,"1204986,1204988",1204989.0,1204993.0
1204986,AmazonHelp,False,2017-10-28 17:50:00+00:00,@391454 I'm sorry for the trouble you've had so far. Please write to us from here: https://t.co/GIJyeYqKE0 and we'll contact shortly.^MP,1204984,1204987.0,1204993.0
1204984,391454,True,2017-10-31 02:58:21+00:00,@AmazonHelp @403032 @115850 will you please update me on this ? #Lenovo #Amazon,"1204983,1204985",1204986.0,1204993.0
1204983,AmazonHelp,False,2017-10-31 03:22:34+00:00,"@391454 I get you being disappointed, Shivam. If you've shared your details you must have received an email correspondence by 1/2 ^NK",,1204984.0,1204993.0
1204985,AmazonHelp,False,2017-10-31 03:23:00+00:00,@391454 by the social media team by now. Request you to check here: https://t.co/DTSNmGldJf and confirm. Keep us posted. 2/2 ^NK,,1204984.0,1204993.0
1204988,442881,True,2017-11-03 13:47:02+00:00,"@391454 @AmazonHelp @403032 Just saying send DM but they are Never Again called and text ,",,1204987.0,1204993.0
1205847,119446,True,2017-10-25 08:32:32+00:00,"#iPhone8AppQuiz
Who is the winner? Waiting for the result for so long 😒 @AmazonHelp  @115850","1205845,1205851",,1205847.0
1205845,AmazonHelp,False,2017-10-25 08:54:50+00:00,@119446 Could you help us with the link to the contest you're referring to for better understanding? ^HK,1205846,1205847.0,1205847.0
1205846,119446,True,2017-10-25 09:03:46+00:00,@AmazonHelp I don't have the link...This is the screenshot I have. https://t.co/rKBjAkVJ9R,1205848,1205845.0,1205847.0
1205848,AmazonHelp,False,2017-10-25 09:09:57+00:00,"@119446 We are working towards releasing the result's son, kindly stay tuned. ^MJ",1205849,1205846.0,1205847.0
1205849,145380,True,2017-10-25 12:13:11+00:00,@AmazonHelp @119446 #iPhone8AppQuiz    did u announce names...?,1205850,1205848.0,1205847.0
1205850,AmazonHelp,False,2017-10-25 12:38:07+00:00,@145380 The results will be announced soon and the people who've won would receive an E-mail. ^MO,,1205849.0,1205847.0
1206900,403409,True,2017-10-25 09:11:43+00:00,@115850 i bought memory card&amp;adapter.I received package in 👌 condi. I received memory card in 👌Condi but adapter is not working properly.,1206899,,1206900.0
1206899,AmazonHelp,False,2017-10-25 09:23:33+00:00,@403409 Apologies for the inconvenience. Have you tried reporting this to our support team here: https://t.co/2t6DQoUmNZ ? ^AB,,1206900.0,1206900.0
1211671,404394,True,2017-10-25 12:20:32+00:00,@115850  i am literally stunned by the behavior by your CCE.. This is the customer satisfaction you provide !!! #Shame_Amazon https://t.co/qXvXwjdp7D,1211669,,1211671.0
1211669,AmazonHelp,False,2017-10-25 12:28:32+00:00,"@404394 This is not what we want to hear from you. We'd like to help, kindly share your details here: https://t.co/GIJyeYqKE0 ^MA",1211670,1211671.0,1211671.0
1211670,404394,True,2017-10-25 14:41:09+00:00,@AmazonHelp Your CCE executive doesn't know how to talk to customers and she was rude. Make sure u train them properly.,1211672,1211669.0,1211671.0
1211672,AmazonHelp,False,2017-10-25 15:16:11+00:00,@404394 I'm sorry about the unpleasant experience. I'll be sure to pass on your feedback intenally. ^GD,"1211673,1211674,1211675,1211676",1211670.0,1211671.0
1211673,404394,True,2017-10-26 09:52:07+00:00,@AmazonHelp Ok. But how will i be sure enough that you had taken proper action against your employee who passed misinformation to me and behaved rudely,1211677,1211672.0,1211671.0
1211674,404394,True,2017-10-26 09:53:27+00:00,@AmazonHelp Check the whole chat conversation and do let me know whether my allegations against @115850  are legitimate or irrelevant.,,1211672.0,1211671.0
1211675,404394,True,2017-10-26 09:54:21+00:00,@AmazonHelp I won't at all tolerate such behavior from you Amazon. This is unacceptable. Make sure you take proper action against such staffs of yours,,1211672.0,1211671.0
1211676,404394,True,2017-10-26 09:59:55+00:00,@AmazonHelp @115821 @115850 @AmazonHelp i need proper explanation on why you tried to mislead and misinform me and then misbehave with me .,,1211672.0,1211671.0
1211677,AmazonHelp,False,2017-10-26 10:11:00+00:00,"@404394 As informed, we've passed along your feedback to our team and they'll make sure that corrective actions are taken. ^MM",1211678,1211673.0,1211671.0
1211678,404394,True,2017-10-26 10:20:38+00:00,@AmazonHelp Ok thank you,1211679,1211677.0,1211671.0
1211679,AmazonHelp,False,2017-10-26 10:31:00+00:00,@404394 You're most welcome. ^PS,1211680,1211678.0,1211671.0
1211680,404394,True,2017-10-26 10:32:34+00:00,@AmazonHelp Kindly let me know what action you have taken later on. I do have the right to know. Isn't it. And thank you again for your quick response.,1211681,1211679.0,1211671.0
1211681,AmazonHelp,False,2017-10-26 11:00:36+00:00,@404394 Sorry for the confusion. Have you filled in the details with the link provided earlier? ^PB,1211682,1211680.0,1211671.0
1211682,404394,True,2017-10-26 14:47:03+00:00,@AmazonHelp Yes @AmazonHelp  already done,1211683,1211681.0,1211671.0
1211683,AmazonHelp,False,2017-10-26 15:13:34+00:00,@404394 Thanks for submitting your details. Our team will contact you at the earliest. ^GD,1211684,1211682.0,1211671.0
1211684,404394,True,2017-10-26 16:16:52+00:00,@AmazonHelp Ok. Thank you,1211685,1211683.0,1211671.0
1211685,AmazonHelp,False,2017-10-26 16:37:38+00:00,@404394 You're welcome. Let us know how things go. ^MP,,1211684.0,1211671.0
1213368,404785,True,2017-10-25 15:36:05+00:00,"detalhe: após comprar 28 livros, ainda fiquei tentado a comprar mais na @117086... alguém me para, please!! https://t.co/288xDAREl3",1213367,,1213368.0
1213367,AmazonHelp,False,2017-10-25 15:45:44+00:00,@404785 Arthur do ceú! É amor demais 28 livros. ❤❤ São do mesmo tema ou diferentes? ^DA,1213366,1213368.0,1213368.0
1213366,404785,True,2017-10-25 15:48:22+00:00,"@AmazonHelp fui garimpando os novos do SK, além de outros que eu queria faz tempo (tá bem variado)! vcs ainda vão me levar à falência kkkk",1213365,1213367.0,1213368.0
1213365,AmazonHelp,False,2017-10-25 15:56:12+00:00,"@404785 Que demais, e qual é o seu livro favorito dele? ❤ Queremos só te trazer muita felicidade. 📚 ^DA",1213364,1213366.0,1213368.0
1213364,404785,True,2017-10-25 16:07:43+00:00,"@AmazonHelp amo a trilogia Bill Hodges, agr estou esperando Belas Adormecidas chegar para começar a ler! obg por fazerem este leitor feliz!",1213363,1213365.0,1213368.0
1213363,AmazonHelp,False,2017-10-25 16:14:17+00:00,@404785 Você vai amar demais demais! ❤ Esperamos continuar te trazendo felicidade. ^DA,1213358,1213364.0,1213368.0
1213358,404785,True,2017-10-25 16:26:19+00:00,"@AmazonHelp mt obg!! black friday mês que vem, já sei que vcs vão me fazer feliz novamente com novas promoções! :) https://t.co/w1e6l6NKbP",1213356,1213363.0,1213368.0
1213356,AmazonHelp,False,2017-10-25 16:39:58+00:00,"@404785 Esperamos que seja assim, Arthur :) Já tem sua lista de livros prontinha? ^LG",1213357,1213358.0,1213368.0
1213357,404785,True,2017-10-25 16:58:33+00:00,"@AmazonHelp minha lista de livros desejados tinha mais de 200, agora diminuiu um pouco graças às promoções de vcs, mas aparecem novos! ^^",1213359,1213356.0,1213368.0
1213359,AmazonHelp,False,2017-10-25 17:23:50+00:00,@404785 Tinha bastantes livros nessa lista ❤️ conta para gente qual é seu gênero literário favorito aqui: https://t.co/kUkXHFkYWd ^AZ,1213360,1213357.0,1213368.0
1213360,404785,True,2017-10-25 18:20:14+00:00,"@AmazonHelp prontinho, respondi! agora é só aguardar meu caminhão de livros novos chegar! :)",1213361,1213359.0,1213368.0
1213361,AmazonHelp,False,2017-10-25 18:25:20+00:00,"@404785 Coisa boa, Arthur! Vamo ver! ❤ ^DA",1213362,1213360.0,1213368.0
1213362,404785,True,2017-10-25 18:39:28+00:00,@AmazonHelp ☺😎📚,,1213361.0,1213368.0
1213453,404806,True,2017-10-25 16:03:11+00:00,"@115821 get, someone sent me a gift card for filling out a survey. I don't remember doing one. How can I check if it is legit and not a scam",1213451,,1213453.0
1213451,AmazonHelp,False,2017-10-25 16:29:48+00:00,@404806 Thanks for reaching out! Have you tried redeeming the gift card? Here's how: https://t.co/WuSjD98oKk ^HS,1213452,1213453.0,1213453.0
1213452,404806,True,2017-10-25 16:31:16+00:00,@AmazonHelp No. I was afraid it would lead to a phishing site,1213454,1213451.0,1213453.0
1213454,AmazonHelp,False,2017-10-25 17:07:33+00:00,"@404806 No worries! If you'd like to check this out first, you're welcome to view here: https://t.co/Aovj31J13G to learn more. ^CM",1213455,1213452.0,1213453.0
1213455,404806,True,2017-10-25 17:11:08+00:00,@AmazonHelp It was real. Thanks again f2f or responding though,,1213454.0,1213453.0
1219171,314056,True,2017-10-25 14:38:00+00:00,C’est mal de laisser un calque mal synchronisé sur une pub @AmazonHelp https://t.co/zoitAPvFNZ,"1219170,1219172",,1219171.0
1219170,AmazonHelp,False,2017-10-25 14:49:49+00:00,"@314056 Bonjour, je vous remercie pour la remarque, je ne manquerai pas de la remontée au service concerné. ^MA",,1219171.0,1219171.0
1220809,406450,True,2017-11-25 19:36:26+00:00,Habe von meinen Freunden einfach n Amazon Echo bekommen. Richtig NICE,1220808,,1220809.0
1220808,AmazonHelp,False,2017-11-25 19:41:30+00:00,@406450 #Läuftbeidir ^MI,,1220809.0,1220809.0
1225794,407564,True,2017-10-25 19:10:53+00:00,@116316 ich brauch den skill im deutschen store asap https://t.co/bZsh65kug6,1225793,,1225794.0
1225793,AmazonHelp,False,2017-10-25 19:18:32+00:00,@407564 Das glaub ich dir! :D Feedback gebe ich gern weiter. Der Skill ist von NBCUniversal Media. Gruß ^MI,,1225794.0,1225794.0
1227993,237117,True,2017-10-25 17:34:27+00:00,"This is on the heels of @115821 fulfilling an order in September that went missing and it “wasn’t their fault”, contact seller.",1227992,,1227993.0
1227992,AmazonHelp,False,2017-10-25 17:43:59+00:00,@237117 Hey Scott! I'm sorry you haven't received your package. What's the current delivery date showing on the order? ^AJ,1227991,1227993.0,1227993.0
1227991,237117,True,2017-10-25 18:12:47+00:00,"@AmazonHelp I posted that when it was “updated” to tomorrow. Unsure how it makes from origin to KY, then whoops! Never saw it in OH?",1227988,1227992.0,1227993.0
1227988,AmazonHelp,False,2017-10-25 18:26:49+00:00,@237117 Have you contacted the seller regarding the late delivery? You can review seller communication here: https://t.co/WIwLCQ0Hkd ^VB,"1227987,1227989,1227990",1227991.0,1227993.0
1227987,237117,True,2017-10-25 18:28:31+00:00,@AmazonHelp Why? And which one? This is fulfilled by amazon and YOU combined two items in one shipment. You are the contact.,1227985,1227988.0,1227993.0
1227989,237117,True,2017-10-25 18:29:45+00:00,"@AmazonHelp But have no fear, I will be bringing @77239 into this and telling them how amazon bungles fulfillment and brushes it off on sellers.",,1227988.0,1227993.0
1227990,237117,True,2017-10-25 18:59:18+00:00,"@AmazonHelp Actually, I’ve done one better and contacted UPS. The told me AMAZON is the problem. You didn’t get them the package on time. So...",,1227988.0,1227993.0
1227985,AmazonHelp,False,2017-10-25 20:12:13+00:00,@237117 I'm sorry we missed the delivery date! Please contact us here: https://t.co/hApLpMlfHN so we can help with available options. ^BN,1227986,1227987.0,1227993.0
1227986,237117,True,2017-10-25 20:17:45+00:00,"@AmazonHelp Yeah, last time I did that I was told to contact the seller. So thanks. And UPS is delivering it tomorrow.",,1227985.0,1227993.0
1228729,408256,True,2017-10-25 20:11:43+00:00,"@51975 ordered a book from Amazon, and it looks like a low-grade knock off. Any insight? I’m going to report to @115821 too. #notcool",1228728,,1228729.0
1228728,AmazonHelp,False,2017-10-25 20:18:36+00:00,"@408256 Sorry for the problems with your order, Joseph! Was the book sold by Amazon or one of our sellers: https://t.co/Y5jpI9gRhE ^JZ",,1228729.0,1228729.0
1235528,409794,True,2017-10-25 18:34:07+00:00,@115830 @AmazonHelp Another delivery date gone without a delivery. I dont think anything I’ve ordered in the last year has arrived on time,1235524,,1235528.0
1235524,AmazonHelp,False,2017-10-25 18:43:00+00:00,"@409794 I'm terribly sorry about this, Chris! What was the delivery date for you order? Check here:https://t.co/aaDyEz1VgE! ^SA","1235525,1235526,1235527",1235528.0,1235528.0
1235525,409794,True,2017-10-25 18:45:25+00:00,@AmazonHelp It’s today... says it’s coming via Hermies but according to their tracking they haven’t even received the item yet.,,1235524.0,1235528.0
1235527,409794,True,2017-10-25 21:31:03+00:00,@AmazonHelp It now saying expect delivery changed to Nov 4th. This is totally unacceptable as I needed it today and pay for prime for this reason 1/2,,1235524.0,1235528.0
1235526,409794,True,2017-10-25 21:33:22+00:00,@AmazonHelp I will now have to go to Argos and buy one tomorrow as I can’t risk any more delay. Product will therefore be returned straight back. 2/2,1235529,1235524.0,1235528.0
1235529,AmazonHelp,False,2017-10-25 22:03:33+00:00,"@409794 We'd like to go over your optios with you, please contact 
 us here: https://t.co/JzP7hlA23B ^LA",,1235526.0,1235528.0
1240495,410967,True,2017-11-13 07:28:29+00:00,"@115850 poor product quality. No return, Almost 50 calls no solution, worst customer care service",1240494,,1240495.0
1240494,AmazonHelp,False,2017-11-13 07:34:27+00:00,"@410967 Apologies for the inconvenience, I'd like to help you with this. Kindly drop in your details here: https://t.co/GIJyeYqKE0 and I'll get in touch with you soon. ^AH",,1240495.0,1240495.0
1241740,411282,True,2017-10-25 22:06:16+00:00,So how about it @AmazonHelp how is my order going to arrive Friday when it hasn't shipped yet? https://t.co/vmp2LuVGMy,1241739,,1241740.0
1241739,AmazonHelp,False,2017-10-25 22:42:34+00:00,@411282 It isn't unusual for orders to be shipped closer to the delivery date. Please keep us posted. ^TN,,1241740.0,1241740.0
1243790,411802,True,2017-10-25 23:14:51+00:00,@115821 one question. If i buy Amazon Fire HD Tablet with Special Offers I can in the future pay 10 more GBP to remove ads? #Amazon #FireHD,1243788,,1243790.0
1243788,AmazonHelp,False,2017-10-25 23:38:20+00:00,@411802 You'll have the option to remove Special Offers for a 10GBP fee whenever you'd like! More info here: https://t.co/muPVkgX9JY ^WT,1243789,1243790.0,1243790.0
1243789,411802,True,2017-10-26 00:24:13+00:00,@AmazonHelp Thank you for your answer ;),,1243788.0,1243790.0
1244409,411938,True,2017-10-25 23:13:01+00:00,You know I ♥️ @13772 but it's a bit steep being charged £89.97 for his new album! @115830 refund please? https://t.co/pWmnsilTMT,1244408,,1244409.0
1244408,AmazonHelp,False,2017-10-25 23:50:00+00:00,@411938 Yikes! Please reach out directly to us here: https://t.co/JzP7hlA23B so that we can take a closer look at your account. ^TN,,1244409.0,1244409.0
1245868,412274,True,2017-10-16 02:43:28+00:00,@AmazonHelp @123967 Why do you even bother giving tracking information for Sunday deliveries if it is not even going to be delivered then?,1245867,,1245868.0
1245867,AmazonHelp,False,2017-10-16 03:03:00+00:00,@412274 I'm sorry for this wait. Please submit feedback and have us look into options here: https://t.co/hApLpMlfHN ^DO,,1245868.0,1245868.0
1245906,412280,True,2017-10-26 00:35:40+00:00,@amazonhelp Is this an acceptable contact for https://t.co/OY3U27tlDl orders? Need some quick help,1245905,,1245906.0
1245905,AmazonHelp,False,2017-10-26 00:42:36+00:00,"@412280 Hi, we're happy to answer general questions. What do you need help with? ^YM",,1245906.0,1245906.0
1247288,412641,True,2017-10-26 01:18:26+00:00,"@AmazonHelp i have amazon charges on my bank account ... but no open orders

 SEATTLE WA 00000101 39CXXFBRN05K",1247287,,1247288.0
1247287,AmazonHelp,False,2017-10-26 01:24:25+00:00,"@412641 I'm sorry to hear about the charge, John! We'd like to help. When you have the time, contact us here: https://t.co/hApLpMlfHN ^HC",,1247288.0,1247288.0
1248288,412873,True,2017-10-26 01:46:18+00:00,"Also, @115821 sent me the wrong graphics card when I ordered a $800 one so that was cool",1248287,,1248288.0
1248287,AmazonHelp,False,2017-10-26 01:53:41+00:00,"@412873 I'm sorry you received the wrong item! We'd like to help. Please reach us by phone or chat, here: https://t.co/hApLpMlfHN ^EB",,1248288.0,1248288.0
1251314,160663,True,2017-10-25 12:19:04+00:00,"Diwali '17 

- 4 Mn+ 📱sold
- #1 brand on @118702 &amp; @115850
- 1 Mn+ products sold on Mi .com

RT &amp; one lucky winners get a Mi A1 :) https://t.co/uRtz68FwdV",1251313,,1251314.0
1251313,202269,True,2017-10-26 04:18:33+00:00,"@160663 @115850 Glad to be Part of the Same !
And Thanks to @115850 for Such Speedy Delivery which made Diwali'17 More Special ! https://t.co/ftLL2T3YOa",1251312,1251314.0,1251314.0
1251312,AmazonHelp,False,2017-10-26 04:36:17+00:00,@202269 You're welcome. Good to see our hardwork has come to life. #HappyShopping ^SH,,1251313.0,1251314.0
1252183,413733,True,2017-10-26 05:05:51+00:00,@AmazonHelp Hey! Ordered A Shirt Of Size S And Got A Whole Different Shirt Of Size XL. What's Going On??,1252182,,1252183.0
1252182,AmazonHelp,False,2017-10-26 05:21:35+00:00,@413733 I'm so sorry you received the wrong size! Please check your available options here: https://t.co/XjJD5gyio2. ^LH,,1252183.0,1252183.0
1253916,414132,True,2017-10-16 04:09:05+00:00,@115850 Out for delivery for the last 4 days. Called CS thrice. Any plans for actual delivery? #FlipkartbeatsAmazon https://t.co/JDIEjmFKJi,"1253915,1253917",,1253916.0
1253917,AmazonHelp,False,2017-10-16 04:36:00+00:00,@414132 That's strange. Let us check this out for you. Please drop your details here: https://t.co/fx03HMJkUD (1/2) ^VM,,1253916.0,1253916.0
1253915,AmazonHelp,False,2017-10-16 04:36:32+00:00,"@414132 so that we can get in touch with you. Please don’t provide your order details, we consider them as personal info. (2/2) ^VM",,1253916.0,1253916.0
1254206,414190,True,2017-10-26 06:21:23+00:00,Y’all someone hacked my Amazon acct and all they told me was that someone will call me within 48 hrs,1254205,,1254206.0
1254205,414190,True,2017-10-26 06:21:57+00:00,MY CARD INFO AND ADDRESS WAS ON MY ACCOUNT,1254204,1254206.0,1254206.0
1254204,414190,True,2017-10-26 06:24:52+00:00,@AmazonHelp can y’all just delete the account or ??,1254203,1254205.0,1254206.0
1254203,AmazonHelp,False,2017-10-26 06:32:29+00:00,@414190 Have you checked your spam folders for any emails from an Account Specialist? ^KM,,1254204.0,1254206.0
1258268,414840,True,2017-10-16 04:34:42+00:00,"@AmazonHelp hi, now that Amazon Echo and the DOT are in India, when can we expect the Alexa app in playstore ?",1258267,,1258268.0
1258267,AmazonHelp,False,2017-10-16 05:02:00+00:00,@414840 The Alexa app will be available in the App Store / Play Store when the devices start shipping in the week of Oct 30. ^AP,,1258268.0,1258268.0
1258534,414891,True,2017-10-26 08:40:38+00:00,"Hey @AmazonHelp woran liegt es eigentlich, dass ich nur noch Bestellungen über Kreditkarte machen kann?",1258532,,1258534.0
1258532,AmazonHelp,False,2017-10-26 08:42:29+00:00,@414891 Schau dir dazu bitte mal diesen Link an: https://t.co/opwgMyB1qG Liebe Grüße ^MF,1258533,1258534.0,1258534.0
1258533,414891,True,2017-10-26 08:45:48+00:00,@AmazonHelp Also kann ich irgendwann wieder mit Bankeinzug zahlen oder muss ich mir jetzt extra eine Kreditkarte anlegen um nicht mehr prepaid zuzahlen?,1258535,1258532.0,1258534.0
1258535,AmazonHelp,False,2017-10-26 08:50:00+00:00,"@414891 Jede getätigte Bestellung wird separat geprüft. Es ist durchaus möglich, dass deine Bankverbindung wieder akzeptiert wird. ^DW",1258536,1258533.0,1258534.0
1258536,414891,True,2017-10-26 10:01:19+00:00,@AmazonHelp Alles klar danke :),1258537,1258535.0,1258534.0
1258537,AmazonHelp,False,2017-10-26 10:10:00+00:00,@414891 Gerne! ^DW,,1258536.0,1258534.0
1259313,415052,True,2017-10-26 09:04:22+00:00,@12223  @120533 RIEN dans ma boite aux lettres 😭😭 https://t.co/L5pA9REOYF,1259311,,1259313.0
1259311,AmazonHelp,False,2017-10-26 09:12:27+00:00,"@415052 Bonjour, je suis sincèrement navrée d'apprendre cela. L'avez-vous signalé à notre SAV s'il vous plaît? ^SA",1259312,1259313.0,1259313.0
1259312,415052,True,2017-10-26 09:58:54+00:00,@AmazonHelp Je n'y arrive pas car c'est noté livré....,1259314,1259311.0,1259313.0
1259314,AmazonHelp,False,2017-10-26 10:18:30+00:00,@415052 Avez-vous vérifié si votre colis a été déposé dans la boîte aux lettres de l'un de vos voisins ?^AR,1259315,1259312.0,1259313.0
1259315,415052,True,2017-10-26 15:20:40+00:00,"@AmazonHelp C'etait le cas, je viens de remarquer, livreurs pourris 😱 merciii je vais pvr commencer la lecture @12223","1259316,1259317,1259318",1259314.0,1259313.0
1259318,AmazonHelp,False,2017-10-26 15:39:00+00:00,@415052 1/3 C'est noté ^^ Nous vous réitérons nos excuses quant à la gêne occasionnée.,,1259315.0,1259313.0
1259317,AmazonHelp,False,2017-10-26 15:39:47+00:00,@415052 2/3 et prendrons soin de remonter la situation au service en charge afin d'éviter que cela se reproduise.,,1259315.0,1259313.0
1259316,AmazonHelp,False,2017-10-26 15:40:28+00:00,@415052 3/3 Bonne fin de journée et bonne lecture surtout :) ^SA,,1259315.0,1259313.0
1260837,383566,True,2017-10-26 10:11:57+00:00,@115851 please monitor @115850. Its only getting people into problems. No proper support. Utter bullshit !,1260835,,1260837.0
1260835,AmazonHelp,False,2017-10-26 10:18:30+00:00,"@383566 If you have shared your details with us, you can spot our response here: https://t.co/DTSNmGldJf. Do keep us posted. ^CB",1260836,1260837.0,1260837.0
1260836,383566,True,2017-10-26 10:26:45+00:00,"@AmazonHelp Now that the details have been given, can you please look into the matter and solve it.",1260838,1260835.0,1260837.0
1260838,AmazonHelp,False,2017-10-26 10:40:26+00:00,"@383566 I'm sorry for the trouble. We've email you, please check and reply to the same. ^AR",1260839,1260836.0,1260837.0
1260839,383566,True,2017-10-26 11:06:34+00:00,@AmazonHelp No such email received !,1260840,1260838.0,1260837.0
1260840,AmazonHelp,False,2017-10-26 11:17:00+00:00,@383566 Kindly check for emails from social media team on your registered email address. ^AP,1260841,1260839.0,1260837.0
1260841,383566,True,2017-10-26 12:50:43+00:00,@AmazonHelp No such social media emails received from your end,1260842,1260840.0,1260837.0
1260842,AmazonHelp,False,2017-10-26 12:58:39+00:00,@383566 I request you to check our correspondence here: https://t.co/8DAc10S7ww. Please reply to the email for any assistance. ^BS,1260843,1260841.0,1260837.0
1260843,383566,True,2017-10-26 14:54:24+00:00,@AmazonHelp Still NO use. I guess Consumer Court is only option left with me. Thanx for involving your time and wasting mine !,1260844,1260842.0,1260837.0
1260844,AmazonHelp,False,2017-10-26 15:10:26+00:00,@383566 We're working on your write back to us. Appreciate your patience. ^YP,1260845,1260843.0,1260837.0
1260845,383566,True,2017-10-28 00:39:20+00:00,@AmazonHelp Social media escalation team have raised their hands. Is this what we can expect from such a giant of e-commerce ? @115850,1260846,1260844.0,1260837.0
1260846,AmazonHelp,False,2017-10-28 00:43:00+00:00,@383566 Could you please check if you've received a reply to your email from us? ^NR,1260847,1260845.0,1260837.0
1260847,383566,True,2017-10-28 01:52:55+00:00,@AmazonHelp Could you please read my tweets properly ? I do have received emails from you which now declines of such order id / or such user !,1260848,1260846.0,1260837.0
1260848,AmazonHelp,False,2017-10-28 01:57:30+00:00,@383566 Could you please re-check if you've written to us from your registered account? ^NR,1260849,1260847.0,1260837.0
1260849,383566,True,2017-10-28 01:58:27+00:00,@AmazonHelp Yes I do have. You need a serious check on your database,1260850,1260848.0,1260837.0
1260850,AmazonHelp,False,2017-10-28 02:03:50+00:00,"@383566 Thank you for replying, Himesh. Be assured, once we receive your revert, we'll check your concern and assist. ^SV",1260851,1260849.0,1260837.0
1260851,383566,True,2017-10-29 02:39:25+00:00,@AmazonHelp How many times should I revert back and fill in those forms. May be now consumer court can help ! You are running a SCAM,1260852,1260850.0,1260837.0
1260852,AmazonHelp,False,2017-10-29 03:09:29+00:00,"@383566 Sorry for the trouble, please fill your details here: https://t.co/GIJyeYqKE0 from which the order was placed. ^PS",1260853,1260851.0,1260837.0
1260853,383566,True,2017-11-03 12:27:45+00:00,@AmazonHelp How much more days to return my product @115850 ? Can you deliver it to proper address now !,1260854,1260852.0,1260837.0
1260854,AmazonHelp,False,2017-11-03 12:47:00+00:00,@383566 Kindly confirm if you've shared the asked details via the above link? ^SG,1260855,1260853.0,1260837.0
1260855,383566,True,2017-11-03 12:50:29+00:00,@AmazonHelp Yes ! I did the needful. Now its upto you,1260856,1260854.0,1260837.0
1260856,AmazonHelp,False,2017-11-03 12:53:00+00:00,"@383566 Thanks for the confirmation, Himesh. Our team will check and get back to you with an update soon. Request you to wait. ^NK",1260857,1260855.0,1260837.0
1260857,383566,True,2017-11-06 09:32:59+00:00,@AmazonHelp @115850 are you guys sleeping ? I still haven’t received any response on the blunder which u made by delivering product to wrong address,"1260858,1260859",1260856.0,1260837.0
1260858,AmazonHelp,False,2017-11-06 10:18:28+00:00,@383566 That's strange! Please check for our correspondence here https://t.co/NTkrxpsbHJ. Keep us posted. ^AM,,1260857.0,1260837.0
1260859,383566,True,2017-11-06 11:00:22+00:00,@AmazonHelp @115850 Utter nuisance ! @115821.in u delivered single product to 3 different address. How the hell on earth is this possible. Beggars !,"1260860,1260861",1260857.0,1260837.0
1260861,AmazonHelp,False,2017-11-06 11:32:23+00:00,@383566 I'm sorry for the unpleasant experience with regard to order delivery.  1/2 ^MJ,,1260859.0,1260837.0
1260860,AmazonHelp,False,2017-11-06 11:32:52+00:00,@383566 Reply to our correspondence sent to your registered email account &amp; we'll get back to you with updates. 2/2^MJ,1260862,1260859.0,1260837.0
1260862,383566,True,2017-11-08 01:25:03+00:00,@AmazonHelp @115821.in @99545 can you both plz co-ordinate well ? Can we still trust @115850 for online transactions ?,1260863,1260860.0,1260837.0
1260863,AmazonHelp,False,2017-11-08 01:28:57+00:00,"@383566 I get your concern, Himesh. Please reply to the email sent by us. We'll check your details and assist you. ^SV",1260864,1260862.0,1260837.0
1260864,383566,True,2017-11-08 12:52:14+00:00,@AmazonHelp Which email are you guys talking about ? Is this the only kind of reply you people know to type ? @115850 if you can’t resolve your problems here then close your Twitter account,"1260865,1260866",1260863.0,1260837.0
1260866,AmazonHelp,False,2017-11-08 13:18:48+00:00,"@383566 As you've shared your details using the secured link, we have checked and sent an email to your registered email. 1/2  ^RI",,1260864.0,1260837.0
1260865,AmazonHelp,False,2017-11-08 13:19:28+00:00,@383566 Kindly check it from the link shared here: https://t.co/NTkrxpsbHJ and reply to the same email for further assistance. 2/2 ^RI,1260867,1260864.0,1260837.0
1260867,383566,True,2017-11-09 02:20:16+00:00,@AmazonHelp @115850 u delivered single product to 3 different addresses. How on earth is this possible. Every time I have a word with your team they tell me some different address. Wouldn’t be glad to hear 4th address. Wake up @115851,1260868,1260865.0,1260837.0
1260868,AmazonHelp,False,2017-11-09 02:23:00+00:00,"@383566 Apologies for the experience, Himesh. Please reply to the email we've sent. We'll check your details and assist further. ^SV",,1260867.0,1260837.0
1260883,387116,True,2017-10-26 10:12:39+00:00,"@UPSHelp Jetzt wundert mich nicht mehr, warum der werte Bote nicht bei mir klingeln wollte. So ein Paket hätte ich bei mir auch nicht abgeben wollen!!! Wie wird denn hier mit fremdem Eigentum umgegangen? @AmazonHelp Was meint ihr dazu? Das geht letztlich an euch zurück! https://t.co/HlQ1P9t4tM",1260882,,1260883.0
1260882,AmazonHelp,False,2017-10-26 10:17:00+00:00,@387116 Hi! Das sollte natürlich nicht so sein. Du kannst die Lieferung jederzeit hier reklamieren: https://t.co/ohyvGrpvrY Liebe Grüße ^TA,,1260883.0,1260883.0
1263958,AmazonHelp,False,2017-10-26 11:18:33+00:00,@415653 You can contact us directly by phone or chat by clicking the link here:  https://t.co/JzP7hlA23B ^EM,1263957,,1263958.0
1263957,415653,True,2017-10-26 11:42:57+00:00,@AmazonHelp I've already done that they told me my account will be suspended within 30 days unless I improve my seller metrics,1263956,1263958.0,1263958.0
1263956,AmazonHelp,False,2017-10-26 11:54:01+00:00,"@415653 I am sorry for the trouble, Lee. We don't have access to your account here on Twitter. Seller support will be the best help. ^NC",,1263957.0,1263958.0
1263987,220246,True,2017-10-26 11:39:15+00:00,"@AmazonHelp Unable to return my item which is not working &amp; is of no use for me &amp; I don't need any replacement ,kindly return and refund it. https://t.co/n8qMbyTRiW",1263985,,1263987.0
1263985,AmazonHelp,False,2017-10-26 11:48:37+00:00,@220246 We only have a replacement option on electronic consumer goods. A refund on return will not be an option here. ^CB,1263986,1263987.0,1263987.0
1263986,220246,True,2017-10-26 11:57:28+00:00,"@AmazonHelp Replacement simply doesn't make any sense since the purpose is not fulfilled &amp; other item got refunded easily which was usb cable, help pls😕",1263988,1263985.0,1263987.0
1263988,AmazonHelp,False,2017-10-26 12:20:00+00:00,@220246 Our policy for electronics allows us to provide only a replacement. More details here : https://t.co/r4H2acsZwZ ^PR,,1263986.0,1263987.0
1264612,416121,True,2017-10-16 05:27:01+00:00,amazonもう許さねえからな～？,1264611,,1264612.0
1264611,AmazonHelp,False,2017-10-16 05:33:00+00:00,@416121 tweetを拝見いたしました。ご注文がキャンセルとなった場合は、理由をＥメールにてお知らせしておりますので、恐れ入りますが、ご確認ください。Ｅメールが何らかの理由で届いていない場合には、アカウントサービスのメッセージセンターをご覧ください。ET,,1264612.0,1264612.0
1267546,416796,True,2017-10-16 06:21:49+00:00,アマゾン全然届かねえんだけど,1267544,,1267546.0
1267544,AmazonHelp,False,2017-10-16 06:26:00+00:00,@416796 失礼いたします、Amazonです。お届け予定日を過ぎても商品が届かない状況でございますか？ RI,1267545,1267546.0,1267546.0
1267545,416796,True,2017-10-16 06:35:21+00:00,@AmazonHelp あ、きました☺️,1267547,1267544.0,1267546.0
1267547,AmazonHelp,False,2017-10-16 06:44:00+00:00,"@416796 さようでございましたか。このたびはお届けまでお待たせし、ご不便をおかけしました。
今後もお気づきの点、ご不明な点などがございましたらご遠慮なくお知らせください。　MH",,1267545.0,1267546.0
1267585,416802,True,2017-10-26 13:21:48+00:00,"@116928 pésimo servicio, nunca más. Desde el día 6 esperando, quedan de llamarme para anular el pedido y nada. #Verguenza",1267583,,1267585.0
1267583,AmazonHelp,False,2017-10-26 13:25:00+00:00,"@416802 Hola Lobelle, lamento las molestias. ¿Podrías comentarnos un poco más sobre lo sucedido? ¿Deseas cancelar uno de tus pedidos? ^LG",1267584,1267585.0,1267585.0
1267584,416802,True,2017-10-26 13:27:17+00:00,"@AmazonHelp Hice un pedido, a día de hoy no ha llegado, dos llamadas y nada, quiero cancelarlo y no quiero saber nada más, 1 mes esperando. Muy mal",1267586,1267583.0,1267585.0
1267586,AmazonHelp,False,2017-10-26 13:38:30+00:00,"@416802 Hola Lobelle, lamento las molestias ocasionadas. Puedes contactar con Servicio al Cliente para solicitar la cancelación. ^KS",1267587,1267584.0,1267585.0
1267587,416802,True,2017-10-26 14:20:06+00:00,@AmazonHelp Ya he contactado dos veces,1267588,1267586.0,1267585.0
1267588,AmazonHelp,False,2017-10-26 14:27:01+00:00,"@416802 Por este medio no contamos con acceso a tu cuenta, por lo que es necesario contactar directamente a Soporte al Cliente. ^DA",,1267587.0,1267585.0
1270237,417383,True,2017-10-26 14:06:09+00:00,"@AmazonHelp 
Sir, what happened to Ur promise ??
Still i hv not received my cashback .

Plz respond and take necessary action ASAP https://t.co/5zYUI4PunH",1270235,,1270237.0
1270235,AmazonHelp,False,2017-10-26 14:17:33+00:00,"@417383 We'd like to check this. Please help us with more information, here: https://t.co/vlvfJr4nN9 and we'll get back. ^YP",1270236,1270237.0,1270237.0
1270236,417383,True,2017-10-27 02:13:35+00:00,@AmazonHelp Can u please update about my cashback ???,1270238,1270235.0,1270237.0
1270238,AmazonHelp,False,2017-10-27 02:24:00+00:00,"@417383 I get your concern, Manjeet. Please reach us from the link provided. We'll check and assist you further. ^SV",,1270236.0,1270237.0
1274819,418411,True,2017-10-16 07:25:30+00:00,@115850 Kudos to you! Cancelled my order twice. After waiting for 14+ days I am left with exactly Nothing 🙏 #HopelessAmazon,"1274818,1274820",,1274819.0
1274818,AmazonHelp,False,2017-10-16 07:35:00+00:00,@418411 We're sorry the order has been canceled. A correspondence has been sent to your registered email id. Please check the same. ^ZH,,1274819.0,1274819.0
1274820,418411,True,2017-10-17 23:29:52+00:00,@115850 @115850  you never sent me the email.,1788944,1274819.0,1274819.0
1788944,AmazonHelp,False,2017-10-17 23:59:01+00:00,@418411 That's odd. Apologies for the miss. We'd like to check this. Please report this to our team here: https://t.co/TdDksLo6Mf. ^HD,,1274820.0,1274819.0
1276261,385677,True,2017-10-26 14:55:52+00:00,@115830 hey I'm due a package tomorrow that I paid next day delivery for and my tracking status is still awaiting dispatch! Help?,1276260,,1276261.0
1276260,AmazonHelp,False,2017-10-26 15:51:34+00:00,"@385677 Hi! We still expect the item to arrive on time. If you don't receive it by tomorrow at 21:00, Please let us know. ^CM",,1276261.0,1276261.0
1281414,419811,True,2017-10-26 17:08:01+00:00,@123813 ¿Hay algún catálogo de los canales a los que se tendría acceso?,"1281413,1281415",,1281414.0
1281415,AmazonHelp,False,2017-10-26 17:15:35+00:00,@419811 Hola Hector. Puedes ir a https://t.co/RSOkHQPKNr y hacer click en ''Go to https://t.co/nUUp5MLhYl to watch'' (1/2),,1281414.0,1281414.0
1281413,AmazonHelp,False,2017-10-26 17:16:00+00:00,"@419811 en la página inicial, así podrás ver el contenido disponible. (2/2) ^HC",,1281414.0,1281414.0
1286430,420885,True,2017-10-26 18:26:00+00:00,Now waiting on the already 1 week late @115830 order to arrive ... was promised Thursday .... #notarrived #needforsaturday,1286428,,1286430.0
1286428,AmazonHelp,False,2017-10-26 18:47:00+00:00,@420885 Oh no! What's the latest tracking update here: https://t.co/aaDyEz1VgE? Can you confirm who the carrier is? ^SG,1286429,1286430.0,1286430.0
1286429,420885,True,2017-10-26 22:49:29+00:00,@AmazonHelp There isn't a tracking number was due by 20th when I contacted the seller they said Thursday but it's still not here 🙁,1286431,1286428.0,1286430.0
1286431,AmazonHelp,False,2017-10-26 23:08:00+00:00,"@420885 Have you had the chance to reach out to the third-party seller again? If so, what options and insight did they provide? ^GM",1286432,1286429.0,1286430.0
1286432,420885,True,2017-10-27 05:07:16+00:00,@AmazonHelp Nothing their reply just said Thursday I emailed again last night; waiting on a reply,1286433,1286431.0,1286430.0
1286433,AmazonHelp,False,2017-10-27 05:09:28+00:00,@420885 Sorry about the delay with the order. They should reply within 24 hours. Please keep us posted. ^AT,,1286432.0,1286430.0
1291986,422140,True,2017-11-25 20:04:42+00:00,"Respekt, @AmazonHelp. Erste Bestellung mit #SameDay, extra den Abend zuhause verbracht und wofür? Damit ich um 21:00 Uhr vom Support erfahre, dass die Lieferung heute überhaupt nicht raus ging. Peinlich! https://t.co/XhZAy0jkqR",1291984,,1291986.0
1291984,AmazonHelp,False,2017-11-25 20:40:00+00:00,"@422140 Tut mir leid, wenn dies nicht geklappt hat. Wie bist du mit den Kollegen jetzt verblieben? Gruß ^JS",1291985,1291986.0,1291986.0
1291985,422140,True,2017-11-25 20:41:44+00:00,"@AmazonHelp Naja, jetzt wird er irgendwann nächste Woche eintreffen, lt. App erst am Dienstag. Ob ich den Artikel dann wirklich annehmen kann, ist fraglich. Eine alternative Lieferanschrift kann man jetzt leider nicht mehr eintragen.",1291987,1291984.0,1291986.0
1291987,AmazonHelp,False,2017-11-25 21:00:18+00:00,"@422140 Ärgerlich - wir geben dein Feedback zur gemachten Erfahrung gerne zusätzlich weiter. Hoffe, dass du dir von der fehlenden Ware nicht das Wochenende vermiesen lässt. ^MI",1291988,1291985.0,1291986.0
1291988,422140,True,2017-11-25 21:02:14+00:00,"@AmazonHelp Ach, das stört mich jetzt nicht. Nur, dass ich den Artikel erst Donnerstag erhalte, das ärgert mich. 
Wie gesagt, es war die erste Lieferung direkt durch Amazon Logistics. Ich war der Meinung, dass, wenn der Versand durch Amazon gesteuert wird, solche Probleme nicht entstehen.",,1291987.0,1291986.0
1293022,318914,True,2017-10-26 19:49:05+00:00,"Still haven't heard back from @115821 about stealing my image. Oh, and they PHOTOSHOPPED their product into the image. 👍🏻 https://t.co/9rhswB62qT",1293021,,1293022.0
1293021,422377,True,2017-10-26 19:52:40+00:00,@318914 @115821 Did you message “Tatay” looks like they are the company not amazon itself!,1293009,1293022.0,1293022.0
1293009,318914,True,2017-10-26 19:56:37+00:00,"@422377 @115821 It says dispatched &amp; shipped by amazon, Tatay is just the brand. Also can’t find anywhere to contact Tatay 🤷🏻‍♀️",1293007,1293021.0,1293022.0
1293007,AmazonHelp,False,2017-10-26 21:13:00+00:00,"@318914 We want to help, Claudia! When you contacted us previously about this, what options were you given? ^SG",1293008,1293009.0,1293022.0
1293008,318914,True,2017-10-26 21:14:27+00:00,"@AmazonHelp None, told to wait and I’d hear back but everyone responding was giving me the runaround and not actually helping.",1293010,1293007.0,1293022.0
1293010,AmazonHelp,False,2017-10-26 21:44:08+00:00,@318914 I'm sorry for the frustration! Please provide us with your information here: https://t.co/HurbY6CnNZ ^AC,"1293011,1293012",1293008.0,1293022.0
1293012,318914,True,2017-10-27 07:00:24+00:00,"@AmazonHelp I have, was ignored. Nothing came of it. Shocking treatment.",1293013,1293010.0,1293022.0
1293011,318914,True,2017-10-27 07:01:09+00:00,"@AmazonHelp I have CLEAR proof the image was mine, but no one will listen to me",,1293010.0,1293022.0
1293013,AmazonHelp,False,2017-10-27 07:04:40+00:00,"@318914 Hi Claudia, have you received any correspondence? ^AT",1293014,1293012.0,1293022.0
1293014,318914,True,2017-10-27 07:21:40+00:00,"@AmazonHelp Nope, I haven’t even had any email replies since last week",1293015,1293013.0,1293022.0
1293015,AmazonHelp,False,2017-10-27 07:33:35+00:00,@318914 When did you submit it? Have you checked your spam/junk folder? ^PK,1293016,1293014.0,1293022.0
1293016,318914,True,2017-10-27 07:35:06+00:00,"@AmazonHelp I’ve said, nothing has been received!",1293017,1293015.0,1293022.0
1293017,AmazonHelp,False,2017-10-27 07:53:00+00:00,"@318914 Apologies, please fill out this form: https://t.co/tkLCr7DNil so we can look into this further. ^JJ","1293018,1293019",1293016.0,1293022.0
1293018,318914,True,2017-10-27 07:59:12+00:00,"@AmazonHelp Done, thank you",1293020,1293017.0,1293022.0
1293020,AmazonHelp,False,2017-10-27 08:09:58+00:00,@318914 Thanks. We will reach out to you as soon as possible. ^CR,,1293018.0,1293022.0
1293019,318914,True,2017-10-29 20:11:59+00:00,"@AmazonHelp Said I would hear within 12 hours, as suspected, never heard back 💁🏻",,1293017.0,1293022.0
1296516,423036,True,2017-10-16 09:01:59+00:00,@115830 @AmazonHelp Please tell me why I ordered a shirt using Prime to get here on Friday and I still don't have it? My flats office is..,"1296515,1296517",,1296516.0
1296515,423036,True,2017-10-16 09:02:32+00:00,@115830 @AmazonHelp Manned 24/7 so don't tell me it was a missed parcel,1296514,1296516.0,1296516.0
1296514,423036,True,2017-10-16 09:03:07+00:00,@115830 @AmazonHelp I need this shirt for TODAY and it's still not here.,1296513,1296515.0,1296516.0
1296513,AmazonHelp,False,2017-10-16 09:13:28+00:00,"@423036 Hi, sorry to hear this. Please get in touch here: https://t.co/JzP7hlA23B and we'll investigate this for you. ^RL",,1296514.0,1296516.0
1296517,AmazonHelp,False,2017-10-16 09:19:28+00:00,@423036 And the delivery date was the Friday 13th?^CD,1299506,1296516.0,1296516.0
1299506,423036,True,2017-10-16 09:20:35+00:00,@AmazonHelp Yes.,,1296517.0,1296516.0
1298959,423579,True,2017-10-26 23:00:53+00:00,Elaborate costume plans w/ wardrobe change may have been stymied by incorrect packing @115821 #peqpantherpride #NotWhatIOrdered https://t.co/JrqgjGam5d,"1298957,1298960",,1298959.0
1298957,AmazonHelp,False,2017-10-26 23:08:02+00:00,"@423579 Apologies for the mishap, Kevin! We'd like to help you look into available refund/replace options https://t.co/i84cxqR6XN ^FD",1298958,1298959.0,1298959.0
1298958,423579,True,2017-10-26 23:12:38+00:00,"@AmazonHelp Already printed the return label. Unfortunately even with one day shipping, replacement shirt would only get here on Halloween.",,1298957.0,1298959.0
1298960,423579,True,2017-10-26 23:43:21+00:00,@115821 Its on its way home @115821 looks like ill need to make other arrangements #fail https://t.co/g2y8VtYfPR,1301216,1298959.0,1298959.0
1301216,AmazonHelp,False,2017-10-27 00:14:26+00:00,@423579 I'm sorry you received the wrong item! Have you reviewed refund or replacement options here: https://t.co/Y5jpI9ys9c? ^SH,1301217,1298960.0,1298959.0
1301217,423579,True,2017-10-27 00:30:22+00:00,"@AmazonHelp I returned, but can’t reorder the item because even with one day shipping it won’t be here until Halloween day which is too late",1301218,1301216.0,1298959.0
1301218,AmazonHelp,False,2017-10-27 00:33:26+00:00,@423579 I'd like to have a member from our team review any available options with you: https://t.co/hApLpM3Ejd ^WM,1301219,1301217.0,1298959.0
1301219,423579,True,2017-10-27 00:56:13+00:00,@AmazonHelp I sent the email,1301220,1301218.0,1298959.0
1301220,AmazonHelp,False,2017-10-27 01:08:04+00:00,@423579 Thank you for the update! I can confirm we've received your information and will continue to look into this further! ^LS,,1301219.0,1298959.0
1305187,424986,True,2017-10-27 01:56:47+00:00,What's the point of paying extra for same day delivery @115821 @AmazonHelp 🗣 if it isn't here by 9 pm? Run me my money back.,1305185,,1305187.0
1305185,AmazonHelp,False,2017-10-27 02:03:00+00:00,@424986 Oh no! Did we miss your guaranteed delivery date that was given in the confirmation of shipment e-mail? ^AR,1305186,1305187.0,1305187.0
1305186,424986,True,2017-10-27 02:09:44+00:00,"@AmazonHelp Yes. It was supposed to arrive by 9, and it's 10:09 pm.",1305188,1305185.0,1305187.0
1305188,AmazonHelp,False,2017-10-27 02:17:27+00:00,@424986 I'm so sorry it's late. Who was the carrier of the package? You can check here: https://t.co/Y5jpI9gRhE ^RM,1305189,1305186.0,1305187.0
1305189,424986,True,2017-10-27 02:30:15+00:00,@AmazonHelp It's AMZL US,1305190,1305188.0,1305187.0
1305190,AmazonHelp,False,2017-10-27 02:47:00+00:00,@424986 We want to help! Please send us your details here: https://t.co/cekoEhkLa6 Thanks. ^SE,,1305189.0,1305187.0
1315708,427369,True,2017-10-16 10:59:25+00:00,Lying again @AmazonHelp?? 2nd time in under a month this has happened now... Not happy at all! https://t.co/LauJNZtY6S,1315707,,1315708.0
1315707,AmazonHelp,False,2017-10-16 11:26:32+00:00,@427369 Sorry to hear that. We'll be happy to look into that for you. Please reach out to us here: https://t.co/JzP7hlA23B ^RS,,1315708.0,1315708.0
1318234,427872,True,2017-10-16 11:31:25+00:00,アルバム、Amazonでも予約してるんだけど、まだ支払いメールきてないよ？明日来るのかな…,1318233,,1318234.0
1318233,AmazonHelp,False,2017-10-16 11:35:00+00:00,@427872 コンビニ・ATM・ネットバンキング・電子マネー払いのお支払番号は、ご注文の出荷準備が開始されるタイミングで発行されます。出荷準備開始後は、注文履歴の「領収書／購入明細書」からお支払い番号を確認頂けます。発行まで今しばらくお待ちください。 EK,1318232,1318234.0,1318234.0
1318232,427872,True,2017-10-16 11:38:30+00:00,@AmazonHelp わざわざ教えていただきありがとうございます🙇,1318231,1318233.0,1318234.0
1318231,AmazonHelp,False,2017-10-16 11:40:53+00:00,@427872 恐れ入ります、どうぞよろしくお願いいたします。リプライありがとうございました。　SM,,1318232.0,1318234.0
1318304,427886,True,2017-10-27 07:53:12+00:00,@115850 Facing bad experience to return Amazon supplied faulty product. Neither picking up the product nor returning my money..,1318302,,1318304.0
1318302,AmazonHelp,False,2017-10-27 08:19:13+00:00,@427886 I'm sorry to know about the delay with the pick-up. Have you reported this to our team here: https://t.co/vlvfJr4nN9 ? ^GK,1318303,1318304.0,1318304.0
1318303,427886,True,2017-10-27 08:36:09+00:00,@AmazonHelp Three times..Everytime new pickup schedule given...Something wrong happening with Amazon..Never faced this kind of issues with Amazon..,"1318305,1318306",1318302.0,1318304.0
1318306,AmazonHelp,False,2017-10-27 08:59:00+00:00,@427886 I'm sorry for the stretch. We certainly didn't expect this to happen. Please fill this 1/2 ^SC,,1318303.0,1318304.0
1318305,AmazonHelp,False,2017-10-27 08:59:26+00:00,@427886 form: https://t.co/beaaDm0muc and I’ll contact you soon. 2/2 ^SC,,1318303.0,1318304.0
1319857,428195,True,2017-10-27 08:41:04+00:00,"@115850 please cancel the return request for the following order
 I would like to keep the product. https://t.co/wS2PgqxGsK","1319856,1319858",,1319857.0
1319856,AmazonHelp,False,2017-10-27 08:57:31+00:00,"@428195 Also, please don’t provide your order details as its personal information. Our Twitter page is visible to public. 2/2 ^RS",,1319857.0,1319857.0
1319858,AmazonHelp,False,2017-10-27 08:57:31+00:00,@428195 Please reach our support team here: https://t.co/vlvfJr4nN9 for assistance in this regard. 1/2 ^RS,,1319857.0,1319857.0
1320434,428313,True,2017-10-16 11:52:09+00:00,勝手にAmazonプライム民になってて年間費3800円をクレジット払いしたやつがいる←,"1320433,1320435",,1320434.0
1320433,AmazonHelp,False,2017-10-16 11:59:00+00:00,@428313 Amazonプライム無料体験をご利用いただいておりませんか？Amazonプライムは、無料体験お申し込みの画面、またお申し込み後に送信されるEメールにてご案内しておりますが、自動更新をオフにされていない場合、体験終了後に有料会員へと移行となります。 TN,,1320434.0,1320434.0
1320435,AmazonHelp,False,2017-10-16 11:59:31+00:00,@428313 キャンセルをご希望の場合はリンクをご参照ください。https://t.co/JrKFIybs6n 更新後に特典の利用がなければ全額返金いたします。なお、プライムでは以下のような特典をご用意しています。https://t.co/FJh7vAncqv TN,,1320434.0,1320434.0
1321688,428550,True,2017-10-27 09:04:23+00:00,This is a disgrace. I bought 8 small coat racks for @428551 this is the packaging they came in! 16 boxes! @AmazonHelp environment?! https://t.co/atfLE7gJ7l,"1321690,1321686",,1321688.0
1321686,AmazonHelp,False,2017-10-27 09:36:29+00:00,@428550 You can send on your feedback about the packaging here:  https://t.co/fxgZ6hTrFA ^CD,1321687,1321688.0,1321688.0
1321687,428550,True,2017-10-27 12:11:27+00:00,"@AmazonHelp Done that - waiting for a reply. If in the meantime you could send someone over to take away the boxes to re-use, that would be appreciated.",1321689,1321686.0,1321688.0
1321689,AmazonHelp,False,2017-10-27 12:21:38+00:00,"@428550 Hi, the packaging feedback form is for internal review and future orders. We advise to recycle the boxes locally if possible.^JJ",,1321687.0,1321688.0
1323482,206653,True,2017-10-27 10:08:42+00:00,Worst product on Amazon.its provide defective product and also worst servise.@115850 @118702 @118471 don’t buy on this Amazon❌🚫,1323481,,1323482.0
1323481,AmazonHelp,False,2017-10-27 10:28:31+00:00,"@206653 I'm sorry about the situation. We'd like to help you, kindly connect with us here: https://t.co/vlvfJr4nN9 ^SG",,1323482.0,1323482.0
1325555,429301,True,2017-10-27 11:10:23+00:00,Kudos alla gentilissima operatrice Amazon. Non al corriere che è riuscito a distruggere un pacco di roba indistruttibile. 😕,1325554,,1325555.0
1325554,AmazonHelp,False,2017-10-27 11:16:00+00:00,"@429301 Mi spiace, hai risolto col nostro Servizio Clienti? ^GA",1325553,1325555.0,1325555.0
1325553,429301,True,2017-10-27 11:23:32+00:00,"@AmazonHelp Certo, grazie all'operatrice con cui ho chattato. Avrò il rimborso nei prossimi giorni lavorativi. Grazie dell'attenzione! ☺",1325552,1325554.0,1325555.0
1325552,AmazonHelp,False,2017-10-27 11:26:00+00:00,@429301 Figurati! A presto! ^GA,,1325553.0,1325555.0
1325559,429302,True,2017-10-27 11:12:25+00:00,Ou est mon colis @120533 @AmazonHelp  num de suivi : 1zay35976826890919,1325558,,1325559.0
1325558,AmazonHelp,False,2017-10-27 11:23:05+00:00,"@429302 Bonjour, selon le suivi votre colis a été deposé en boîte aux lettres le 26 octobre 2017, je vous prie de vérifier.^FT",1325557,1325559.0,1325559.0
1325557,429302,True,2017-10-27 11:23:22+00:00,@AmazonHelp Ok merci !,1325556,1325558.0,1325559.0
1325556,AmazonHelp,False,2017-10-27 11:24:28+00:00,@429302 À votre service,,1325557.0,1325559.0
1327716,429589,True,2017-10-27 11:46:31+00:00,"@AmazonHelp Hola! hice reserva del Mario Odyssey a 52,90. Ahora veo que lo tenéis a 49,90€... me devolveréis la diferencia?",1327715,,1327716.0
1327715,AmazonHelp,False,2017-10-27 12:05:28+00:00,"@429589 Hola, por este medio no contamos con acceso a tu cuenta, por favor contacta nuestro SAC: https://t.co/OjvUxwnzPe ^AZ",1327714,1327716.0,1327716.0
1327714,429589,True,2017-10-27 12:06:31+00:00,"@AmazonHelp Gracias, ya me han atendido y solucionado el problema :)",1327713,1327715.0,1327716.0
1327713,AmazonHelp,False,2017-10-27 12:12:01+00:00,"@429589 Nos alegra saberlo Lyrebos, cualquier consulta adicional estamos a tu disposición.  
¡Que tengas lindo día! ^AZ",,1327714.0,1327716.0
1328571,429958,True,2017-10-27 12:23:08+00:00,"@115821 WORST experience. Guar. delivery, mark delivered, No show for 2 days, Ask where it is, they offer to refund, but charge me shipping? https://t.co/wU2tok9Et7",1328570,,1328571.0
1328570,AmazonHelp,False,2017-10-27 12:27:31+00:00,@429958 I'm sorry for the poor experience! We'd like to help. Please give us a call when you have a moment: https://t.co/hApLpMlfHN ^KJ,,1328571.0,1328571.0
1334319,431269,True,2017-10-27 13:50:15+00:00,@7025 sir/man i bought a trimmer form amazon and after  using some days it's not working.Please help me.,"1334318,1334320",,1334319.0
1334320,AmazonHelp,False,2017-10-27 13:53:46+00:00,"@431269 Once out of the return window, all warranty related service are provided by the manufacturer. (1/2) ^CB",,1334319.0,1334319.0
1334318,AmazonHelp,False,2017-10-27 13:54:17+00:00,@431269 You can connect with an authorized service center. (2/2) ^CB,,1334319.0,1334319.0
1340629,432691,True,2017-10-27 15:26:05+00:00,@136301 en livraison normal @115821 il est arrivé à l'heure et à rejoint ses amis. C'est partis pour une soirée très mouvementée....! https://t.co/x2sNz4NP9j,1340628,,1340629.0
1340628,AmazonHelp,False,2017-10-27 15:41:38+00:00,@432691 Cool 😁👍...Amusez-vous bien ! ^FA,,1340629.0,1340629.0
1342592,433134,True,2017-10-27 15:48:05+00:00,Amazon double charged me for a book I have yet to get 🖕🏼,1342591,,1342592.0
1342591,AmazonHelp,False,2017-10-27 16:11:36+00:00,"@433134 Hi, Madisyn! We'd love to help! Could this be an authorization you're seeing? https://t.co/DHnzSpr3Jj ^HS",,1342592.0,1342592.0
1343546,433352,True,2017-10-27 16:26:12+00:00,@116875  auxilio..! Llevo  días y no recibo mi pedido..😭,1343545,,1343546.0
1343545,AmazonHelp,False,2017-10-27 16:30:36+00:00,"@433352 Hola, lamento el atraso en la entrega, Raybet. ¿Cuál es la fecha estimada de entrega de tu pedido? ^LG",,1343546.0,1343546.0
1343586,433361,True,2017-10-27 13:35:43+00:00,"Wow, the opening of Wolfenstein II is genuinely disturbing. At the very least I need to go give my dog a hug.",1343585,,1343586.0
1343585,433360,True,2017-10-27 16:11:09+00:00,@433361 @115830  fucked up my delivery... luckily they sent my Mario copy via @126705  and not they're crappy carriers.,1343583,1343586.0,1343586.0
1343583,AmazonHelp,False,2017-10-27 16:24:00+00:00,"@433360 I'm sorry to hear this. Without posting account information, are you currently having trouble with an order? ^LI",1343584,1343585.0,1343586.0
1343584,433360,True,2017-10-27 17:55:52+00:00,@AmazonHelp It's being dealt with now. Thanks for the response.,,1343583.0,1343586.0
1347564,434255,True,2017-10-27 17:15:12+00:00,My @115821 orders STILL@havemt shipped 🙄🤷🏼‍♀️,1347562,,1347564.0
1347562,AmazonHelp,False,2017-10-27 17:29:29+00:00,"@434255 Sorry for any troubles caused, Megan. What is the estimated delivery date shown here: https://t.co/Y5jpI9gRhE ? ^TH",1347563,1347564.0,1347564.0
1347563,434255,True,2017-10-27 17:55:11+00:00,@AmazonHelp It is today through Nov 1st and the items still haven’t shipped 😐,1347565,1347562.0,1347564.0
1347565,AmazonHelp,False,2017-10-27 18:00:16+00:00,@434255 Items with a delivery date range can ship within that range. You can find out more about it here: https://t.co/vP1OKvYvPC ^AJ,,1347563.0,1347564.0
1349215,196059,True,2017-10-16 13:25:41+00:00,@115830 hmmmm? https://t.co/6wQh9tXXmP,1349214,,1349215.0
1349214,AmazonHelp,False,2017-10-16 14:06:26+00:00,@196059 That's rather odd. Please give us a ring here: https://t.co/JzP7hlA23B so we can look into this! ^TR,,1349215.0,1349215.0
1352203,435334,True,2017-10-27 17:56:01+00:00,merci @120533 de pas avoir tenu le delais de livraison.... heureusement qu'on paye pour le service......,1352202,,1352203.0
1352202,AmazonHelp,False,2017-10-27 18:01:31+00:00,"@435334 Bonsoir, je suis désolé d'apprendre cela. Quel est le transporteur qui s'occupe de la livraison de votre colis ? ^ME",1352199,1352203.0,1352203.0
1352199,435334,True,2017-10-27 18:04:34+00:00,"@AmazonHelp bonsoir. ce n'est pas spécifier sur le site, j'ai juste: colis privé , puis le numéro suivi",1352197,1352202.0,1352203.0
1352197,AmazonHelp,False,2017-10-27 18:08:41+00:00,"@435334 Avez-vous contacté notre SAV afin de leur faire part du retard?
^MD",1352198,1352199.0,1352203.0
1352198,435334,True,2017-10-27 18:10:03+00:00,"@AmazonHelp non je m'en occuperait demain matin.... je sors tout juste du boulot, et surprise, rien dans la boite au lettre ni sur le telephone ^^ bref",1352200,1352197.0,1352203.0
1352200,AmazonHelp,False,2017-10-27 18:23:01+00:00,@435334 Vous pourrez contacter notre SAV demain via le lien suivant : https://t.co/qzuu0dgDXz ^ME,1352201,1352198.0,1352203.0
1352201,435334,True,2017-10-27 18:23:29+00:00,@AmazonHelp merci bien,,1352200.0,1352203.0
1357675,436533,True,2017-10-16 14:27:49+00:00,"@115850 prime member, treated very bad. Order delayed and no service provided mobile - 9962263312 . I will have to switch to @118702","1357673,1357677",,1357675.0
1357673,AmazonHelp,False,2017-10-16 14:40:35+00:00,"@436533 Sorry about the delivery delay. We'd like to investigate this, please share your details here: https://t.co/cQVomR1pWz. ^HA",1357674,1357675.0,1357675.0
1357674,436533,True,2017-10-16 14:49:49+00:00,"@AmazonHelp You guys are fooling prime members . I have updated the details above if I don’t get my order by 9:30 PM TODAY (scheduled ) , I will cancel",1357676,1357673.0,1357675.0
1357676,AmazonHelp,False,2017-10-16 15:02:39+00:00,"@436533 If you have updated your details, our concerned team will certainly get back to you at the earliest. ^PB",,1357674.0,1357675.0
1360037,405391,True,2017-10-27 20:12:40+00:00,"@AmazonHelp Another prime fail!
I really don’t know what I pay for your absolute dire service! I wouldn’t recommend anyone to prime!
#fail https://t.co/e5x4LgAXr4",1360036,,1360037.0
1360036,AmazonHelp,False,2017-10-27 20:23:32+00:00,@405391 Terribly sorry about this! We'd like to look into this with you via phone/chat. Please reach us here: https://t.co/JzP7hlA23B ^BL,,1360037.0,1360037.0
1363168,437407,True,2017-10-27 20:48:36+00:00,@AmazonHelp Why is the app telling me my package has been received by me when I haven’t had any packages delivered today? Nothing at mailbox,1363167,,1363168.0
1363167,AmazonHelp,False,2017-10-27 20:54:00+00:00,@437407 I'm sorry you haven't received your order! Who's the carrier shown in the order details here: https://t.co/Y5jpI9gRhE? ^SB,,1363168.0,1363168.0
1363188,437411,True,2017-10-27 20:05:41+00:00,"@115830 just got an email saying there was a failed delivery attempt. Been in the whole time, waiting. No one can have tried to deliver!",1363187,,1363188.0
1363187,AmazonHelp,False,2017-10-27 20:49:00+00:00,@437411 I'm sorry for the poor delivery experience. Please contact us here: https://t.co/JzP7hlA23B so we can look into this. ^AY,,1363188.0,1363188.0
1369980,342207,True,2017-10-16 14:53:12+00:00,@117093 Hi. Is there any chance we can get our groceries delivered earlier today please? 📦,1369979,,1369980.0
1369979,AmazonHelp,False,2017-10-16 15:07:00+00:00,@342207 We'd like to look at available options with you. Please reach out to us via phone or chat here: https://t.co/hApLpMlfHN ^KP,,1369980.0,1369980.0
1371448,439229,True,2017-11-06 19:46:30+00:00,"@AmazonHelp #amazonflex It is saying my background check has not cleared, which it did. I cannot even find a contact number for help","1371444,1371450",,1371448.0
1371444,AmazonHelp,False,2017-11-06 19:55:07+00:00,@439229 We'd like to have a specialist take a look into this for you. Please provide details here: https://t.co/BQ8mTVsdDv ^TR,"1371445,1371446,1371447",1371448.0,1371448.0
1371447,439229,True,2017-11-06 19:59:49+00:00,@AmazonHelp What is the link to this conversation?,,1371444.0,1371448.0
1371446,439229,True,2017-11-06 20:10:53+00:00,@AmazonHelp I sent it,1371449,1371444.0,1371448.0
1371445,439229,True,2017-11-06 20:11:52+00:00,@AmazonHelp Please help me with this issue. I really want to start working,,1371444.0,1371448.0
1371449,AmazonHelp,False,2017-11-06 20:15:00+00:00,@439229 Thank you for that. Our team will review and see what's going on! ^TR,,1371446.0,1371448.0
1373694,202025,True,2017-10-28 00:23:39+00:00,@AmazonHelp second time in a week that a package was supposedly out for delivery and then all of a sudden it’s not coming for days. #fail,"1373692,1373696",,1373694.0
1373692,AmazonHelp,False,2017-10-28 00:34:30+00:00,"@202025 Oh no! So sorry to hear this, Alyssa. We'd like to help. Who was the carrier? You can check here: https://t.co/Y5jpI9gRhE ^BL",1373693,1373694.0,1373694.0
1373693,202025,True,2017-10-29 01:12:27+00:00,@AmazonHelp Carrier is AMZL US,1373695,1373692.0,1373694.0
1373695,AmazonHelp,False,2017-10-29 01:22:00+00:00,"@202025 Our team would like to make sure this is escalated, please send us your info via this link: https://t.co/yfcrSLyJMU ^JR",,1373693.0,1373694.0
1374081,439824,True,2017-10-28 00:48:56+00:00,Los amo @116875 me están dejando pobre pero esta semana me han hecho muy feliz además de todas las cosas que he comprado anteriormente 😍 https://t.co/WXe6OjWich,1374080,,1374081.0
1374080,AmazonHelp,False,2017-10-28 00:52:02+00:00,@439824 Nos encanta hacerte feliz. ^JD https://t.co/o8fQcHy79X,,1374081.0,1374081.0
1375705,440236,True,2017-10-28 01:44:37+00:00,"@153820 Ordered 🍕 at 5:45. Arrived 90 min later cold. Re-ordered after 20 minutes with customer service. 90 minutes later, didnt arrive",1375704,,1375705.0
1375704,440236,True,2017-10-28 01:47:15+00:00,@153820 Customer service is horrible. Im out $20 &amp; Ive only got cold cardboard pizza. Should have skipped you guys and ordered direct from them.,1375703,1375705.0,1375705.0
1375703,AmazonHelp,False,2017-10-28 01:55:17+00:00,@440236 This isn't what we like to hear! Have you contacted us about this a second time? Was any information/options provided? ^HC,,1375704.0,1375705.0
1376737,440494,True,2017-10-28 02:19:56+00:00,"Ugh, almost 7:30 and I'm still waiting for my #Wolfenstein2 to arrive. You're killing me, amazon.",1376735,,1376737.0
1376735,AmazonHelp,False,2017-10-28 02:38:40+00:00,"@440494 If you don't receive your order by 8 pm, please reach out to us so we can help: https://t.co/EKXRLsF8B2 ^AM",1376736,1376737.0,1376737.0
1376736,440494,True,2017-10-28 03:02:17+00:00,"@AmazonHelp Well, it's after 8pm. And my order status was just finally updated to... Sunday? https://t.co/nEs1GmVicz",,1376735.0,1376737.0
1378496,440905,True,2017-10-28 03:30:31+00:00,So...@115821 did our delivery driver just take our food home with him?! https://t.co/oVqWTrCnRn,1378495,,1378496.0
1378495,AmazonHelp,False,2017-10-28 03:49:00+00:00,@440905 I'm sorry your order hasn't arrived. We'd like to take a closer look. Please reach us here: https://t.co/KxxIq3SdjU ^LR,,1378496.0,1378496.0
1379336,441122,True,2017-10-16 15:15:27+00:00,"Pathetic delivery service and  Terrible experience.
#AmazonIndia

They aren't able to deliver products on the estimate delivery day.",1379335,,1379336.0
1379335,AmazonHelp,False,2017-10-16 15:37:00+00:00,"@441122 I'm so sorry, Vinay. We'd like to help, please share your details here: https://t.co/GIJyeYqKE0. ^MP",,1379336.0,1379336.0
1379875,441227,True,2017-10-28 04:31:48+00:00,"@118919 
Refund cheating ....",1379873,,1379875.0
1379873,AmazonHelp,False,2017-10-28 04:57:53+00:00,"@441227 I'm sorry to see you upset with us, could to tell us more about the problem you have regarding refunds?  ^MJ",1379874,1379875.0,1379875.0
1379874,441227,True,2017-10-31 06:24:44+00:00,@AmazonHelp I did not expect this from Amazon.,1379876,1379873.0,1379875.0
1379876,AmazonHelp,False,2017-10-31 06:29:28+00:00,@441227 Looks like you had an unpleasant experience with us. Kindly elaborate and we'll look into this. ^GK,,1379874.0,1379875.0
1380647,359083,True,2017-11-06 22:51:36+00:00,Not impressed that I've managed to buy the same book twice on my @117634 - wondered why it felt familiar... New cover doesn't = new £,1380646,,1380647.0
1380646,AmazonHelp,False,2017-11-06 22:58:33+00:00,@359083 I'm sorry to hear this! Was there anything else different? Check here to cancel the recent order: https://t.co/vxMsvR6rcl ^BH,1380644,1380647.0,1380647.0
1380644,359083,True,2017-11-06 23:08:09+00:00,@AmazonHelp Nothing else at all... Annoyingly I purchased it more than 14 days ago so can't get a refund. Won't even bring option up on managing content,1380642,1380646.0,1380647.0
1380642,AmazonHelp,False,2017-11-06 23:35:00+00:00,"@359083 We'd like to look into this. If you have a moment, please contact us directly by phone or chat here: https://t.co/hApLpMlfHN.^LH",1380643,1380644.0,1380647.0
1380643,359083,True,2017-11-07 06:30:28+00:00,@AmazonHelp Will do - thank you,1380645,1380642.0,1380647.0
1380645,AmazonHelp,False,2017-11-07 06:33:00+00:00,@359083 Thanks- You're welcome. ^NV,,1380643.0,1380647.0
1381161,441475,True,2017-09-29 07:15:09+00:00,@AmazonHelp pathetic lousy service from @115850 theycant offer replacement for anorder whichthey lost themselveswhile in transit @118702 https://t.co/n3catAOBcN,1381160,,1381161.0
1381160,441475,True,2017-09-29 10:57:49+00:00,@AmazonHelp @115850 @118702 Already provided thrice emailed amazon chatted with ur customer rep spoke on the phone but no use @115850,1381159,1381161.0,1381161.0
1381159,441475,True,2017-10-01 00:25:06+00:00,@AmazonHelp @115850 @118702 Still no resolution to my problem neither received the phone nor refund @115850 @AmazonHelp,1381158,1381160.0,1381161.0
1381158,AmazonHelp,False,2017-10-01 00:38:00+00:00,@441475 We're working on your issue and we'll reach out to you once we receive an update from our team. Appreciate your patience. ^SQ,1381157,1381159.0,1381161.0
1381157,441475,True,2017-10-01 13:00:14+00:00,@AmazonHelp Did u receive reply from ur team..still no refund niether d phone @115850 card blocked for 27k and Mila Kya kuch nahi #cheateramazon,1381156,1381158.0,1381161.0
1381156,441475,True,2017-10-01 14:03:25+00:00,@AmazonHelp @115850 But when will I receive the update???,1381155,1381157.0,1381161.0
1381155,441475,True,2017-10-02 09:07:02+00:00,@AmazonHelp @115850 Still no reply niether refund ??? @115850 @AmazonHelp,1381154,1381156.0,1381161.0
1381154,AmazonHelp,False,2017-10-02 09:49:30+00:00,@441475 Please reply to the email sent by our team for latest updates on your refund. ^VM,1381153,1381155.0,1381161.0
1381153,441475,True,2017-10-02 11:18:31+00:00,@AmazonHelp Not received the email nothing @115850,1381152,1381154.0,1381161.0
1381152,441475,True,2017-10-02 12:11:53+00:00,@AmazonHelp @115850 Can't ul understand I haven't received any mail since 30 September ..I want to know regarding the refund please send the email asap,1381150,1381153.0,1381161.0
1381150,441475,True,2017-10-02 12:15:09+00:00,@AmazonHelp @115850 Last email was on 30th we are working on your problem will update you soon but till now no update via email https://t.co/DYwCMWtuc7,"1381148,1381151",1381152.0,1381161.0
1381151,441475,True,2017-10-02 15:29:02+00:00,@AmazonHelp @115850 Look here it was lost in transit so please issue refund asap whether u receive urpackage back or not @115850 patheticservice and cust care https://t.co/SQUgqc2ld7,1382380,1381150.0,1381161.0
1381148,441475,True,2017-10-02 15:29:44+00:00,@AmazonHelp @115850 For getting back my own money after @115850 screws up my order I have to do tons of tweets and emails.. shitty amazon,"1381147,1381149",1381150.0,1381161.0
1381147,441475,True,2017-10-28 05:58:13+00:00,@AmazonHelp @115850 @115850 haven't yet recieved my refund emi is getting deducted instead of me not receiving the product.. @,1381146,1381148.0,1381161.0
1381149,441475,True,2017-10-28 06:00:39+00:00,@AmazonHelp @115850 No refund recieved instead of not receiving the product.. Please look into it my emi is getting deducted..@AmazonHelp,,1381148.0,1381161.0
1382380,441475,True,2017-10-28 06:02:34+00:00,@AmazonHelp @115850 @AmazonHelp @115850 emi getting deducted inspite of order getting cancel.. Please look into it @115850 promiused a refund by 9th Oct,,1381151.0,1381161.0
1381146,AmazonHelp,False,2017-10-28 06:06:54+00:00,@441475 I'm sorry about the delay regarding the refund. You may connect with us here: https://t.co/vlvfJr4nN9. We’ll look into it. ^SB,,1381147.0,1381161.0
1382687,441794,True,2017-10-28 07:18:28+00:00,"@amazonhelp @119356 never buy mob from Amazon.i purchs mi4  it was defective bt amzn not ready to take back.
Order no 402-0115098-9043550","1382686,1382688",,1382687.0
1382686,AmazonHelp,False,2017-10-28 07:29:00+00:00,"@441794 Please don't provide your order details, we consider it to be personal info. Our page is visible to the public. 2/2^VH",,1382687.0,1382687.0
1382688,AmazonHelp,False,2017-10-28 07:29:00+00:00,"@441794 Sorry for the trouble, kindly share your details here: https://t.co/beaaDm0muc and I’ll contact you soon 1/2^VH",,1382687.0,1382687.0
1384044,366642,True,2017-10-19 09:28:02+00:00,"@115830 ""If your battery is damaged/defective...do not return it to Amazon"" goes against advice I'm being given in chat. What to do?",1384041,,1384044.0
1384041,AmazonHelp,False,2017-10-19 09:44:54+00:00,@366642 This does not sound right Tony. Can you provide a link to the item in question? Is the item sold via a seller or Amazon? ^TP,"1384042,1384043",1384044.0,1384044.0
1384043,366642,True,2017-10-19 09:48:58+00:00,@AmazonHelp Thanks for a quick reply https://t.co/NoTmUYlnGm,,1384041.0,1384044.0
1384042,366642,True,2017-10-19 09:51:31+00:00,"@AmazonHelp Chat failed to understand, phone operator disconnected me!",1384045,1384041.0,1384044.0
1384045,AmazonHelp,False,2017-10-19 10:08:27+00:00,@366642 What return info were you provided when on chat Tony? Were you provided with a return label? ^TP,1384046,1384042.0,1384044.0
1384046,366642,True,2017-10-19 10:11:36+00:00,@AmazonHelp Can I DM you?,1384047,1384045.0,1384044.0
1384047,AmazonHelp,False,2017-10-19 10:19:30+00:00,@366642 Yes you can DM. But do not post any personal info. ^PK,,1384046.0,1384044.0
1386184,442565,True,2017-10-28 09:20:39+00:00,"@AmazonHelp 
Bad product sell by Amazon.
purchage the product 9 October and 27 October not poor working,kindly slove,next mark twit CEO",1386181,,1386184.0
1386181,AmazonHelp,False,2017-10-28 09:39:29+00:00,"@442565 I'm sorry for the hassle, please report to our support team here: https://t.co/rS49hgaADF so that we can assist you accordingly ^SC","1386182,1386183",1386184.0,1386184.0
1386183,442565,True,2017-10-28 11:36:48+00:00,"@AmazonHelp customer care are not slove my problem,order no-404-1044244-0510713
take care,and slove","1386188,1386189",1386181.0,1386184.0
1386188,AmazonHelp,False,2017-10-28 11:46:00+00:00,"@442565 Please don't provide your order details, we consider it to be personal information. Our page is visible to the public. (2/2)^MN",,1386183.0,1386184.0
1386189,AmazonHelp,False,2017-10-28 11:46:00+00:00,@442565 I’d like to help you; please fill this form: https://t.co/beaaDm0muc and I’ll contact you soon. (1/2)^MN,,1386183.0,1386184.0
1386182,442565,True,2017-10-28 11:51:58+00:00,@AmazonHelp confirm CEO TWITER ID,1386185,1386181.0,1386184.0
1386185,AmazonHelp,False,2017-10-28 11:57:33+00:00,@442565 Please confirm if you have filled the form provided earlier? We assure to get back to you right away. ^SI,1386186,1386182.0,1386184.0
1386186,442565,True,2017-10-28 11:58:35+00:00,@AmazonHelp filled the form check this,1386187,1386185.0,1386184.0
1386187,AmazonHelp,False,2017-10-28 12:14:00+00:00,@442565 Thank you for sharing your details. We'll get in touch with you at the earliest. ^VH,,1386186.0,1386184.0
1395573,444534,True,2017-10-28 14:29:01+00:00,"Do we have an estimated date for second season release @132976 @116618 ?
Looking forward to it!",1395572,,1395573.0
1395572,AmazonHelp,False,2017-10-28 14:41:29+00:00,"@444534 Hi, at the moment we do not have that information, our news are announced on our website. ^AZ",,1395573.0,1395573.0
1397247,444917,True,2017-10-28 15:27:30+00:00,@115821 why do I pay for prime if it doesn't ship in 2 days? Ordered thurs will receive tues...this happens more frequently now,1397245,,1397247.0
1397245,AmazonHelp,False,2017-10-28 15:30:54+00:00,@444917 Two-Day Shipping refers to the transit time after the item ships. Have we missed a delivery date provided at checkout? ^GR,1397246,1397247.0,1397247.0
1397246,444917,True,2017-10-28 15:32:19+00:00,@AmazonHelp It just doesn't make sense to pay for a service which used to be quick and now takes days to ship. Why pay $100 when sometimes takes a week,,1397245.0,1397247.0
1398875,445302,True,2017-10-28 16:13:56+00:00,@115821 acabo de regresar un pedido porque no llego completo por @118923 y el paquete estaba abierto y en malas condiciones,"1398876,1398874",,1398875.0
1398876,445302,True,2017-10-28 16:14:48+00:00,@115821 @118923 Lo que pedí https://t.co/LljSdtJZfo,1398877,1398875.0,1398875.0
1398874,445302,True,2017-10-28 16:15:08+00:00,@115821 @118923 Lo que venía en el paquete https://t.co/d2qeCOZDCp,1398873,1398875.0,1398875.0
1398877,AmazonHelp,False,2017-10-28 16:18:41+00:00,@445302 Lamento esta experiencia. Recuerda que puedes reportar cualquier incidente con Servicio al Cliente. ^VL,1398878,1398876.0,1398875.0
1398873,AmazonHelp,False,2017-10-28 16:19:00+00:00,"@445302 Lamento lo sucedido Lupita, ¿has entrado en contacto con nuestro Servicio al Cliente para reportar este inconveniente? ^AZ",,1398874.0,1398875.0
1398878,445302,True,2017-10-28 16:33:14+00:00,@AmazonHelp Ya hable con alguien de Amazon y me hicieron el reembolso.. solo que no lo veo reflejado la cantidad,1398879,1398877.0,1398875.0
1398879,AmazonHelp,False,2017-10-28 16:36:32+00:00,"@445302 Lupita, ¿en qué método solicitaste el reembolso? ¿Tarjeta de regalo, o al método de pago original? ^LG",1398880,1398878.0,1398875.0
1398880,445302,True,2017-10-28 16:55:32+00:00,@AmazonHelp Tarjetas de regalo de Amazon,1398881,1398879.0,1398875.0
1398881,AmazonHelp,False,2017-10-28 16:59:31+00:00,"@445302 Gracias por la información, Lupita. El reembolso puede demorar hasta 24 horas en aparecer en tu cuenta. ^LG","1398882,1398883,1398884,1398885",1398880.0,1398875.0
1398882,445302,True,2017-10-28 18:19:56+00:00,"@AmazonHelp Estaré al pendiente, gracias",,1398881.0,1398875.0
1398885,445302,True,2017-10-28 18:50:41+00:00,@AmazonHelp Gracias mil.. mi reembolso ya lo vi reflejado.. revisen porque @118923 no está haciendo bien su trabajo.. siento que sus empleados,,1398881.0,1398875.0
1398884,445302,True,2017-10-28 18:50:51+00:00,@AmazonHelp Tomaron los otros productos,,1398881.0,1398875.0
1398883,445302,True,2017-10-28 18:51:36+00:00,@AmazonHelp Debido a que la caja no traía ningún sello de seguridad.. el pedido lo demoraron y no venía en caja de Amazon,,1398881.0,1398875.0
1399362,445385,True,2017-10-28 16:36:28+00:00,@AmazonHelp Anyway of knowing if my delivery will be before 7pm? It was supposed to be here yesterday...,1399361,,1399362.0
1399361,AmazonHelp,False,2017-10-28 16:38:28+00:00,@445385 I'm sorry for the wait. We don't have information on specifics of deliveries - they continue through to 21:00. ^DO,,1399362.0,1399362.0
1400600,445659,True,2017-10-28 17:02:48+00:00,"@AmazonHelp Habt ihr vor, in der Zukunft mehr Zahlungsmethoden einzuführen? Sowas wie EPS, GiroPay oder Sofortüberweisung.",1400598,,1400600.0
1400598,AmazonHelp,False,2017-10-28 17:12:11+00:00,@445659 Derzeit ist nichts bekannt. Aktuell verfügbare Zahlungsarten: https://t.co/HsaXxM9a5B Wunsch geben wir gerne als Feedback weiter ^MH,1400599,1400600.0,1400600.0
1400599,445659,True,2017-10-28 17:17:41+00:00,"@AmazonHelp Ja, wäre toll wenn das wietergeleitet wird. Kreditkarte haben halt echt sehr wenige und Bankeinzug geht öfters mal nicht :/",,1400598.0,1400600.0
1401336,445829,True,2017-10-28 17:11:46+00:00,"@116875 Los felicito por la rapidez, calidad y buen precio de sus productos, es mi quinta compra con ustedes. ¡Felicidades!",1401334,,1401336.0
1401334,AmazonHelp,False,2017-10-28 17:18:00+00:00,"@__migueloon__ Hola Miguel, nos alegra saber que ha recibido tu pedido 💙. ^MB",1401335,1401336.0,1401336.0
1401335,445829,True,2017-10-28 17:19:56+00:00,@AmazonHelp Gracias! 🙏🏻,,1401334.0,1401336.0
1402154,350503,True,2017-10-28 17:39:42+00:00,@AmazonHelp Not sure why @115821 sent me an empty box? Pretty sure there was supposed to be a #vinylrecord in here. :( https://t.co/kXP0tXHxTt,"1402152,1402155",,1402154.0
1402152,AmazonHelp,False,2017-10-28 17:42:47+00:00,@350503 Oh no! This was unexpected. We can look into available options by phone with you: https://t.co/hApLpMlfHN ^KJ,1402153,1402154.0,1402154.0
1402153,350503,True,2017-10-28 17:52:20+00:00,@AmazonHelp Cheers. I'll call now.,,1402152.0,1402154.0
1403358,446277,True,2017-10-16 16:41:45+00:00,"Thanks @115821, for just not sending me the stuff I ordered and deleting all shipping info 🤷🏻‍♀️✌🏻",1403356,,1403358.0
1403356,AmazonHelp,False,2017-10-16 16:51:00+00:00,@446277 Sorry to hear this! Have you gotten any e-mails about the order? Please let us know- we're here to help. ^BL,1403357,1403358.0,1403358.0
1403357,446277,True,2017-10-16 16:52:22+00:00,"@AmazonHelp None, Just this suuuuper helpful info. https://t.co/4NAxcsQ7YC","1403359,1403360",1403356.0,1403358.0
1403359,AmazonHelp,False,2017-10-16 17:25:00+00:00,"@446277 Now it would be best to contact the seller, informing them about this issue. https://t.co/j7IpIUSt7b Keep us updated! ^DA",,1403357.0,1403358.0
1403360,446278,True,2017-10-16 19:34:42+00:00,@446277 @AmazonHelp “Your package was probably delivered”,1403361,1403357.0,1403358.0
1403361,446277,True,2017-10-16 19:35:10+00:00,@446278 @AmazonHelp 😂😂😭🙄,,1403360.0,1403358.0
1405345,400688,True,2017-10-28 18:19:42+00:00,mans was finally on my road and then went south? @117795 what is HAPPENING https://t.co/7xLqD5qaIP,1405344,,1405345.0
1405344,AmazonHelp,False,2017-10-28 18:36:00+00:00,@400688 I'm sorry you haven't received your order yet! What is the current order status showing: https://t.co/aaDyEz1VgE? ^WM,,1405345.0,1405345.0
1410316,447816,True,2017-11-08 11:56:33+00:00,"I requested for a exchange of a pair of shoes i received on Nov 6. The pick up date provided to me was 7th of Nov by 18:00 hrs. But even today it hasn't been picked up. Why so mchh of delay ? @AmazonHelp @115850 
Order id - 405-8809089-7059507","1410315,1410317",,1410316.0
1410317,AmazonHelp,False,2017-11-08 12:14:47+00:00,"@447816 Apologies for the delay in the pick up of your order. However, twitter being a public platform we do not have (1/2) ^SI",,1410316.0,1410316.0
1410315,AmazonHelp,False,2017-11-08 12:19:00+00:00,@447816 access to your order details. Please fill this form:  https://t.co/beaaDm0muc and we'll get back to you soon. (2/2) ^SI,,1410316.0,1410316.0
1413763,448550,True,2017-11-02 01:47:24+00:00,"荷物がまだこないー(Φ

あと誰かアマゾンプライムに詳しい人いないすか？(Φ？？",1413761,,1413763.0
1413761,AmazonHelp,False,2017-11-02 01:57:33+00:00,@448550 こんにちは、Amazonです。お届け予定日時を過ぎても商品が届かない状況でしょうか？また、プライムについてお困りのことがありましたら、お伺いいたします。 YM,1413762,1413763.0,1413763.0
1413762,448550,True,2017-11-02 02:00:52+00:00,"@AmazonHelp あ、荷物の件はこちらの都合の話で。。

アマゾンプライムのこの状態のやつってどうゆう料金形態なんでしょうか？ボールルームとかなら

プライム会員なら無料？
見放題で追加200円？
1話見るたびに追加200円？

とかそこらへんを教えていただければ。。 https://t.co/F3MpSxOZSm",1413764,1413761.0,1413763.0
1413764,AmazonHelp,False,2017-11-02 02:22:28+00:00,@448550 「プライム会員特典」と記載があり「prime」の帯が付いている作品は、アマゾンプライムにご登録済みであれば、追加料金なしで見放題となります。表示されている価格は、レンタルをご利用いただく場合の価格となっております。 YM,1413765,1413762.0,1413763.0
1413765,448550,True,2017-11-02 02:25:13+00:00,@AmazonHelp あ、わかりましたありがとうございました！,1413766,1413764.0,1413763.0
1413766,AmazonHelp,False,2017-11-02 02:37:00+00:00,@448550 とんでもないことでございます。今後もご不明な点がございましたら、いつでもご遠慮なくお知らせください🙏 YM,,1413765.0,1413763.0
1416689,449257,True,2017-10-16 17:27:19+00:00,30 ans pour livré un coli serrieusement @120533,1416688,,1416689.0
1416688,AmazonHelp,False,2017-10-16 17:30:33+00:00,"@449257 Bonjour, rencontrez-vous un souci avec la livraison d'une commande? ^MD",1416680,1416689.0,1416689.0
1416680,449257,True,2017-10-16 17:32:40+00:00,@AmazonHelp Oui elle etais prévu pour le 11 oct et elle a etais reporte pour aujourd'hui mais je ne l'ai toujours pas ressu qu'es que je peux faire ?,1416678,1416688.0,1416689.0
1416678,AmazonHelp,False,2017-10-16 17:35:25+00:00,@449257 Quel est le transporteur en charge de la livraison? ^MD,1416679,1416680.0,1416689.0
1416679,449257,True,2017-10-16 17:38:33+00:00,@AmazonHelp C'est Lp Collect,1416681,1416678.0,1416689.0
1416681,AmazonHelp,False,2017-10-16 17:45:00+00:00,@449257 Quel est le statut du suivi sur le site du transporteur?^ASZ,1416682,1416679.0,1416689.0
1416682,449257,True,2017-10-16 17:48:13+00:00,@AmazonHelp Que voulais vous entendre par statut du suivi ?,1416683,1416681.0,1416689.0
1416683,AmazonHelp,False,2017-10-16 17:52:00+00:00,@449257 Que dit le suivi de colis que vous avez sur notre site je vous prie ? ^BR,1416684,1416682.0,1416689.0
1416684,449257,True,2017-10-16 17:52:50+00:00,@AmazonHelp Livraison estimé le 16 oct,1416685,1416683.0,1416689.0
1416685,AmazonHelp,False,2017-10-16 18:03:30+00:00,"@449257 Afin qu'on regarde cela de plus près et vous aider , veuillez nous contacter via le lien suivant: https://t.co/hgIrz98cdI ^BR",1416686,1416684.0,1416689.0
1416686,449257,True,2017-10-16 18:30:21+00:00,@AmazonHelp J'ai envoyé un e-mail je serais répondu quand ?,1416687,1416685.0,1416689.0
1416687,AmazonHelp,False,2017-10-16 18:43:29+00:00,@449257 Vous recevrez une réponse une fois que les recherches nécessaires seront faites. ^MA,,1416686.0,1416689.0
1423056,450695,True,2017-11-02 09:20:39+00:00,When will my Kindle arrive 😭,1423055,,1423056.0
1423055,AmazonHelp,False,2017-11-02 09:30:33+00:00,"@450695 Hello, have you checked the tracking information available for the parcel ? Which site have you used to make the order? ^CR",,1423056.0,1423056.0
1424169,275070,True,2017-11-02 10:16:04+00:00,"Dear @117795,
You had me at “free same day delivery” 🤗💕",1424168,,1424169.0
1424168,AmazonHelp,False,2017-11-02 10:29:26+00:00,@275070 Free same day delivery is pretty sweet! Have you tried it yet? 😃 ^JJ,,1424169.0,1424169.0
1424171,450929,True,2017-11-02 10:08:18+00:00,Merci a @115821 avec 5 jours d'avance mon casque est arriver ce matin https://t.co/HVU7D5NKEN,1424170,,1424171.0
1424170,AmazonHelp,False,2017-11-02 10:29:00+00:00,"@450929 Bonjour Sebastien, je suis ravi d'apprendre que vous avez reçu votre casque en avance 😊
En êtes-vous satisfait? 
^ARC",,1424171.0,1424171.0
1424909,451045,True,2017-11-02 03:47:44+00:00,"every time I ordered something for two day shipping it always gets delayed, like why?!? is this a Nevada thing orrrr @AmazonHelp",1424908,,1424909.0
1424908,AmazonHelp,False,2017-11-02 04:12:00+00:00,@451045 Oh no! Is there a recent experience you would like to share with us? We want to help out in any way! ^SH,,1424909.0,1424909.0
1427839,451674,True,2017-11-06 15:07:35+00:00,"@AmazonHelp Por enésima vez pago Prime para que un pedido por @130687 no llegue el día de la entrega garantizada, ya que en @130687 dicen que lo entregan mañana y la fecha garantizada era hoy. Sólo pasa con @80.",1427838,,1427839.0
1427838,AmazonHelp,False,2017-11-06 15:19:00+00:00,"@451674 Hola Sonia, sentimos las molestias. ¿Has conseguido hablar con @130687 para verificar lo que ocurrió? ^DA",1427837,1427839.0,1427839.0
1427837,451674,True,2017-11-06 15:22:29+00:00,"@AmazonHelp @130687 Estamos en ello, pero sé lo que ocurre, que con @80 jamás nos llegan los pedidos el día que tienen que llegar. Da igual lo que sea, pero jamás llegan cuando tocan. Un pedido tardó más de una semana. Y no pasa nada, claro.",1427836,1427838.0,1427839.0
1427836,AmazonHelp,False,2017-11-06 15:32:03+00:00,"@451674 Entiendo, ¿el pedido era gestionado por Amazon o por un vendedor independiente? ^KS",1427835,1427837.0,1427839.0
1427835,451674,True,2017-11-06 15:33:04+00:00,@AmazonHelp Por Amazon.,1427834,1427836.0,1427839.0
1427834,AmazonHelp,False,2017-11-06 15:39:29+00:00,"@451674 Entiendo, te recomiendo entrar en contacto con Servicio al Cliente para reportar la incidencia: https://t.co/KyKcfqiS0j. ^KS",1427833,1427835.0,1427839.0
1427833,451674,True,2017-11-06 15:42:01+00:00,@AmazonHelp Eso haré. Gracias.,1427832,1427834.0,1427839.0
1427832,AmazonHelp,False,2017-11-06 15:44:00+00:00,"@451674 Con gusto, estamos para servirte. ^VL",,1427833.0,1427839.0
1427861,451678,True,2017-11-06 15:02:52+00:00,"@115850 Diwali, I have opted for prime membership hoping that delivery of goods will be faster. To my surprise, it is  getting delayed and","1427860,1427862",,1427861.0
1427862,AmazonHelp,False,2017-11-06 15:41:29+00:00,@451678 Apologies for the inconvenience. We'd like to help. Kindly report it to our support team 1/2 ^KH,,1427861.0,1427861.0
1427860,AmazonHelp,False,2017-11-06 15:42:00+00:00,@451678 here: https://t.co/vlvfJr4nN9 for further assistance. 2/2 ^KH,,1427861.0,1427861.0
1429818,452067,True,2017-11-02 07:06:24+00:00,"Mira @116928 llevo dos días intentando pedir dos vestidos y un cancan y siempre me devolveis el mismo email, mi tarjeta online está bien.",1429817,,1429818.0
1429817,452067,True,2017-11-02 07:07:55+00:00,@116928 @116928 el dinero está ingresado en la tarjeta y por eso está clarísimo que no va a ser y estoy ya desesperada porque necesito +,1429811,1429818.0,1429818.0
1429811,452067,True,2017-11-02 07:08:28+00:00,@116928 + que los 3 pedidos estén aquí para antes del día 10. Máxima prioridad.,1429809,1429817.0,1429818.0
1429809,AmazonHelp,False,2017-11-02 07:13:33+00:00,"@452067 Hola Lu, si lo deseas puedes contactarnos para ayudarte con el proceso: https://t.co/3VUNgKvI9r ^JD",1429810,1429811.0,1429818.0
1429810,452067,True,2017-11-02 07:21:53+00:00,@AmazonHelp Si el problema se supone que es el pago y la tarjeta virtual está en perfecto estado. Tiene el dinero metido y todo,1429812,1429809.0,1429818.0
1429812,AmazonHelp,False,2017-11-02 07:25:51+00:00,@452067 Recuerda que nuestros métodos de pago aceptados son: https://t.co/ZliBXapija ^JD,1429813,1429810.0,1429818.0
1429813,452067,True,2017-11-02 07:28:13+00:00,"@AmazonHelp Si, mi tarjeta está en esta lista. Pero aún así me la echáis para atrás.Y encima tengo cuenta Premium!Y necesito el pedido para antes del 10",1429814,1429812.0,1429818.0
1429814,AmazonHelp,False,2017-11-02 07:34:00+00:00,@452067 Entendemos. Puedes contactarnos a través del enlace proporcionado para brindarte más soporte ^AV,1429815,1429813.0,1429818.0
1429815,452067,True,2017-11-02 07:36:03+00:00,@AmazonHelp Que enlace?,1429816,1429814.0,1429818.0
1429816,AmazonHelp,False,2017-11-02 07:37:53+00:00,"@452067 Puedes contactar por teléfono, chat o email a nuestro SAC por medio del siguiente enlace: https://t.co/OjvUxwnzPe ^AV",,1429815.0,1429818.0
1434817,453140,True,2017-10-28 20:21:49+00:00,I’m going to stop ordering things through @115821 my packages are always damaged or go missing.,1434816,,1434817.0
1434816,AmazonHelp,False,2017-10-28 20:33:32+00:00,"@453140 This isn't what we like to hear, Alexander. Are your packages always damaged/missing from the same carrier? ^FD",,1434817.0,1434817.0
1438616,194889,True,2017-11-02 10:46:35+00:00,Wann kommt endlich mein @116316 #Echo2 an? @124285,1438615,,1438616.0
1438615,AmazonHelp,False,2017-11-02 10:48:32+00:00,"@194889 Was sagt denn die Sendungsverfolgung, wann Alexa ankommt? :) Gruß ^TA",1438614,1438616.0,1438616.0
1438614,194889,True,2017-11-02 10:50:34+00:00,@AmazonHelp Irgendwann heute.🙄 Genauer kann man das bei DHL ja nicht einsehen.,1438611,1438615.0,1438616.0
1438611,AmazonHelp,False,2017-11-02 10:52:29+00:00,@194889 DHL liefert auch noch bis 18 Uhr. Geduld heißt das Zauberwort. :) Gruß ^TA,"1438612,1438613",1438614.0,1438616.0
1438612,194889,True,2017-11-02 10:53:12+00:00,"@AmazonHelp Ja, Danke!👍",,1438611.0,1438616.0
1438613,194889,True,2017-11-02 12:23:18+00:00,@AmazonHelp Er ist da!😁☺️😙 https://t.co/ZSUu9gRfld,,1438611.0,1438616.0
1441385,454421,True,2017-11-02 12:22:36+00:00,"@115850 Till date i ve not received 10 % cash back , bought mobile on big billion day with HDFC credit card.
ORDER # 408-1509994-4638737","1441384,1441386",,1441385.0
1441384,AmazonHelp,False,2017-11-02 12:26:21+00:00,"@454421 Our apologies. We'd like to check this and assist. Please reach out to us, here: https://t.co/vlvfJr4nN9. (1/2)",,1441385.0,1441385.0
1441386,AmazonHelp,False,2017-11-02 12:31:00+00:00,@454421 Please don’t provide your details as we consider them to be personal info. Our Twitter page is visible to public.(2/2)^YP,,1441385.0,1441385.0
1444393,455176,True,2017-11-02 15:13:48+00:00,"@AmazonHelp 
Pickup Tracking ID: 
710401772184
Order#: 403-8383174-8909109
It's been a month since I first requested pickup. No pickup yet!!","1444392,1444394",,1444393.0
1444392,AmazonHelp,False,2017-11-02 15:37:25+00:00,@455176 Please don’t provide your order details as we consider them to be personal information. Our page is visible to public. 2/2 ^RB,,1444393.0,1444393.0
1444394,AmazonHelp,False,2017-11-02 15:37:25+00:00,@455176 Apologies for the trouble. Drop your details here: https://t.co/kPKMfovlLV I'll connect with you on this. 1/2 ^RB,,1444393.0,1444393.0
1446390,455625,True,2017-11-02 16:04:39+00:00,ordered hat and gloves from @115821 using #prime and they offered me 10$ as apology for delay! how would 10$ keep you warm?! #dissapointed,1446388,,1446390.0
1446388,AmazonHelp,False,2017-11-02 16:07:26+00:00,"@455625 I'm sorry we let you down, Mehrdad. Were you given any information concerning the delay with your order? Please let us know! ^MW",1446389,1446390.0,1446390.0
1446389,455625,True,2017-11-02 16:15:24+00:00,"@AmazonHelp been told it's been damaged/lost and they'll send it again. Don't care what the reason is, just wonderin what's the benefit of #prime then?!",1446391,1446388.0,1446390.0
1446391,AmazonHelp,False,2017-11-02 16:18:37+00:00,@455625 Sorry to hear of the damage - pls let us know if you have issues with the replacement ^TD,1446392,1446389.0,1446390.0
1446392,455625,True,2017-11-02 16:31:46+00:00,"@AmazonHelp What would you offer as compensation to a non-prime case? the same? if yes, so what's the point of paying prime membership fee??!",,1446391.0,1446390.0
1449155,367348,True,2017-11-02 16:42:25+00:00,@AmazonHelp how do I cancel my prime please? Saying there is a problem when I click end trial!,1449153,,1449155.0
1449153,AmazonHelp,False,2017-11-02 16:47:18+00:00,"@367348 Oh my! I'm sorry for the troubles. Try going here: https://t.co/UntVt2Dcyp. Also, try logging out and back in before clicking. ^AL",1449154,1449155.0,1449155.0
1449154,367348,True,2017-11-02 16:49:45+00:00,@AmazonHelp Thank you!,,1449153.0,1449155.0
1450103,261510,True,2017-11-02 16:49:35+00:00,@AmazonHelp I cancelled an order 2 days ago. The cancellation was confirmed but I still haven’t received the money back into my account?,1450102,,1450103.0
1450102,AmazonHelp,False,2017-11-02 17:00:27+00:00,"@261510 That should be an authorization charge. If so, you'll want to contact your bank to get it removed: https://t.co/KfVn1y6wGq ^TH",,1450103.0,1450103.0
1454493,457583,True,2017-11-02 15:03:33+00:00,@115821 if you have no intent on actually shipping things free outside of prime membership maybe dont offer it,1454491,,1454493.0
1454491,AmazonHelp,False,2017-11-02 15:05:33+00:00,@457583 Hi - is the order in the dispatch process ? What was the delivery date provided in the order confirmation email ? ^TD,1454492,1454493.0,1454493.0
1454492,457583,True,2017-11-02 15:17:07+00:00,@AmazonHelp November 2-3. The order was placed on the 27th of October and all it says is shipping soon.,1454494,1454491.0,1454493.0
1454494,AmazonHelp,False,2017-11-02 15:19:33+00:00,@457583 It's not uncommon for items to dispatch and arrive the same day! Please keep us posted! ^KJ,,1454492.0,1454493.0
1457256,123811,True,2017-11-02 20:22:29+00:00,@AmazonHelp Since you have failed for the second day in a row I will cancel my order in the morning. @115830 is the third world version.,1457255,,1457256.0
1457255,AmazonHelp,False,2017-11-02 20:27:26+00:00,"@123811 I'm sorry for the poor experience. Without including any account details, can you tell us more about what's happened? ^ZW",,1457256.0,1457256.0
1466862,460465,True,2017-11-02 19:03:02+00:00,I'm upset at Amazon. The locker is not working &amp; I haven't been able to pick my box up. Now it's being returned because I didn't pick it up!,1466861,,1466862.0
1466861,AmazonHelp,False,2017-11-02 19:31:00+00:00,@460465 I'm sorry for the frustration! Please contact us via phone or chat here: https://t.co/CYqkdUakWJ so we can look into it. ^SJ,,1466862.0,1466862.0
1470748,461380,True,2017-11-03 00:42:25+00:00,@117795 why is the Thursday night game not on Amazon prove video???,1470746,,1470748.0
1470746,AmazonHelp,False,2017-11-03 00:55:56+00:00,@461380 Thursday Night Football will not be streaming this week. We will continue streaming next Thursday so stay tuned! ^DD,1470747,1470748.0,1470748.0
1470747,461381,True,2017-11-03 01:08:40+00:00,@AmazonHelp @461380 Why?,,1470746.0,1470748.0
1472557,461805,True,2017-11-03 01:16:50+00:00,@AmazonHelp I just got an email about having to return an item I've returned weeks ago?,1472555,,1472557.0
1472555,AmazonHelp,False,2017-11-03 01:26:33+00:00,"@461805 Huh! That is very strange indeed! Did we send an email confirmation when we first received it, when we issued the refund? ^JD",1472556,1472557.0,1472557.0
1472556,461805,True,2017-11-04 05:00:44+00:00,"@AmazonHelp A refund was issued, and yes I got an email about the refund.",1472558,1472555.0,1472557.0
1472558,AmazonHelp,False,2017-11-04 05:09:00+00:00,@461805 We'd like to take a closer look at this with you. Please reach out to us here: https://t.co/hApLpMlfHN ^LJ,,1472556.0,1472557.0
1475358,462493,True,2017-11-02 21:57:47+00:00,@AmazonHelp @120533 je serai vous je demanderai des comptes à ces gens https://t.co/Kv15CWLFtM,1475357,,1475358.0
1475357,AmazonHelp,False,2017-11-02 22:01:39+00:00,"@462493 Bonsoir, je vous propose de transférer l'e-mail à l'adresse mentionnée sur cette page https://t.co/hiLNUDse9N pour investigation.^MH",1475356,1475358.0,1475358.0
1475356,462493,True,2017-11-02 22:02:31+00:00,@AmazonHelp C'est une pub affichée en allant sur leur site mais je fais ça demain,1475355,1475357.0,1475358.0
1475355,AmazonHelp,False,2017-11-02 22:05:00+00:00,@462493 Merci pour l'info ;),,1475356.0,1475358.0
1479151,463475,True,2017-11-03 06:28:37+00:00,"Amazonで買ったら中身ない箱だけ送られてきたww
一番重要なのにww https://t.co/GMbh158Yqd",1479150,,1479151.0
1479150,AmazonHelp,False,2017-11-03 06:34:00+00:00,@463475 商品が入っていなかったとの事で、ご迷惑をおかけしております。Amazon発送商品についてはサイト上より交換もしくは返品を承ります。大変お手数ですが、以下リンクをご参照のうえお手続きください。https://t.co/vbMViRqmDZ  HM,,1479151.0,1479151.0
1479798,463620,True,2017-11-03 06:45:09+00:00,@115821 u r a liar I ws promisd tht I will receive ths wtch tdy bt ended up wth nothin #Amazon.in I hv paid xtra bugs fr 1 day delivry https://t.co/NVNg9A8qST,"1479797,1479799,1479800",,1479798.0
1479799,AmazonHelp,False,2017-11-03 07:03:00+00:00,"@463620 We dispatch to meet the estimated delivery date, may I please know if the estimated delivery date mentioned in 1/2 ^SH",,1479798.0,1479798.0
1479797,AmazonHelp,False,2017-11-03 07:03:34+00:00,@463620 the order confirmation email has passed? 2/2 ^SH,,1479798.0,1479798.0
1479800,463620,True,2017-11-03 07:08:38+00:00,@115821 I called up on Amazon number they have confirmed the delivery date as today,"1480438,1480439",1479798.0,1479798.0
1480439,AmazonHelp,False,2017-11-03 07:30:30+00:00,"@463620 If your package is out for delivery, you must have received an SMS regarding the same. If you have received the SMS 1/2 ^SY",,1479800.0,1479798.0
1480438,AmazonHelp,False,2017-11-03 07:31:00+00:00,@463620 kindly wait until the end of the day for the package to be delivered. 2/2 ^SY,,1479800.0,1479798.0
1484326,387407,True,2017-11-03 03:04:11+00:00,@AmazonHelp @118919 @115850 @115821 This is the 5th time I've had a package get delayed. I am reconsidering my prime membership. https://t.co/Rw7KEEdoqR,"1484325,1484327,1484328,1484329",,1484326.0
1484328,AmazonHelp,False,2017-11-03 03:19:00+00:00,@387407 I'm sorry for the delay. I'd like to look into the issue and set things right. Please provide your 1/3 ^SH,,1484326.0,1484326.0
1484325,AmazonHelp,False,2017-11-03 03:19:31+00:00,@387407 Please don’t provide your details as we consider them to be personal information. Our Twitter page is public. 3/3 ^SH,,1484326.0,1484326.0
1484327,AmazonHelp,False,2017-11-03 03:19:31+00:00,@387407 details here: https://t.co/AeL2SckhMS and I'll get back to you. 2/3 ^SH,,1484326.0,1484326.0
1484329,387407,True,2017-11-03 03:27:30+00:00,@AmazonHelp @118919 @115850 @115821 I've sent you my details. Please set things right or I will most definitely reconsider my prime membership and choice of Amazon for shopping,1485327,1484326.0,1484326.0
1485327,AmazonHelp,False,2017-11-03 03:56:00+00:00,"@387407 Thanks for confirming that you've shared your details. Please allow us some time, we'll reach out to you. ^KA",,1484329.0,1484326.0
1489785,458242,True,2017-11-03 08:57:21+00:00,@AmazonHelp  Quand Amazon vous expédie vôtre colis en retard et non scellé sur les tranches C'EST PAS TRÈS PROFESSIONNEL 👎👎👎👎👎👎👎👎 https://t.co/IYhLI32bya,1489784,,1489785.0
1489784,AmazonHelp,False,2017-11-03 09:07:00+00:00,@458242 Je suis désolé pour cela. Avez-vous signalé le retard à notre SAV? Vous pouvez commenter l'emballage via : https://t.co/t00zhTp8y4,,1489785.0,1489785.0
1490178,466087,True,2017-11-03 08:48:13+00:00,"Nope. @116316 hat es nicht geschafft. Woran lag es? Immer noch #warten, #warten. Was los,  #amazon? Bisher noch nicht mal verschickt. https://t.co/WhPPsHutJ5",1490176,,1490178.0
1490176,466087,True,2017-11-03 09:19:19+00:00,@116316 Cc @AmazonHelp,1490174,1490178.0,1490178.0
1490174,AmazonHelp,False,2017-11-03 09:25:25+00:00,@466087 Du kannst dich gerne zur Überprüfung hier melden: https://t.co/ohyvGrpvrY Liebe Grüße ^TA,1490175,1490176.0,1490178.0
1490175,466087,True,2017-11-03 09:27:39+00:00,@AmazonHelp Was soll das bringen?,1490177,1490174.0,1490178.0
1490177,AmazonHelp,False,2017-11-03 09:42:02+00:00,"@466087 Wir haben über Twitter keinen Zugriff auf deine Bestellung, aber meine Kollegen, wenn du dich über den Link meldest. Gruß ^TR",,1490175.0,1490178.0
1495208,467168,True,2017-11-03 11:29:03+00:00,@AmazonHelp für was bestellt man Spiele vor ? Um sie später zu bekommen? Letzter Dreckladen seid ihr. Kaufe nur noch im Laden,1495206,,1495208.0
1495206,AmazonHelp,False,2017-11-03 11:42:00+00:00,@467168 Welches Datum wurde dir denn in der Bestellbestätigung genannt? Gruß ^TA,1495207,1495208.0,1495208.0
1495207,467168,True,2017-11-03 12:08:51+00:00,@AmazonHelp Heute. Steht auch immer noch drin. Bei Hermes steht aber dass es nicht in Zustellung ist. D.h. Ich bekomm es heut nicht,1495209,1495206.0,1495208.0
1495209,AmazonHelp,False,2017-11-03 12:34:00+00:00,"@467168 OK, den Verlauf können wir über Twitter nicht einsehen, leider. Wir helfen dir aber sehr gern über https://t.co/ohyvGrpvrY ^AS",,1495207.0,1495208.0
1495569,467255,True,2017-11-03 11:48:21+00:00,気づかないうちにAmazonプライムの会費払ってたわ。体験だけで自動更新しないにしてたと思ったんだけどな,"1495568,1495570",,1495569.0
1495568,AmazonHelp,False,2017-11-03 11:56:30+00:00,@467255 プライムビデオやプライムミュージック等数多く特典がございますが、継続利用不要で、Amazonプライム特典のご利用がない場合は、会員登録キャンセル時に会費が全額返金されます。詳しくはこちらをどうぞ→https://t.co/9tQT1Jh8Tw SK,,1495569.0,1495569.0
1495570,AmazonHelp,False,2017-11-03 11:56:30+00:00,@467255 Amazonです。Amazonプライムは自動更新設定をオフにした場合を除き、無料体験期間終了後に有料会員へ移行します。SK,,1495569.0,1495569.0
1495997,463620,True,2017-11-03 11:52:03+00:00,@115821  I need my band today I paid extra bugs For one day delivery,1495996,,1495997.0
1495996,AmazonHelp,False,2017-11-03 12:12:00+00:00,@463620 Upon checking the image looks like the product is out on road. Kindly wait until the end of the day for the item to arrive ^RB,,1495997.0,1495997.0
1499890,219966,True,2017-11-03 14:40:43+00:00,"@115850 Used the Trimmer i ordered today, damaged my switch board cos the quality of 3 pin ws bad, Costed me more money 2 fix it. Nt happy","1499889,1499891,1499892",,1499890.0
1499889,AmazonHelp,False,2017-11-03 15:04:25+00:00,@219966 Please contact us here: https://t.co/vlvfJr4nN9 so we can assist you. (2/2) ^PJ,,1499890.0,1499890.0
1499891,AmazonHelp,False,2017-11-03 15:04:25+00:00,"@219966 Sorry to know that. Did you happen to report this to our support team? If no, (1/2) ^PJ",,1499890.0,1499890.0
1499892,219966,True,2017-11-03 15:15:16+00:00,"@115850 I just spoke to a customer service advisor named Joshua, He made me feel miserable, Did not understand my situation","1500670,1500672",1499890.0,1499890.0
1500670,AmazonHelp,False,2017-11-03 15:25:02+00:00,"@219966 Sorry for the inconvenience, please fill this form: https://t.co/beaaDm0muc and we’ll contact you soon. ^SU",1500671,1499892.0,1499890.0
1500672,219966,True,2017-11-03 15:37:01+00:00,"@115850 Hi Su, I have filled in the form and m waiting for your call.",1502911,1499892.0,1499890.0
1500671,219966,True,2017-11-03 15:37:49+00:00,@AmazonHelp Done. Waiting for your call.,,1500670.0,1499890.0
1502911,AmazonHelp,False,2017-11-03 15:51:28+00:00,@219966 Thanks for keeping us posted. We'll check the details and reach out to you accordingly. ^MS,1502912,1500672.0,1499890.0
1502912,219966,True,2017-11-03 15:53:11+00:00,"@AmazonHelp Hi There, I am waitin for ur call",1502913,1502911.0,1499890.0
1502913,AmazonHelp,False,2017-11-03 16:11:29+00:00,@219966 We're still working on this. We'll send a correspondence to your registered email. You can check here: https://t.co/8DAc10S7ww. ^VN,1502914,1502912.0,1499890.0
1502914,219966,True,2017-11-03 16:14:47+00:00,@AmazonHelp Can someone please call ?,1502915,1502913.0,1499890.0
1502915,AmazonHelp,False,2017-11-03 16:57:00+00:00,@219966 Apologies for the delay. Please be assured our team is working on it and will get back to you at the earliest. ^PB,1502916,1502914.0,1499890.0
1502916,219966,True,2017-11-03 16:58:15+00:00,@AmazonHelp I want to get this resolved before i go to sleep. Im waiting for your call.,1502917,1502915.0,1499890.0
1502917,AmazonHelp,False,2017-11-03 17:22:40+00:00,"@219966 As mentioned earlier, we will get back to you at the earliest possible. ^JS",1502918,1502916.0,1499890.0
1502918,219966,True,2017-11-04 08:20:07+00:00,@AmazonHelp Can someone please call me on an urgent basis. Need to discuss about a final bit of information.,1502919,1502917.0,1499890.0
1502919,AmazonHelp,False,2017-11-04 08:48:32+00:00,@219966 We wouldn't be able to arrange a call via Twitter. Please reply to the email you've received from our team and we'll reach out. ^KA,,1502918.0,1499890.0
1501752,468578,True,2017-10-16 17:23:41+00:00,@AmazonHelp アマゾンプライム会員なのにログイン出来ない場合があります。またログイン出来ても映画が見れません！,1501751,,1501752.0
1501751,AmazonHelp,False,2017-10-16 23:01:31+00:00,"@468578 ご不便をおかけしております。パスワードを変更してあらためてサインインをお試しください。
パスワード再設定について＞https://t.co/BkqVHGW6hi　改善されない場合は、リンクよりお問い合わせください。https://t.co/J6YEizo6qC　MH",,1501752.0,1501752.0
1504117,469117,True,2017-10-16 22:38:04+00:00,Amazonで買ったズボンのここが凄い https://t.co/OmQZ5BzLeT,1504115,,1504117.0
1504115,AmazonHelp,False,2017-10-16 23:18:32+00:00,"@469117 ご不便をおかけしております。返品や交換の手続きの際は、こちらのURLから返品受付センターをご利用ください&gt; https://t.co/InpU88Rh5P 
ご不明な点がありましたら、ご遠慮なくお知らせください。 YM",1504116,1504117.0,1504117.0
1504116,469117,True,2017-10-16 23:23:48+00:00,@AmazonHelp 大丈夫です！自分で穴開けて使います！お気遣い有難うございます🙏,1504118,1504115.0,1504117.0
1504118,AmazonHelp,False,2017-10-16 23:31:00+00:00,"@469117 大変お手数おかけし、申し訳ございません。
何か問題があれば、いつでもご連絡くださいませ。TY",,1504116.0,1504117.0
1509771,141346,True,2017-10-16 23:40:15+00:00,@115821  Hello!  Why no overnight shipping? https://t.co/1scirltLdv,1509769,,1509771.0
1509769,AmazonHelp,False,2017-10-16 23:57:35+00:00,@141346 I searched for that item and see it's being shipped by a Third-party seller. Not all sellers offer overnight shipping. ^AM,1509770,1509771.0,1509771.0
1509770,141346,True,2017-10-17 00:02:59+00:00,@AmazonHelp Thanks!,,1509769.0,1509771.0
1513312,471146,True,2017-11-03 17:58:04+00:00,"@120533 plutôt original l'emballage de mon colis , le problème c'est que c'est mon produit donc niveau protection j'ai vu mieux 😠😠😠 https://t.co/FILYkFNg3k",1513310,,1513312.0
1513310,AmazonHelp,False,2017-11-03 18:12:34+00:00,"@471146 Bonjour, désolée pour cela😓
Vous avez la possibilité d'évaluer l'emballage de votre article via: https://t.co/fgvoz7708P ^FT",1513311,1513312.0,1513312.0
1513311,471146,True,2017-11-03 19:04:11+00:00,@AmazonHelp C'est fait mais pour la surprise pour ma fille on repassera,,1513310.0,1513312.0
1519823,469204,True,2017-11-03 16:33:45+00:00,"Oye, @116875 mi app dice que la entrega estimada de mi paquete era el 30 de octubre. Se tardará mucho aún? 🙄",1519822,,1519823.0
1519822,AmazonHelp,False,2017-11-03 16:45:00+00:00,"@469204 Lamento el inconveniente Holly, ¿has entrado en contacto con el transportista para verificar lo sucedido? ^AZ",1519821,1519823.0,1519823.0
1519821,469204,True,2017-11-03 16:46:01+00:00,"@AmazonHelp No, porque no se que servicio de paquetería sea. Dice que es amzmx pero no da más detalles",1519820,1519822.0,1519823.0
1519820,AmazonHelp,False,2017-11-03 16:58:36+00:00,@469204 Puedes rastrear tu pedido siguiendo las instrucciones disponibles en el siguiente enlace: https://t.co/QRA6ZkiyDB. ^AZ,,1519821.0,1519823.0
1521115,472821,True,2017-11-03 17:26:44+00:00,Ordered an extendable duster from @115830 so we could clean our cobwebby ceiling. Husband wanted to know if I’d bought a new bike. https://t.co/hKZ7q0LhlR,1521114,,1521115.0
1521114,AmazonHelp,False,2017-11-03 17:29:28+00:00,@472821 Oh no! I'm sorry about the excessive packaging! Please leave feedback here: https://t.co/gcINNy6nxE to help us improve. ^LB,,1521115.0,1521115.0
1529918,474827,True,2017-11-03 19:48:10+00:00,"Welp, thanks @916 or more like PuroLATE. All hyped for a SNES Classic from @116090 this weekend, even paid for express shipping..",1529917,,1529918.0
1529917,474828,True,2017-11-03 19:52:26+00:00,@474827 @916 @116090 Purolator and Canada Post deliver earlier than other companies for me. :/,1529913,1529918.0,1529918.0
1529913,474827,True,2017-11-03 19:56:06+00:00,"@474828 @916 @116090 At least if it were canada post (not that they're an express option), it would've been in the community mailbox parcel box, no problem there",1529911,1529917.0,1529918.0
1529911,AmazonHelp,False,2017-11-03 20:06:25+00:00,"@474827 I'm sorry to hear you're having troubles with a carrier! Have you contacted them to investigate? If so, what was advised? ^FR",1529912,1529913.0,1529918.0
1529912,474827,True,2017-11-03 20:11:03+00:00,"@AmazonHelp Their cust.serv. account has been given the tracking number, not going to get it any faster unless they comp. Saturday delivery.",1529914,1529911.0,1529918.0
1529914,474827,True,2017-11-03 20:14:18+00:00,@AmazonHelp update on that: it's not going to be back out for delivery until Monday. 2000km: 12 hours. the last 5km: can't be done in 10.,1529915,1529912.0,1529918.0
1529915,AmazonHelp,False,2017-11-03 20:18:00+00:00,@474827 I'm sorry! Please reach out to us here: https://t.co/Q7Ftz6nj80 so we can explore our options for you! Keep us updated! ^FR,1529916,1529914.0,1529918.0
1529916,474827,True,2017-11-03 20:19:34+00:00,"@AmazonHelp Amazon is quite good about refunding express shipping fees if the courier doesn't come through on time, so will deal with that once dlv.ered",,1529915.0,1529918.0
1536676,476442,True,2017-11-04 00:30:31+00:00,"@115817 @UPSHelp 
get ur crap together!!! it is now 8:30pm https://t.co/LxHUO8rq7U","1536673,1536677",,1536676.0
1536677,476442,True,2017-11-04 00:39:04+00:00,@115817 @UPSHelp @115821 amazon So much for using prime..PLEASE DO NOT USE @115817 they r unreliable..Its not even the HOLIDAY. smdh...,1536919,1536676.0,1536676.0
1536673,UPSHelp,False,2017-11-04 00:44:00+00:00,@476442 Sorry to keep you waiting. Hopefully we will be there soon.^KP https://t.co/wKJHDXWGRQ,"1536674,1536675",1536676.0,1536676.0
1536675,476442,True,2017-11-04 00:47:10+00:00,@UPSHelp Yep the guy rang my doorbell and threw it at my door..so much 4 me signing 4 the package!!!,,1536673.0,1536676.0
1536674,476442,True,2017-11-04 00:50:47+00:00,@UPSHelp This is a total lie!!! He ran off....@115821 https://t.co/gbOpT7CnP6,,1536673.0,1536676.0
1536919,AmazonHelp,False,2017-11-04 00:57:33+00:00,@476442 I'm sorry for the wait! Has the tracking been updated on the order?  https://t.co/Y5jpI9gRhE ^LL,1536920,1536677.0,1536676.0
1536920,476442,True,2017-11-04 01:08:48+00:00,@AmazonHelp nope..i just screen shot my last update..it was delivered after I asked about it..@35198:40 see my attachments,1536921,1536919.0,1536676.0
1536921,AmazonHelp,False,2017-11-04 01:16:00+00:00,@476442 Thanks for keeping us updated on the delivery. Please let us know if you continue to have trouble. ^LI,,1536920.0,1536676.0
1537542,476652,True,2017-11-04 01:03:01+00:00,The usually reliable @115830 have failed twice in 24 hours. Largely due to using @126705 it seems. When companies fail companies. #fail,1537539,,1537542.0
1537539,AmazonHelp,False,2017-11-04 01:11:00+00:00,"@476652 Oh no! Very sorry about this, Sam. Without disclosing personal details could you please let us know what happened? ^JD","1537540,1537541",1537542.0,1537542.0
1537540,476652,True,2017-11-04 01:20:12+00:00,"@AmazonHelp Ordered CoD game in Sept, didn't arrive today. Reordered another for next day delivery tomorrow. It's now delayed too. Very frustrated.",,1537539.0,1537542.0
1537541,476652,True,2017-11-04 01:27:35+00:00,@AmazonHelp My latest order is in London (Tracking: QA44 1803 060G B). But your chat team seem convinced it'll make it to Edinburgh today. Really?!,,1537539.0,1537542.0
1538004,476787,True,2017-11-04 01:16:41+00:00,@AmazonHelp Thanks for completely ignoring me for over 4 hours 👍,1538002,,1538004.0
1538002,AmazonHelp,False,2017-11-04 01:29:28+00:00,"@476787 My apologies, were you able to contact us by phone or chat via:  https://t.co/JzP7hlA23B for real time support?  ^CH",1538003,1538004.0,1538004.0
1538003,476787,True,2017-11-04 01:32:43+00:00,@AmazonHelp I was not.,,1538002.0,1538004.0
1539884,414825,True,2017-10-17 02:01:46+00:00,"@115850 Maine online payment kiya hai MATLAB mai duniya ka sabse bada bevkuf hu 
Muze cash on delivery karna chahiye tha? https://t.co/OJAuziDlJI","1539883,1539885",,1539884.0
1539885,AmazonHelp,False,2017-10-17 02:04:30+00:00,"@414825 Sorry for the delay in the delivery of your order, Shahensha. We'd like to take a closer look. 1/2 ^HD",,1539884.0,1539884.0
1539883,AmazonHelp,False,2017-10-17 02:05:00+00:00,@414825 Please report this to our support team here: https://t.co/TdDksLo6Mf and we'll look into this. 2/2 ^HD,,1539884.0,1539884.0
1543565,478167,True,2017-11-04 04:39:31+00:00,@AmazonHelp how can I get my feedback posted if I'm following guidelines? I'm seriously super disappointed and not approved for feedback,1543563,,1543565.0
1543563,AmazonHelp,False,2017-11-04 04:59:29+00:00,@478167 I'm sorry you're having trouble submitting feedback! Have you received an e-mail from our Community Team regarding the issue? ^BN,1543564,1543565.0,1543565.0
1543564,478167,True,2017-11-04 16:14:20+00:00,@AmazonHelp Yes! I was told it doesn't follow guidelines but it does. I've had multiple people read it. Amazon is just blocking to avoid loss of sales,,1543563.0,1543565.0
1547247,208005,True,2017-11-04 07:21:06+00:00,@115850  Why have not you picked up my ORDER # 404-8970009-0733166 and what about refund? Why are you delaying this? I want to place,"1547246,1547248,1547249",,1547247.0
1547249,AmazonHelp,False,2017-11-04 07:33:26+00:00,@208005 I'm sorry about the delay in pick up. Please share your details here: https://t.co/GIJyeYqKE0. 1/3 ^SB,,1547247.0,1547247.0
1547248,AmazonHelp,False,2017-11-04 07:33:30+00:00,"@208005 We’ll look into it. Also, please don’t provide your account details as we consider them to be personal 2/3 ^SB",,1547247.0,1547247.0
1547246,AmazonHelp,False,2017-11-04 07:34:00+00:00,@208005 information. Our Twitter page is visible to public. 3/3 ^SB,,1547247.0,1547247.0
1554973,480901,True,2017-10-17 03:36:32+00:00,@115850 Does Amazon Accept Bit coins,"1554972,1554974",,1554973.0
1554972,AmazonHelp,False,2017-10-17 03:54:33+00:00,@480901 We do not accept bitcoins for now. Please review the link: (1/2)^SF,,1554973.0,1554973.0
1554974,AmazonHelp,False,2017-10-17 03:54:33+00:00,@480901 https://t.co/gl2LcWqXGN to know about the payment methods on Amazon. (2/2) ^SF,,1554973.0,1554973.0
1557995,481376,True,2017-11-04 12:27:00+00:00,"Hier das unboxing Video von meinem Paket das leer ankam, soll ich euch die Verpackung zurückschicken für Ersatzlieferung? @AmazonHelp https://t.co/71ULfrEt00","1557992,1557996",,1557995.0
1557992,481376,True,2017-11-04 12:28:23+00:00,@AmazonHelp Es trifft einfach keine Antwortmöglichkeit darauf zu https://t.co/NRDVHohFwz,"1557993,1557990,1557994",1557995.0,1557995.0
1557990,AmazonHelp,False,2017-11-04 12:59:00+00:00,"@481376 Nimm bitte ""Teil fehlt"" Viele Grüße ^TR",1557991,1557992.0,1557995.0
1557991,481376,True,2017-11-04 13:00:08+00:00,"@AmazonHelp BeI Teil fehlt muss ich mich verpflichten den Artikel innerhalb 30 Tage zurückzusenden, hab jetzt eine mail geschrieben aber danke haha",,1557990.0,1557995.0
1559324,481874,True,2017-11-04 12:42:36+00:00,"@115850 kindly explain why delivery of a product is taking 7 days even though I am a Prime member? Doesn't feel very ""Prime"", to be honest","1559323,1559325",,1559324.0
1559323,AmazonHelp,False,2017-11-04 13:02:00+00:00,@481874 Kindly refer: https://t.co/L0UwsKp12C for more information. (2/2) ^MO,1559319,1559324.0,1559324.0
1559325,AmazonHelp,False,2017-11-04 13:02:00+00:00,"@481874 Prime delivery benefits depend upon inventory availability, order deadlines and several other factors. (1/2) ^MO",,1559324.0,1559324.0
1559319,481874,True,2017-11-04 13:03:55+00:00,"@AmazonHelp I am not doubting the T&amp;Cs, just saying that 7 days is equal to the regular time, and not a benefit. Doesn't influx confidence in me. :)",1559317,1559323.0,1559324.0
1559317,AmazonHelp,False,2017-11-04 13:18:00+00:00,@481874 I completely understand that and apologize for it. I'll forward this feedback to the concerned team for a review. ^SK,1559318,1559319.0,1559324.0
1559318,481874,True,2017-11-04 13:20:05+00:00,"@AmazonHelp Thanks for the confidence, SK. I hope it translates to something beneficial for everyone out there.",1559320,1559317.0,1559324.0
1559320,AmazonHelp,False,2017-11-04 13:40:23+00:00,@481874 Your comments are strongly valued at Amazon. We'll make sure that we're forwarding it to our concern team internally. ^MO,1559321,1559318.0,1559324.0
1559321,481874,True,2017-11-06 08:03:16+00:00,"@AmazonHelp Appreciate swift delivery, ahead of time! Thanks @115850 :)",1559322,1559320.0,1559324.0
1559322,AmazonHelp,False,2017-11-06 08:10:51+00:00,@481874 Isn't that special ? Thank you for your feedback &amp; have a good day ahead ! :) ^RS,,1559321.0,1559324.0
1562861,119905,True,2017-10-02 07:39:56+00:00,@115850 : Another quiz solved #SuperValueDayQuiz https://t.co/WTBufxjOaL,1562860,,1562861.0
1562860,119905,True,2017-10-27 11:15:42+00:00,@115850 @115850 : where is the winner list? Are results declared even?,1562859,1562861.0,1562861.0
1562859,119905,True,2017-11-04 10:17:11+00:00,@115850 Still no winner list????,1562858,1562860.0,1562861.0
1562858,AmazonHelp,False,2017-11-04 10:27:28+00:00,"@119905 We haven't released the list yet. Winners will be personally communicated, once the list is out. ^CB",,1562859.0,1562861.0
1565248,415593,True,2017-10-17 05:03:36+00:00,@115850 plz help us out My order No:403-6607251-9373104 got a defective item same was returned yet no update from U r end pathetic,"1565247,1565249",,1565248.0
1565249,AmazonHelp,False,2017-10-17 05:15:00+00:00,@415593 We're sorry for the inconvenience. Please contact our support team here: https://t.co/vlvfJr4nN9 and we'll check this. ^ZH,,1565248.0,1565248.0
1565247,AmazonHelp,False,2017-10-17 05:15:01+00:00,"@415593 Please don't provide your order details, we consider it personal information. Our Twitter page is visible to public. ^ZH",,1565248.0,1565248.0
1568814,483998,True,2017-10-17 05:40:57+00:00,@115850 @AmazonHelp order an led tv in in a day delivery paid delivery charges today is the dlyvery date bt still item not shipped u guys are awsome and ur cs team are no1 they don't have any anwser as always &amp; yes its prepaid order,1568812,,1568814.0
1568812,AmazonHelp,False,2017-10-17 05:51:28+00:00,@483998 We dispatch to deliver the order as per the estimated delivery date. The order would be delivered by end of day. Kindly wait ^ZH,1568813,1568814.0,1568814.0
1568813,483998,True,2017-10-17 06:20:09+00:00,@AmazonHelp Now u guys changed the delivery date paid extra for fast shipping and the est date was 17oct now u guys automatically changed the date to 20oct wow great customer service,1568815,1568812.0,1568814.0
1568815,AmazonHelp,False,2017-10-17 07:33:00+00:00,"@483998 Sorry for that, please drop in your details here: https://t.co/beaaDm0muc. I'll look into this right away for you. ^ST",,1568813.0,1568814.0
1568863,484009,True,2017-10-17 05:45:11+00:00,".@115850 hi, where is my order ORDER # 406-5690809-0645933?? Ive been waiting on it for a month now!","1568862,1568864",,1568863.0
1568864,AmazonHelp,False,2017-10-17 05:47:33+00:00,@484009 That's too long for the delivery! Please contact us here: https://t.co/vlvfJr4nN9 and we'll help you. (1/2) ^ZH,,1568863.0,1568863.0
1568862,AmazonHelp,False,2017-10-17 05:48:00+00:00,"@484009 Please don't provide your order details, we consider it personal information. Our Twitter page is visible to public.(2/2) ^ZH",,1568863.0,1568863.0
1569613,353907,True,2017-11-04 16:16:19+00:00,@115850 just got you two more prime and echo customers my family members loved my echo haha :) even I love it,1569611,,1569613.0
1569611,AmazonHelp,False,2017-11-04 16:45:00+00:00,"@353907 Seems like your family is blessed, it keeps growing! ^HA",1569612,1569613.0,1569613.0
1569612,353907,True,2017-11-05 05:09:40+00:00,@AmazonHelp Just informing amazon never notified me for iPhone X pre orders when they were up I had registered way before pre orders started,1569614,1569611.0,1569613.0
1569614,AmazonHelp,False,2017-11-05 05:22:00+00:00,@353907 That's odd! Could you please confirm checking the Inbox/spam/junk folders on the registered email address? ^AP,1569615,1569612.0,1569613.0
1569615,353907,True,2017-11-05 09:04:47+00:00,@AmazonHelp Yup no where,1569616,1569614.0,1569613.0
1569616,AmazonHelp,False,2017-11-05 09:22:30+00:00,@353907 We'd like to look into it. Kindly share your details here: https://t.co/beaaDm0muc we'll reach out to you soon. ^AP,,1569615.0,1569613.0
1572817,214881,True,2017-10-17 06:10:16+00:00,"@AmazonHelp Hello Team, Return order request has not been done yet. Please help. Urgent..",1572815,,1572817.0
1572815,AmazonHelp,False,2017-10-17 06:26:28+00:00,@214881 Apologies for any trouble. Have you tried reporting this to our support team here: https://t.co/2t6DQoUmNZ ? ^AB,1572816,1572817.0,1572817.0
1572816,214881,True,2017-10-17 06:33:10+00:00,@AmazonHelp I have reported twice and no response yet.,1572818,1572815.0,1572817.0
1572818,AmazonHelp,False,2017-10-17 07:05:32+00:00,"@214881 How have you reported it to our support? Email, chat or call? ^Rw",1572819,1572816.0,1572817.0
1572819,214881,True,2017-10-17 08:39:19+00:00,"@AmazonHelp Reported support,Call and through Email.",1572820,1572818.0,1572817.0
1572820,AmazonHelp,False,2017-10-17 08:59:00+00:00,@214881 Our support team respond to emails latest by 12 hrs. of getting it. You may expect a revert on this accordingly. ^AB,,1572819.0,1572817.0
1574427,485222,True,2017-10-17 06:39:35+00:00,"So, uh... On Saturday I ordered some spatulas from @115821 and they were scheduled for delivery to an Amazon locker on Monday (today).
Yesterday I got an email saying they couldn't deliver and I may need to provide a security code.","1574426,1574428",,1574427.0
1574428,485222,True,2017-10-17 06:42:37+00:00,"@115821 Naturally I was confused; it's their locker how could I have a security code? I decided to bother about it later, and not long after the package was delivered and I picked it up as normal. The problem sorted itself out and it was even a day early, nice.",1576337,1574427.0,1574427.0
1576337,485222,True,2017-10-17 06:43:25+00:00,@115821 Just this evening I got another email saying it failed to deliver/got lost in transit and I should contact them to get it taken care of. ¯\_(ツ)_/¯,1576335,1574428.0,1574427.0
1574426,AmazonHelp,False,2017-10-17 06:44:28+00:00,"@485222 Hi, sorry to hear that, what's the current status of the tracking and estimated delivery date: https://t.co/Y5jpI9gRhE? ^JJ",,1574427.0,1574427.0
1576335,AmazonHelp,False,2017-10-17 06:50:29+00:00,"@485222 Apologies, it seems like you were went the emails in error, I'm happy to hear that you received your parcel. ^JJ",1576336,1576337.0,1574427.0
1576336,485222,True,2017-10-17 07:02:00+00:00,"@AmazonHelp Yeah, I contacted support to make sure I wouldn't get an extra sent or anything so it's all good. I only tweeted about it because I found the glitch kinda funny :)",,1576335.0,1574427.0
1579064,486256,True,2017-11-04 18:51:00+00:00,Pues cancele mi compra en @120533 ya que ha tardado 7 días hábiles al menos en llegar; un chiste eso,"1579063,1579065",,1579064.0
1579065,AmazonHelp,False,2017-11-04 19:02:35+00:00,"@486256 Buenas tardes,
No ofrecemos un servicio en español. 1/2
^MD",,1579064.0,1579064.0
1579063,AmazonHelp,False,2017-11-04 19:03:02+00:00,"@486256 Por favor, póngase en contacto con nuestro servicio en inglés a través de : https://t.co/qzuu0dgDXz  2/2
^MD",,1579064.0,1579064.0
1582547,487109,True,2017-10-17 07:19:02+00:00,"@115850 mobile recharge isn't working on your app, what happened??",1582545,,1582547.0
1582545,AmazonHelp,False,2017-10-17 07:44:29+00:00,"@487109 That's odd, could you let us know the error your getting? ^RW",1582546,1582547.0,1582547.0
1582546,487109,True,2017-10-17 07:48:58+00:00,"@AmazonHelp When i search on the app for mobile recharge amd proceed to enter the number , this error comes when i click the place order button",1582548,1582545.0,1582547.0
1582548,AmazonHelp,False,2017-10-17 08:24:28+00:00,"@487109 I understand your concern. However, could you let us know what's the error you're seeing on the screen while proceeding? ^AP",1582549,1582546.0,1582547.0
1582549,487109,True,2017-10-17 08:34:07+00:00,"@AmazonHelp Something on the lines of ""We're working to get this back up"" seeing it since yesterday",1582550,1582548.0,1582547.0
1582550,AmazonHelp,False,2017-10-17 08:58:00+00:00,@487109 Please connect with our support team here: https://t.co/2t6DQoUmNZ for further assistance on it. ^RW,1582551,1582549.0,1582547.0
1582551,487109,True,2017-10-17 09:10:34+00:00,@AmazonHelp Lol no thanks buddy,1582552,1582550.0,1582547.0
1582552,AmazonHelp,False,2017-10-17 09:39:00+00:00,@487109 I've forwarded this internally to the concerned team. Thanks for flagging. ^HK,,1582551.0,1582547.0
1590027,488896,True,2017-11-04 23:18:32+00:00,Pre-ordered in Aug. Game released yesterday. Won't get it til Tues. THX FOR SCREWING ME AGAIN @115821 ! NEVER ORDERING GAMES FROM YOU AGAIN! https://t.co/QtgHDbXCKo,1590026,,1590027.0
1590026,AmazonHelp,False,2017-11-04 23:47:27+00:00,"@488896 Sorry we let you down! We strive to ensure all deliveries are made on time. However, unforeseen circumstances can occur. ^SJ",,1590027.0,1590027.0
1592066,391453,True,2017-11-04 23:33:44+00:00,Tão gracinha essa atualização do app da @117086 💟💟💟 https://t.co/gCPxXKQYHm,1592065,,1592066.0
1592065,AmazonHelp,False,2017-11-05 00:58:30+00:00,@391453 Oi Tamires. Linda demais! 😍🌳📚 ^JJ,,1592066.0,1592066.0
1598735,387082,True,2017-10-17 08:47:35+00:00,@AmazonHelp what kind of service is this?(2/2),"1598733,1598740",,1598735.0
1598733,AmazonHelp,False,2017-10-17 09:39:00+00:00,@387082 items are shipped to meet the estimates provided. Request you to wait until the estimated delivery dates. (2/2) ^ST,1598734,1598735.0,1598735.0
1598740,AmazonHelp,False,2017-10-17 09:39:00+00:00,@387082 Estimated delivery dates are calculated considering many factors and the items are shipped to meet the estimates (1/2) ^ST,,1598735.0,1598735.0
1598734,387082,True,2017-10-17 09:52:30+00:00,"@AmazonHelp It's 10 days after the shipping date....!!
Then why should I bought prime membership?!.. because I'm not having any benefits of it yet!!",1598736,1598733.0,1598735.0
1598736,AmazonHelp,False,2017-10-17 10:31:29+00:00,@387082 Not all products are eligible for Prime shipping. Please contact our support team here: https://t.co/vlvfJr4nN9 for details ^RI,1598737,1598734.0,1598735.0
1598737,387082,True,2017-10-17 10:35:16+00:00,@AmazonHelp But this one is prime eligible...it's showing me on your website,"1598738,1598739",1598736.0,1598735.0
1598738,AmazonHelp,False,2017-10-17 11:01:27+00:00,@387082 Kindly refer the link: https://t.co/yKZXHHwYt1 for more information. (2/2) ^MO,,1598737.0,1598735.0
1598739,AmazonHelp,False,2017-10-17 11:01:27+00:00,"@387082 Currently, guaranteed delivery options are available on Prime Eligible items in select cities and PIN codes. (1/2) ^MO",,1598737.0,1598735.0
1599637,491197,True,2017-10-28 22:14:41+00:00,"@AmazonHelp Two times using chat, still extremely unhappy. Promised delivery yesterday and wont arrive until possibly tuesday.",1599635,,1599637.0
1599635,AmazonHelp,False,2017-10-28 22:23:37+00:00,@491197 I'm Sorry! Unforeseen delays may occur. We aim to deliver as soon as we can. Please let us know if doesn't arrive. ^SJ,1599636,1599637.0,1599637.0
1599636,491197,True,2017-10-28 22:26:45+00:00,"@AmazonHelp I can order a brand new copy and have it be here Monday yet my copy from June could get here later than Tuesday, How is that acceptable?",,1599635.0,1599637.0
1600129,491336,True,2017-11-05 03:37:58+00:00,"@AmazonHelp SORELY disappointed in #AmazonPrime food delivery... Today was my first, and most likely, last time. Food was cold, ZERO heat...",1600128,,1600129.0
1600128,AmazonHelp,False,2017-11-05 04:26:30+00:00,"@491336 I'm sorry, this is not what we want to happen. Please reach out to us via chat or phone here: https://t.co/hApLpMlfHN ^LM",,1600129.0,1600129.0
1600972,323899,True,2017-10-17 09:28:20+00:00,"@115851 @115850
I've been cheated by a seller on Amazon India, and Amazon is not helping me reclaim my lost money.","1600970,1600974",,1600972.0
1600970,AmazonHelp,False,2017-10-17 09:53:00+00:00,@323899 You may revert to the email received from our team. We will check and connect with you accordingly. ^RW,1600971,1600972.0,1600972.0
1600971,323899,True,2017-10-17 09:59:48+00:00,@AmazonHelp How many times do I have to do this? I have been doing this for days. And ask your executives to have some professionalism and empathy.,1600973,1600970.0,1600972.0
1600973,323899,True,2017-10-17 10:00:59+00:00,@AmazonHelp #kickfraudstersoffAmazon,,1600971.0,1600972.0
1600974,323899,True,2017-10-17 10:06:14+00:00,@115851 @115850 Instead of receiving the product I ordered I was sent a  piece of cloth. I reported this to your team but they just don't understand.,"1606259,1606264",1600972.0,1600972.0
1606264,AmazonHelp,False,2017-10-17 10:32:34+00:00,"@323899 Sorry for disappointing experience you've had.Be assured, once we receive your revert we'll work on it and get back to you.^MM",1606525,1600974.0,1600972.0
1606525,323899,True,2017-10-17 10:33:15+00:00,@AmazonHelp Where should I reply now?,,1606264.0,1600972.0
1606259,AmazonHelp,False,2017-10-17 10:43:00+00:00,"@323899 I'm sorry for the unpleasant experience, we have sent a correspondence to your registered email ID. Kindly check. ^AH",1606260,1600974.0,1600972.0
1606260,323899,True,2017-10-17 11:04:55+00:00,@AmazonHelp I Haven't Received Any emails yet,1606261,1606259.0,1600972.0
1606261,AmazonHelp,False,2017-10-17 11:15:33+00:00,@323899 Please check the spam folder as well Assain. ^HN,1606262,1606260.0,1600972.0
1606262,323899,True,2017-10-17 11:17:04+00:00,"@AmazonHelp I Did, but there's no mail from AMAZON",1606263,1606261.0,1600972.0
1606263,AmazonHelp,False,2017-10-17 11:51:31+00:00,@323899 You can check it here: https://t.co/HqS7RagJ4I ^RW,,1606262.0,1600972.0
1601586,491656,True,2017-11-05 04:58:40+00:00,結局タブレットでアマゾンプライムビデオつながらないし意味がわからない。なにこれ,1601585,,1601586.0
1601585,AmazonHelp,False,2017-11-05 05:34:30+00:00,"@491656 Amazonビデオアプリにサインインができない状況でしょうか。
問題が解決しない場合は、ご利用環境を添えてカスタマーサービスまでお問い合わせください。https://t.co/J6YEizo6qC　MH",1601584,1601586.0,1601586.0
1601584,491656,True,2017-11-05 05:42:17+00:00,@AmazonHelp さっき問い合わせてさせていただきました。今返事待ちです。,1601583,1601585.0,1601586.0
1601583,AmazonHelp,False,2017-11-05 05:44:28+00:00,@491656 リプライありがとうございます。恐れ入りますが、カスタマーサービスからの回答をお待ちください。TN,,1601584.0,1601586.0
1602340,491839,True,2017-11-05 06:18:36+00:00,"@115850 Worst exp with any online wallet so far. Tried to add Amazon Pay Balance 2 times , both failed however charged twice from bank !!","1602337,1602342",,1602340.0
1602337,AmazonHelp,False,2017-11-05 06:40:28+00:00,@491839 Have you reported this to our support team here: https://t.co/2t6DQoUmNZ? (2/2)^HR,"1602338,1602339",1602340.0,1602340.0
1602342,AmazonHelp,False,2017-11-05 06:40:28+00:00,@491839 I’m sorry about the issue you’re facing with Pay balance. Let us look into it. (1/3)^HR,,1602340.0,1602340.0
1602339,491839,True,2017-11-05 08:54:41+00:00,"@AmazonHelp Yes this is reported. Of the two balance deductions, one has been credited to my Amazon Pay Balance , however not sure for second?",1602341,1602337.0,1602340.0
1602338,491839,True,2017-11-05 08:55:16+00:00,"@AmazonHelp I do not want the second to be credited in Amazon Pay as it was for retry , would like if the amount is directly credited to my card",,1602337.0,1602340.0
1602341,AmazonHelp,False,2017-11-05 09:17:26+00:00,@491839 We will not be able to update our internal teams via social platform. Please connect with our support for a resolution. ^RW,,1602339.0,1602340.0
1604978,492350,True,2017-10-30 15:44:36+00:00,@AmazonHelp Can you help me find an expiratiom date for this @116316 promotion? It doesn't say in T&amp;Cs. It's for @122427 https://t.co/nZQlJbhRSA,1604976,,1604978.0
1604976,AmazonHelp,False,2017-10-30 15:58:29+00:00,@492350 Hi Andreas! Can you provide us a link which leads to the mentioned item/promotion? Thanks in advance! ^RS,"1604975,1604977",1604978.0,1604978.0
1604977,492350,True,2017-10-30 16:15:18+00:00,@AmazonHelp Microsoft Office 365 Home multilingual | 5 Geräte | 1 Jahresabonnement | PC/Mac | Download https://t.co/93nXlaUL39,,1604976.0,1604978.0
1604975,492350,True,2017-11-05 08:58:09+00:00,@AmazonHelp Any news?,1604974,1604976.0,1604978.0
1604974,AmazonHelp,False,2017-11-05 09:09:00+00:00,@492350 Hi Andreas. Did you get in touch with us directly (phone/chat/email) to look into this? ^DC,,1604975.0,1604978.0
1608027,493834,True,2017-10-24 12:08:23+00:00,初めてamazonの指定日配送が届かなかった,1608026,,1608027.0
1608026,AmazonHelp,False,2017-10-24 12:41:01+00:00,@493834 ご迷惑をおかけしております。配送業者と連絡が取れない時間帯のため、本日中の回答が難しい状況かと思われますが、お調べのうえ適宜対応させていただきます。お手数ですが、こちらよりお問い合わせください。https://t.co/zycZopWs7u RI,,1608027.0,1608027.0
1611074,494504,True,2017-11-05 11:06:14+00:00,My crappy nazar has got my little Alexa Echo Dot in trouble! It’s stopped connecting to the internet. So frustrated right now. https://t.co/O9P5oIcnDh,1611072,,1611074.0
1611072,AmazonHelp,False,2017-11-05 11:31:27+00:00,"@494504 We'd like to get it out of trouble, kindly connect with us here: https://t.co/vlvfJr4nN9 ^SG",1611073,1611074.0,1611074.0
1611073,494504,True,2017-11-05 11:36:43+00:00,@AmazonHelp Thanks. But I guess the evil spell is over. It’s connected to the net and up and running https://t.co/DcQjpLRIE0,,1611072.0,1611074.0
1612456,494806,True,2017-11-26 03:35:13+00:00,Just received the worst customer service ever from @115821. Shocked and stunned. #badcustomerservice,1612455,,1612456.0
1612455,AmazonHelp,False,2017-11-26 03:43:32+00:00,"@494806 I'm so sorry for the poor experience. This is not the experience we want our customers to have. We'd love to help you. Without giving us any personal account information, can you tell us more about what you originally contacted us about? ^AY",1612454,1612456.0,1612456.0
1612454,494806,True,2017-11-26 03:46:27+00:00,@AmazonHelp A missing delivery,1612452,1612455.0,1612456.0
1612452,AmazonHelp,False,2017-11-26 03:56:35+00:00,"@494806 Does your delivery show it was delivered, yet you didn't receive it? If so, we recommend the following steps: https://t.co/m1GQlRonUl. Keep us posted! ^AM","1612451,1612453",1612454.0,1612456.0
1612453,494806,True,2017-11-26 03:57:18+00:00,@AmazonHelp Yes it does and all your customer service person told me is wait until Monday,,1612452.0,1612456.0
1612451,494806,True,2017-11-26 04:00:15+00:00,@AmazonHelp Pretty much done with Amazon after this,1612449,1612452.0,1612456.0
1612449,AmazonHelp,False,2017-11-26 04:11:00+00:00,"@494806 I understand your frustration. Typically, late packages are delivered the following business day. Please keep us posted if your package does not arrive by Monday, as we want to ensure it arrives.  ^GM",1612450,1612451.0,1612456.0
1612450,494806,True,2017-11-26 04:12:17+00:00,@AmazonHelp Honestly I won't even bother. I will just handle it through USPS. Still #badcustomerservice,,1612449.0,1612456.0
1614181,137471,True,2017-11-05 13:07:49+00:00,@118702 is far better in all when compared to @115850 #seriously,1614180,,1614181.0
1614180,AmazonHelp,False,2017-11-05 13:14:00+00:00,"@137471 That is quite a remark, Seths. Please let us know what went wrong and we will be happy to help you accordingly. ^KS",,1614181.0,1614181.0
1618338,496188,True,2017-11-05 14:24:55+00:00,I ordered Krishna dress for my  nephew for  fancy dress competition scheduled on14/11/17 but exp. delivery on 16/11/17. HELP. @AmazonHelp,"1618336,1618342",,1618338.0
1618342,AmazonHelp,False,2017-11-05 14:53:54+00:00,@496188 I understand your concern. Orders are mapped for the delivery based on the estimated delivery date. 1/2 ^RI,,1618338.0,1618338.0
1618336,AmazonHelp,False,2017-11-05 14:59:00+00:00,@496188 I'm afraid that we cannot promise the delivery before the estimates. 2/2 ^RI,1618337,1618338.0,1618338.0
1618337,496188,True,2017-11-06 05:38:43+00:00,@AmazonHelp Okay. But even if you do not promise  but I still have faith in @AmazonHelp . So I am sharing order number with you . 406-8848204-3904302,"1618339,1618340,1618341",1618336.0,1618338.0
1618340,AmazonHelp,False,2017-11-06 06:04:29+00:00,@496188 Please reach out to us from the link here:  https://t.co/TxK11znixD and we will assist you accordingly. (2/3)^HR,,1618337.0,1618338.0
1618341,AmazonHelp,False,2017-11-06 06:04:29+00:00,"@496188 As this is a social media platform, we can't view your account/order details.(1/3)^HR",,1618337.0,1618338.0
1618339,AmazonHelp,False,2017-11-06 06:05:00+00:00,"@496188 Also, as this a social medial platform, please don't provide order details. We consider it personal information.(3/3)^HR",,1618337.0,1618338.0
1621299,496823,True,2017-11-05 16:39:19+00:00,"@115821 Thx for Amazon Prime update, but I'm skeptical of same-day, 1-day delivery. Free 2-day delivery was more like a 10-day UPS ordeal.",1621298,,1621299.0
1621298,AmazonHelp,False,2017-11-05 16:45:00+00:00,@496823 I'm sorry for the wait. Some items aren't able to ship immediately. Was the date on the confirmation e-mail missed? ^AN,1621297,1621299.0,1621299.0
1621297,496823,True,2017-11-05 16:46:51+00:00,"@AmazonHelp There was a delivery attempt on day 3, but it was after business hours. I could not find the tracking number in Amazon's email messages.",1621295,1621298.0,1621299.0
1621295,AmazonHelp,False,2017-11-05 16:53:00+00:00,@496823 What's the current status on the delivery? https://t.co/Y5jpI9gRhE ^MJ,1621296,1621297.0,1621299.0
1621296,496823,True,2017-11-05 16:55:40+00:00,"@AmazonHelp Everything has been delivered now, but it took a few phone calls with UPS. It would be helpful to have tracking numbers in email messages.",,1621295.0,1621299.0
1631143,499209,True,2017-10-17 12:22:09+00:00,Yo @115821 what's the point of paying for a prime membership if my shit is taking a week to get to me?!?,1631141,,1631143.0
1631141,AmazonHelp,False,2017-10-17 12:33:35+00:00,"@499209 Hi, sorry to hear that, are your orders getting delayed in transit or before dispatch? ^JJ",1631142,1631143.0,1631143.0
1631142,499209,True,2017-10-17 12:49:02+00:00,@AmazonHelp Before dispatch.,1631144,1631141.0,1631143.0
1631144,AmazonHelp,False,2017-10-17 12:53:03+00:00,"@499209 Just to confirm, are we missing the delivery dates provided in your original order confirmation e-mails? ^RA",1631145,1631142.0,1631143.0
1631145,499209,True,2017-10-17 12:55:55+00:00,@AmazonHelp Yes. Original delivery was yesterday now it's saying Wednesday.,1631146,1631144.0,1631143.0
1631146,AmazonHelp,False,2017-10-17 13:28:34+00:00,@499209 Gotcha! Can you tell us who the carrier is? You can view it from the tracking here: https://t.co/Y5jpI9gRhE ^TK,1631147,1631145.0,1631143.0
1631147,499209,True,2017-10-17 13:59:24+00:00,@AmazonHelp Mr. Bigg Deals?,1631148,1631146.0,1631143.0
1631148,AmazonHelp,False,2017-10-17 14:16:00+00:00,@499209 We'd like to look into this further with you. Please reach out to us by phone or chat here: https://t.co/EKXRLsnxJu ^GR,,1631147.0,1631143.0
1631587,144477,True,2017-11-26 04:16:53+00:00,"@115850 
Order not received
Order# 402-8236444-9314749
Status:Delivered yesterday
Courier: Delhivery, Tracking #: 5180792515113",1631586,,1631587.0
1631586,AmazonHelp,False,2017-11-26 04:27:33+00:00,"@144477 Apologies for the incorrect tracking status. Please reach out to our support here: https://t.co/vlvfJr4nN9 and we will check this out for you.

Please don’t provide your order details as we consider them to be personal information. Our page is visible to public. ^AH",,1631587.0,1631587.0
1638599,198558,True,2017-10-17 13:09:50+00:00,@115850 product not received.  Order #3969,"1638597,1638601",,1638599.0
1638601,AmazonHelp,False,2017-10-17 13:26:00+00:00,"@198558 Apologies, Pranjal. Please report this to our support team here: https://t.co/vlvfJr4nN9 and we’ll be glad to help you 1/2 ^NK",,1638599.0,1638599.0
1638597,AmazonHelp,False,2017-10-17 13:26:40+00:00,"@198558 Please don't provide your order details, as we consider it to be personal information. Our Twitter page is public.​ 2/2 ^NK",1638598,1638599.0,1638599.0
1638598,198558,True,2017-10-17 13:34:14+00:00,@AmazonHelp Product received.  Thanks for responding.,1638600,1638597.0,1638599.0
1638600,AmazonHelp,False,2017-10-17 13:47:00+00:00,@198558 Thanks a bunch for keeping us posted. We appreciate the gesture. ^CB,,1638598.0,1638599.0
1638679,501080,True,2017-10-17 13:13:32+00:00,"@AmazonHelp i switched to a monthly prime payment and it said I would be refunded for the yearly charge, when should i expect it?",1638678,,1638679.0
1638678,AmazonHelp,False,2017-10-17 13:19:00+00:00,@501080 Refunds generally are completed in about 3-5 business days. This usually depends on the banks processing time of the refund. ^MH,,1638679.0,1638679.0
1645710,115830,True,2017-10-14 07:00:12+00:00,Pumpkin spice &amp; everything nice - make your own here. #PSL 🍂 https://t.co/tAfhLW6S3l https://t.co/bfDYr7dM1d,"1645707,1645711,1645712",,1645710.0
1645707,502872,True,2017-10-17 13:33:25+00:00,"@115830 Are your driver normally rude and suspicious?! Just parked my,before I got out. ""where do you live"" ?? Which house do you live at!!! no ID",1645704,1645710.0,1645710.0
1645704,AmazonHelp,False,2017-10-17 13:45:09+00:00,"@502872 I'm sorry for the delivery issue. To clarify, who's the courier on your order, listed here: https://t.co/aaDyEz1VgE? ^AN","1645705,1645706",1645707.0,1645710.0
1645705,502872,True,2017-10-17 13:52:32+00:00,"@AmazonHelp I haven't got an order with you.It was my neighbours order.Just thought it was so strange,no,good morning just shouting across the street!",1645708,1645704.0,1645710.0
1645708,143313,True,2017-10-19 00:04:43+00:00,@502872 @AmazonHelp To be fair that driver has had to poo in his own van due to delivery pressures courtesy of Amazon &amp;  the scum agency they use for delivery,1645709,1645705.0,1645710.0
1645709,143313,True,2017-10-19 00:05:48+00:00,@502872 @AmazonHelp I'd be pretty grumpy too if I was lumped with that much (and illegal levels of) pressure,,1645708.0,1645710.0
1645711,502873,True,2017-10-19 13:30:23+00:00,@115830 Is this a fake email? https://t.co/tHVvPN0YOB,2190809,1645710.0,1645710.0
1645706,502873,True,2017-10-19 13:31:56+00:00,@AmazonHelp @502872 Is this a fake email? It was sent by __email__ https://t.co/BrX1Vj7cJ1,,1645704.0,1645710.0
2190809,AmazonHelp,False,2017-10-19 13:37:00+00:00,@502873 It doesn't look like an e-mail from us. Please report the e-mail here and we'll dig into this: https://t.co/ppPrsSRTON ^MJ,2190808,1645711.0,1645710.0
2190808,502873,True,2017-10-19 13:39:50+00:00,@AmazonHelp Done. Thank you for the help!,2190807,2190809.0,1645710.0
2190807,AmazonHelp,False,2017-10-19 13:41:30+00:00,@502873 Thanks very much. You're welcome. ^NV,,2190808.0,1645710.0
1645712,640920,True,2017-10-19 13:42:45+00:00,@115830 You robbed money from my bank account and you still haven't responded. You dirty thieves.,2189022,1645710.0,1645710.0
2189022,AmazonHelp,False,2017-10-19 13:48:29+00:00,@640920 I'm sorry for the unexpected charge! Without providing any sensitive info could you tell us more about the situation? ^ZW,2189023,1645712.0,1645710.0
2189023,640920,True,2017-10-19 13:54:33+00:00,@AmazonHelp On the 13th of october i ordered 2 dvds and a shirt. These items were shipped on monday and i was charged the full amount (€94.11) So why is there a charge of €32.21 taken on the 13th of October? Your customer service by email is appalling.,2189024,2189022.0,1645710.0
2189024,AmazonHelp,False,2017-10-19 13:59:36+00:00,@640920 Reach us via phone so we can research this charge in real-time: https://t.co/JzP7hlA23B Let us know if we can assist further! ^KN,,2189023.0,1645710.0
1649115,503757,True,2017-11-05 21:49:04+00:00,@AmazonHelp so it’s “delivered” - I call Immediately to say it hasn’t been delivered &amp; CSR says to “wait a day”! 👌🏻🙄 #PrimeMemberForWhat https://t.co/GipMNRIWMw,1649112,,1649115.0
1649112,AmazonHelp,False,2017-11-05 22:59:04+00:00,@503757 I'm sorry you haven't received your order. Carriers sometimes scan packages too early. Thanks for waiting another day. ^SE,"1649113,1649114",1649115.0,1649115.0
1649113,503757,True,2017-11-07 22:57:41+00:00,"@AmazonHelp Amazon, you know you’ve had GREAT customer service with me in the past... very quick to respond or fix things... but now? 👎🏼👎🏼 Two thumbs WAY down!",,1649112.0,1649115.0
1649114,503757,True,2017-11-11 19:42:28+00:00,"@AmazonHelp Not like I had a choice... but 2 days shipping, means two days! Still never got the package. 🙄 has tonrefund and order another! #Annoyed",,1649112.0,1649115.0
1652940,504625,True,2017-11-06 07:16:44+00:00,"@115850 when phone is out if stock pls dnt decieve customer...felt humiliation,dnt misguide ur loyal customers https://t.co/zYc3KJep5Q",1652939,,1652940.0
1652939,AmazonHelp,False,2017-11-06 07:54:00+00:00,@504625 The phone has to be added to the cart only at the time of sale. Could you please confirm if you have done the same? ^HR,,1652940.0,1652940.0
1655101,AmazonHelp,False,2017-10-17 14:09:30+00:00,"@501074 I'm afraid we can't access your account details to add address to it. Once you fill in the form, we'll get access. ^HA","1655102,1655103,1655100,1655104,1655105,1655106",,1655101.0
1655100,501074,True,2017-10-17 14:19:21+00:00,@AmazonHelp Yes I have fill that form,1655099,1655101.0,1655101.0
1655099,AmazonHelp,False,2017-10-17 14:36:00+00:00,@501074 Thank you for the confirmation. We'll get back to you soon. ^SU,,1655100.0,1655101.0
1657367,505687,True,2017-11-06 03:44:40+00:00,@115850 very poor service not receive my product yet. What is the use of giving gift of rs.50. Any penalty in late shipment . https://t.co/hDk1c5sZtz,1657366,,1657367.0
1657366,AmazonHelp,False,2017-11-06 04:01:00+00:00,"@505687 I'm sorry about the delay in delivery. I’d like to assist you, please fill this form: https://t.co/beaaDm0muc ^RW",,1657367.0,1657367.0
1660431,506519,True,2017-11-06 05:12:32+00:00,@115821 @115830 pls check seller number 38-3833518 is selling pirated CD. @1123 is the legal distributor for this album. https://t.co/ppQ4TjyIOu,1660429,,1660431.0
1660429,AmazonHelp,False,2017-11-06 05:57:24+00:00,@506519 Thank you for bring this to our attention! You can report sellers by contacting us here: https://t.co/JzP7hlA23B ^NN,1660430,1660431.0,1660431.0
1660430,506519,True,2017-11-06 06:11:02+00:00,@AmazonHelp @67223 please check this out!!!,,1660429.0,1660431.0
1661414,149070,True,2017-11-06 08:41:32+00:00,This is not true. No one came to pick up or called us even. Logistics is lying and blaming on customer. @115850 @115851 https://t.co/pwY5jqXnDD,"1661413,1661415",,1661414.0
1661413,AmazonHelp,False,2017-11-06 08:57:53+00:00,"@149070 Also, don’t provide your order details as its personal information. Our Twitter page is visible to public. 2/2 ^RS",,1661414.0,1661414.0
1661415,AmazonHelp,False,2017-11-06 08:57:53+00:00,@149070 Apologies for the confusion. Please share your details here: https://t.co/vlvfJr4nN9 for support with this. 1/2 ^RS,,1661414.0,1661414.0
1664472,507259,True,2017-11-06 10:04:43+00:00,The story about a family with multiple @115821 Echo devices and a @115888 premium account does not end as well as you would imagine … 😕,1664470,,1664472.0
1664470,AmazonHelp,False,2017-11-06 10:15:34+00:00,"@507259 Sorry, can you tell us a bit more about the issue? Is your acc on https://t.co/JzTHfPQkGO? ^JJ",1664471,1664472.0,1664472.0
1664471,507259,True,2017-11-06 10:20:57+00:00,"@AmazonHelp DE, household with two kids, each one has its own Spotify account. We cannot connect the individual Echos with different Spotify accounts.",1664473,1664470.0,1664472.0
1664473,AmazonHelp,False,2017-11-06 10:35:54+00:00,"@507259 Hi, das ist derzeit leider nicht möglich. Dein Feedback gebe ich gerne weiter. Grüße ^AK","1664474,1664475",1664471.0,1664472.0
1664474,507259,True,2017-11-06 10:39:04+00:00,@AmazonHelp So for now its giving up on the concept of a household and using individual Amazon accounts for each family member and Echo device.,,1664473.0,1664472.0
1664475,507259,True,2017-11-12 11:25:41+00:00,"@AmazonHelp Ist es denn mit Music Unlimited (Family) möglich, mehrere Echos jeweils mit versch. Accounts der Familienmitglieder zu verknüpfen und trotzdem alle dem gleichen Haushalt anzugehören?",1664476,1664473.0,1664472.0
1664476,AmazonHelp,False,2017-11-12 11:40:57+00:00,@507259 Unsere Spezialisten haben Einblick darauf und können das gerne für dich prüfen :) Melde dich am besten über den folgenden Link: https://t.co/ohyvGrpvrY ^SK,,1664475.0,1664472.0
1666173,507601,True,2017-11-26 04:48:43+00:00,"Thank you @116935, so easy and convenient to stream some live cuts of @507602 music  while doing some chores",1666172,,1666173.0
1666172,AmazonHelp,False,2017-11-26 04:54:30+00:00,@507601 Music makes chores so much more fun! Rock on! ^HS,,1666173.0,1666173.0
1676407,379036,True,2017-10-17 16:06:27+00:00,"Qué pasó @116875  noes la primera vez q fallas en algo.Pense q teníamos algo especial 💔 soy Prime,lo pedí n marzo 😩  quiero 1 recompensa https://t.co/k149NX030y",1676405,,1676407.0
1676405,AmazonHelp,False,2017-10-17 16:13:02+00:00,@379036 Hola Memo. En caso de que tu pedido no llegue en la fecha estimada de entrega contactanos para brindarte asistencia. ^HC,1676406,1676407.0,1676407.0
1676406,379036,True,2017-10-17 16:20:03+00:00,@AmazonHelp Y que me dices a esto?  Se supone que hoy debería llegar!! https://t.co/p6hmRBu6Kp,1676408,1676405.0,1676407.0
1676408,AmazonHelp,False,2017-10-17 16:31:05+00:00,"@379036 Lamento este inconveniente, ¿Has entrado en contacto con el transportista para verificar lo sucedido? ^AZ",1676409,1676406.0,1676407.0
1676409,379036,True,2017-10-17 16:57:43+00:00,"@AmazonHelp No, por que no hay dato de quién entrega ni rastreo",1676410,1676408.0,1676407.0
1676410,AmazonHelp,False,2017-10-17 17:01:47+00:00,@379036 Para mayor información puedes entrar en contacto con Servicio al Cliente: https://t.co/beR78zMMYB. ^KS,,1676409.0,1676407.0
1680077,283812,True,2017-11-06 15:54:04+00:00,"@AmazonHelp Hi, have a package to return but you keep charging me for the return when I will arrange my own return. How do I avoid this?",1680075,,1680077.0
1680075,AmazonHelp,False,2017-11-06 15:59:00+00:00,"@283812 Hi, Ashley. Would you mind telling us what the reason for return is? Thanks! ^LB",1680076,1680077.0,1680077.0
1680076,283812,True,2017-11-06 17:07:33+00:00,@AmazonHelp Just wasn't needed anymore..,1680078,1680075.0,1680077.0
1680078,AmazonHelp,False,2017-11-06 17:13:00+00:00,"@283812 We'd like to review your available options. When you have the time, please contact us here: https://t.co/JzP7hlA23B ^RA",,1680076.0,1680077.0
1684962,511989,True,2017-10-25 23:03:31+00:00,アマゾンがプリパラのBDBOXと3dsゲームの支払い番号を送ってこないんじゃが…,1684961,,1684962.0
1684961,AmazonHelp,False,2017-10-25 23:40:00+00:00,@511989 ご心配をおかけしております。Amazon発送の商品の場合、出荷準備に入り次第お支払い番号が発行されます。発行時にはEメールでご案内いたしますが、メッセージセンターからもその内容をご確認いただけます。https://t.co/T4O8Kak3dh 　MH,,1684962.0,1684962.0
1688732,192392,True,2017-11-25 13:15:39+00:00,"@115850 need urgent help with an order, emergency situation. Can you help please?",1688729,,1688732.0
1688729,AmazonHelp,False,2017-11-25 13:41:26+00:00,@192392 Could you please elaborate the issue so that we can assist you accordingly. ^SU,"1688730,1688731",1688732.0,1688732.0
1688731,192392,True,2017-11-25 15:25:31+00:00,@AmazonHelp Have an order scheduled for delivery tomorrow. I’d like it to be delivered before 12 noon,1688735,1688729.0,1688732.0
1688730,192392,True,2017-11-25 15:26:26+00:00,"@AmazonHelp It’s to help my mobility after a serious leg injury, priority delivery will be appreciated",1688733,1688729.0,1688732.0
1688733,AmazonHelp,False,2017-11-25 15:51:53+00:00,"@192392 Noted! Could you please write us with your order details, here: https://t.co/vlvfJr4nN9 so this can be communicated with our team? ^YP",1688734,1688730.0,1688732.0
1688735,AmazonHelp,False,2017-11-25 15:55:00+00:00,"@192392 I understand your concern regarding the delivery of your order. We cannot speculate on the timelines of the order delivery, the order will be delivered to you at any time before 8.00 p.m of the day. ^SU",,1688731.0,1688732.0
1688734,192392,True,2017-11-25 16:07:48+00:00,"@AmazonHelp Done, thanks",,1688733.0,1688732.0
1694497,202269,True,2017-10-17 16:17:27+00:00,"@115850 
Thanks To you for delivering the Product so fast!
Made Diwali More Special!
Surely you know the secret of keeping customers Happy",1694496,,1694497.0
1694496,AmazonHelp,False,2017-10-17 17:08:33+00:00,@202269 Such comments make our day. We wish you a very happy and healthy festive season too. ^CB,,1694497.0,1694497.0
1699075,515281,True,2017-10-29 10:12:22+00:00,Every time @116324 deliver something for @115830 I’ve never actually received the item. Apparently posted when I was in.,1699073,,1699075.0
1699073,AmazonHelp,False,2017-10-29 10:22:25+00:00,@515281 Apologies Max. What does the tracking advise on Hermes website? Reach out - https://t.co/JzP7hlA23B we'd like to investigate ^TP,1699074,1699075.0,1699075.0
1699074,515281,True,2017-10-29 10:35:53+00:00,@AmazonHelp __credit_card__ was apparently posted through letterbox at 13:26 yesterday. Item prob wouldn’t fit in letter box. Checked with neighbour,1699076,1699073.0,1699075.0
1699076,AmazonHelp,False,2017-10-29 10:49:25+00:00,@515281 Thanks for clarifying Matt. Best to get in touch so we can raise this directly with the carrier -  https://t.co/JzP7hlA23B ^TP,1699077,1699074.0,1699075.0
1699077,515281,True,2017-10-29 10:56:28+00:00,"@AmazonHelp Shall do, thanks.",1699078,1699076.0,1699075.0
1699078,AmazonHelp,False,2017-10-29 11:00:25+00:00,@515281 Our pleasure! Please let us know if there's anything further we can do to assist! ^KN,1699079,1699077.0,1699075.0
1699079,515281,True,2017-10-29 15:14:05+00:00,@AmazonHelp Turns out they put it through another neighbours door. No card. Hermes really aren’t a great courier service.,,1699078.0,1699075.0
1699747,326943,True,2017-10-17 17:23:32+00:00,@AmazonHelp Delivery was fine with FedEx and USPS. Probably because those drivers knew the area. Train Flex drivers to be more determined.,1699745,,1699747.0
1699745,AmazonHelp,False,2017-10-17 17:29:29+00:00,@326943 We want to investigate this further with you. Please reach out to us using the secure link: https://t.co/2Q6ZdpCC2f ^GR,1699746,1699747.0,1699747.0
1699746,326943,True,2017-10-17 17:33:15+00:00,@AmazonHelp Sure. Just did.,,1699745.0,1699747.0
1711463,518434,True,2017-11-07 01:35:05+00:00,Why does my @115833 keep shutting down after I ask it to play Xmas songs? Is @115821 passive aggressively telling me it's too soon?!,1711462,,1711463.0
1711462,AmazonHelp,False,2017-11-07 01:48:31+00:00,@518434 I'm sorry for the trouble your Echo is giving you. Have you tired any of these troubleshooting steps: https://t.co/qkcl5ONOEI? ^AR,,1711463.0,1711463.0
1718733,444669,True,2017-11-07 05:11:27+00:00,@115850 why refund not yet given for this order ₹799 see snap https://t.co/6T5Xy1NOdl,1718732,,1718733.0
1718732,AmazonHelp,False,2017-11-07 05:20:00+00:00,@444669 Sorry for the delay. Please contact our support team here: https://t.co/vlvfJr4nN9 we will get it resolved. ^GU,1718731,1718733.0,1718733.0
1718731,444669,True,2017-11-07 05:45:16+00:00,@AmazonHelp No one support ing for it two time i send mail and feedbak,1718730,1718732.0,1718733.0
1718730,AmazonHelp,False,2017-11-07 06:04:40+00:00,@444669 Sorry to know that the issue isn't resolved. Please share your details here: https://t.co/GIJyeYqKE0 and I'll reach out. ^KA,1718704,1718731.0,1718733.0
1718704,444669,True,2017-11-07 06:19:37+00:00,@AmazonHelp 408-7381410-8288305 refund not yet given amazon must pay panality as 5 days passed for amount ₹699,"1718702,1718728,1718729",1718730.0,1718733.0
1718729,AmazonHelp,False,2017-11-07 06:29:00+00:00,@444669 That's strange. Sorry to hear you are yet to receive your refund. Let us work on this right away. Kindly reach us via(1/2)^VM,,1718704.0,1718733.0
1718728,AmazonHelp,False,2017-11-07 06:31:00+00:00,@444669 via https://t.co/r8OjOjMdND and we'll look into this for you.  (2/2) ^VM,,1718704.0,1718733.0
1718702,AmazonHelp,False,2017-11-07 06:31:27+00:00,"@444669 Please don’t provide your order details, we consider them as personal information. Our Twitter page is visible to public. ^VM",1718703,1718704.0,1718733.0
1718703,444669,True,2017-11-07 06:56:51+00:00,@AmazonHelp So how u gona resolve it,1718705,1718702.0,1718733.0
1718705,AmazonHelp,False,2017-11-07 07:26:00+00:00,@444669 May I know if you've reached out to our support team through the link provided earlier? ^EM,1718706,1718703.0,1718733.0
1718706,444669,True,2017-11-07 08:06:01+00:00,@AmazonHelp I given u guys order id and still dnt wana help almost 7 days passesd why refund not yet given,"1718707,1718708",1718705.0,1718733.0
1718707,AmazonHelp,False,2017-11-07 08:36:35+00:00,@444669 we'll look into it and reach out to you soon. 2/2 ^AP,,1718706.0,1718733.0
1718708,AmazonHelp,False,2017-11-07 08:36:35+00:00,@444669 We cannot access your Amazon account via Twitter. Kindly share your details here: https://t.co/beaaDm0muc 1/2 ^AP,"1718709,1718710,1718711",1718706.0,1718733.0
1718710,444669,True,2017-11-07 16:38:07+00:00,@AmazonHelp Still i dnt get my refund why,,1718708.0,1718733.0
1718711,444669,True,2017-11-07 16:39:48+00:00,"@AmazonHelp Plz provide me update as i bought many  &amp; return details
Order date
27-Oct-2017
Order 
408-7381410-8288305
Order total  2,024.00 (4 items)","1718713,1718714",1718708.0,1718733.0
1718709,444669,True,2017-11-07 16:40:17+00:00,@AmazonHelp Dear all amazon users last 7 days my refund not yet give why,1718712,1718708.0,1718733.0
1718712,444669,True,2017-11-07 16:40:45+00:00,@AmazonHelp Plz donot use amazon service s,,1718709.0,1718733.0
1718714,AmazonHelp,False,2017-11-07 17:10:07+00:00,@444669 We wouldn't be able to access your account on twitter. Please contact us here: https://t.co/rS49hgaADF for assistance.1/2 ^BV,1718721,1718711.0,1718733.0
1718713,AmazonHelp,False,2017-11-07 17:10:37+00:00,"@444669 Please don't provide your order details, we consider it to be personal information. Our page is visible to the public. 2/2 ^BV",1718715,1718711.0,1718733.0
1718715,444669,True,2017-11-07 17:11:47+00:00,@AmazonHelp U guys dnt wana help and dnt wana refund my 699,1718716,1718713.0,1718733.0
1718716,AmazonHelp,False,2017-11-07 17:39:23+00:00,@444669 Could you confirm if you've shared the required details on the link provided earlier? ^OS,1718717,1718715.0,1718733.0
1718717,444669,True,2017-11-07 18:38:13+00:00,@AmazonHelp Yes how many times i hv to share my order no as i m frustrated u guys dnt want to hel,"1718718,1718719",1718716.0,1718733.0
1718718,AmazonHelp,False,2017-11-07 19:09:54+00:00,@444669 I've checked and see we haven't received your details. Please fill in your details here: https://t.co/GIJyeYqKE0. ^NR,,1718717.0,1718733.0
1718719,444669,True,2017-11-08 06:35:29+00:00,@AmazonHelp I m still waiting for my amount i.e.699₹,1718720,1718717.0,1718733.0
1718720,AmazonHelp,False,2017-11-08 07:02:28+00:00,@444669 Apologies for the delay. Request you to share your details via the secure link mentioned earlier. We'll look into it. ^SB,,1718719.0,1718733.0
1718721,444669,True,2017-11-08 07:04:17+00:00,"@AmazonHelp Plz provide me update as i bought many  &amp; return details
Order date
27-Oct-2017
Order 
408-7381410-8288305
Order total  2,024.00 (4 items)","1718722,1718723",1718714.0,1718733.0
1718722,AmazonHelp,False,2017-11-08 07:14:29+00:00,"@444669 be glad to help you. Please don't provide your order details, we consider it to be personal information. 2/2 ^SY","1718724,1718725",1718721.0,1718733.0
1718723,AmazonHelp,False,2017-11-08 07:14:29+00:00,@444669 I understand your concern regarding the refund of your order. Kindly contact us here: https://t.co/vlvfJr4nN9 &amp; we'll 1/2 ^SY,,1718721.0,1718733.0
1718724,444669,True,2017-11-08 08:39:03+00:00,@AmazonHelp Then u gona help me here as i unable to,,1718722.0,1718733.0
1718725,444669,True,2017-11-17 06:08:43+00:00,@AmazonHelp Why 50₹ took for delivery if its free still shows,"1718726,1718727",1718722.0,1718733.0
1718726,444669,True,2017-11-17 06:10:15+00:00,@AmazonHelp All user for amazon plz donot use it as these guys taking delivery charge as its showing free for delivery,,1718725.0,1718733.0
1718727,AmazonHelp,False,2017-11-17 06:15:28+00:00,@444669 I'm sorry about the hassle. You may reach out to our support team here: https://t.co/vlvfJr4nN9. We'll look into it. ^SB,,1718725.0,1718733.0
1729682,522756,True,2017-11-07 11:09:04+00:00,@119625 Guys Bosch Season 3? Hopefully its soon available on prime india.,"1729681,1729683",,1729682.0
1729683,AmazonHelp,False,2017-11-07 11:20:00+00:00,@522756 We will continue to add new content. Keeping checking https://t.co/FYM9PIZOR8 (1/2)^CB,,1729682.0,1729682.0
1729681,AmazonHelp,False,2017-11-07 11:20:31+00:00,@522756 where we highlight the latest movies and TV shows we have available.(2/2)^CB,,1729682.0,1729682.0
1730151,522867,True,2017-11-07 11:21:05+00:00,@115821 I'm a prime customer I placed an order due to be delivered today now not till tomorrow sometime y say prime as it's next or Sunday?,1730149,,1730151.0
1730149,AmazonHelp,False,2017-11-07 11:44:00+00:00,"@522867 sorry to hear that, were you given a reason for the delay? ^AS",1730150,1730151.0,1730151.0
1730150,522867,True,2017-11-07 11:46:05+00:00,@AmazonHelp Not that I can see..,1730152,1730149.0,1730151.0
1730152,AmazonHelp,False,2017-11-07 12:04:01+00:00,"@522867 Apologies, is there more info available in the tracking: https://t.co/aaDyEz1VgE? ^JJ",1730153,1730150.0,1730151.0
1730153,522867,True,2017-11-07 12:07:14+00:00,@AmazonHelp All I got.. https://t.co/45ftKmrKDJ,1730154,1730152.0,1730151.0
1730154,AmazonHelp,False,2017-11-07 12:26:00+00:00,@522867 Sorry about the delay. Please let us know if this isn't delivered tomorrow. ^RS,,1730153.0,1730151.0
1730661,320512,True,2017-11-07 11:34:57+00:00,@115821 guys thank you for delivering well delayed diwali gift after 2 weeks and in second time  :-) Appreciate the customer support,1730660,,1730661.0
1730660,AmazonHelp,False,2017-11-07 11:58:28+00:00,@320512 I apologize for the delayed delivery of your product. I've noted your comments and have forwarded your feedback internally. ^PJ,,1730661.0,1730661.0
1734516,523794,True,2017-11-07 13:27:47+00:00,@120540 ho chiesto più volte di essere ricontattato per violazione della #Privacy e di ottenere un risarcimento. @81620 @422761 https://t.co/yBinMVgFSj,1734514,,1734516.0
1734514,AmazonHelp,False,2017-11-07 13:44:02+00:00,"@523794 Senza indicarci i tuoi dati personali, puoi spiegarci meglio cosa sia successo? ^FA",1734515,1734516.0,1734516.0
1734515,523794,True,2017-11-07 14:07:31+00:00,"@AmazonHelp Quello che vedete in foto e io non sono Fulvio. Potete contattarmi, sono giorni che chiedo di farlo!",1734517,1734514.0,1734516.0
1734517,AmazonHelp,False,2017-11-07 14:13:27+00:00,"@523794 Io e il mio team vorremmo verificare l'accaduto, clicca qui: https://t.co/YqSLjWcfCa e compila i campi richiesti. A presto! ^FA",,1734515.0,1734516.0
1741766,AmazonHelp,False,2017-11-07 16:44:33+00:00,@493909 I understand your disappointment. Please reply to the email sent to you by our team for further insight to this issue. ^PJ,1741763,,1741766.0
1741763,493909,True,2017-11-07 16:47:15+00:00,@AmazonHelp But let me know what are the reasons behind call block and also tell me why replys are late from your side.,"1741761,1741765",1741766.0,1741766.0
1741765,AmazonHelp,False,2017-11-07 17:19:27+00:00,"@493909 I get you being upset, Jainesh. Twitter being a social media platform, we wouldn't be able to access your details 1/2 ^NK",,1741763.0,1741766.0
1741761,AmazonHelp,False,2017-11-07 17:19:56+00:00,@493909 from here. Request you to respond to the email correspondence for more assistance. 2/2^NK,1741762,1741763.0,1741766.0
1741762,493909,True,2017-11-07 17:21:30+00:00,@AmazonHelp Then reply emails you people are not replying my emails too just tell me what amazon want to do so i can proceed in my way #amazonFraud,1741764,1741761.0,1741766.0
1741764,AmazonHelp,False,2017-11-07 17:43:06+00:00,"@493909 If you have already sent a correspondence to the email sent by our team, we'll check and get back to you soon.  ^RI",,1741762.0,1741766.0
1751605,527745,True,2017-11-07 17:53:55+00:00,es culpa de @115821  que siempre ande sin dinero https://t.co/WTV289zZG1,1751604,,1751605.0
1751604,AmazonHelp,False,2017-11-07 18:19:02+00:00,"@527745 Hola Osorowski, estás haciendo un inversión en tu conocimiento. ❤ ^DA https://t.co/b8YWD5uxH9",,1751605.0,1751605.0
1751779,527789,True,2017-10-17 21:00:01+00:00,@AmazonHelp where the fuck is my package,1751778,,1751779.0
1751778,AmazonHelp,False,2017-10-17 21:03:44+00:00,"@527789 I'm sorry to hear about the trouble, Leah! Have we missed the delivery date given to you in your order confirmation email? ^HC",1751777,1751779.0,1751779.0
1751777,527789,True,2017-10-17 21:04:36+00:00,"@AmazonHelp Yeah, the package has been 'out for delivery' for 5 days now according to tracking and two others have yet to be dispatched",1751776,1751778.0,1751779.0
1751776,AmazonHelp,False,2017-10-17 21:27:30+00:00,@527789 Please reach out to us here: https://t.co/JzP7hlA23B so we can look into this with you in real time! ^ZW,,1751777.0,1751779.0
1753337,157765,True,2017-11-07 18:15:48+00:00,@116928 de vergüenza y sin solución A1EWVNM782AT3T,1753332,,1753337.0
1753332,AmazonHelp,False,2017-11-07 18:58:48+00:00,"@157765 Hola, lamentamos cualquier inconveniente ocurrido .¿Que ha pasado? ^MB","1753333,1753334,1753335,1753336",1753337.0,1753337.0
1753333,157765,True,2017-11-07 19:08:30+00:00,@AmazonHelp Pedido solicitado con tiempo por ser un regalo lo recojo hoy y me envían lo que quieren y que me aguante,,1753332.0,1753337.0
1753334,157765,True,2017-11-07 19:09:12+00:00,"@AmazonHelp Solución te devuelvo el dinero , que menos .  Sercicio Prime para qué , es el cuarto problema con ustedes",,1753332.0,1753337.0
1753335,157765,True,2017-11-07 21:08:01+00:00,@AmazonHelp Para qué preguntan ? Siguen en la misma línea . INCREIBLE,,1753332.0,1753337.0
1753336,157765,True,2017-11-08 22:55:26+00:00,@AmazonHelp Se van a dignar a dar una triste respuesta ????,,1753332.0,1753337.0
1760524,529869,True,2017-11-07 19:56:55+00:00,"@115850  What is this push notification? Are you testing push notification on production server ? If not why the notification has only ""sss"" ? What does it mean ? https://t.co/6dcBSg1j7M",1760523,,1760524.0
1760523,AmazonHelp,False,2017-11-07 20:06:32+00:00,@529869 This appears to an error. Thanks for flagging this. We'll have this reviewed internally. ^NR,,1760524.0,1760524.0
1770236,532182,True,2017-11-07 23:03:52+00:00,@AmazonHelp I've removed all methods of payments and canceled my amazon prime yet it still took money out of my account help?,1770235,,1770236.0
1770235,AmazonHelp,False,2017-11-07 23:19:29+00:00,@532182 Please reach out directly by phone/chat to us here: https://t.co/JzP7hlA23B so we can take a closer look. ^TN,,1770236.0,1770236.0
1772264,211840,True,2017-11-08 01:55:46+00:00,@amazonhelp I would inform your delivery folks that this is NOT “handed directly to a resident.” #Lazy #UpPrivateDriveway https://t.co/7yDXGF08hm,1772262,,1772264.0
1772262,AmazonHelp,False,2017-11-08 01:58:31+00:00,@211840 I'm sorry to see this! Who was the carrier listed for this order: https://t.co/Y5jpI9ys9c? ^WM,1772263,1772264.0,1772264.0
1772263,211840,True,2017-11-08 02:16:58+00:00,@AmazonHelp AMZL US,1772265,1772262.0,1772264.0
1772265,AmazonHelp,False,2017-11-08 02:28:27+00:00,@211840 So sorry for the experience. We'd like to look at this for you. Please leave us your details here: https://t.co/dOJ3nKsLg0 ^MH,,1772263.0,1772264.0
1773509,533023,True,2017-11-08 00:36:32+00:00,"Please don't do @117795 it's a scam,they go back later and take money out your account, talking about re-accuring fee.dont do if you do just check tour account",1773508,,1773509.0
1773508,AmazonHelp,False,2017-11-08 00:58:00+00:00,"@533023 I'm sorry for your poor experience! Without revealing account information, please tell us what happened. ^SE",1773507,1773509.0,1773509.0
1773507,533023,True,2017-11-08 02:45:49+00:00,"@AmazonHelp I ordered some stuff,and it offered me prime shipping which I gladly accepted it.I check my bank statement today and they charge me almost $12.so I called and they say because I use the free one months ago,but when I was checking out it never told me I was ineligible for it",1773505,1773508.0,1773509.0
1773505,AmazonHelp,False,2017-11-08 02:52:00+00:00,@533023 I am so sorry about that TJ! When you contacted us what options where you provided? ^LS,1773506,1773507.0,1773509.0
1773506,533023,True,2017-11-08 03:17:06+00:00,"@AmazonHelp I was going to refund the whole order,but I didn't so they just gave me my 12 bucks back,I'm still no happy",,1773505.0,1773509.0
1776399,526200,True,2017-11-07 23:46:37+00:00,Pues vamos con el capítulo 5 de 6 de la primera temporada de #LORE @1092 en @116618 muy enganchado y muy recomendable.,1776397,,1776399.0
1776397,AmazonHelp,False,2017-11-07 23:59:28+00:00,"@526200 ¡Hola, Javi! Espero que disfrutes mucho de esta temporada. :D ¡Saludos! ^CR",1776398,1776399.0,1776399.0
1776398,526200,True,2017-11-08 00:10:10+00:00,@AmazonHelp Muchísimo. ¿Habrá segunda? Esta ha sido muy cortita... 😥😥😭😭,1776400,1776397.0,1776399.0
1776400,AmazonHelp,False,2017-11-08 00:29:30+00:00,@526200 Sin duda Javi.En estos momentos no tenemos informaciones al respecto.Ponte atento a nuestras redes sociales para novedades. ^JJ,,1776398.0,1776399.0
1777715,283664,True,2017-11-25 13:43:01+00:00,@AmazonHelp @126705 So my package finally arrived 2 days late. And someone has opened it... It was despatched on time so who's been poking?? https://t.co/OBjbfvsDD0,1777714,,1777715.0
1777714,AmazonHelp,False,2017-11-25 13:48:00+00:00,@283664 Sorry to hear about this. Were your items intact? Can you call us here:  https://t.co/JzP7hlA23B so we can look into this for you? ^MI,,1777715.0,1777715.0
1794083,539137,True,2017-10-18 00:24:55+00:00,"Pedí una cama por @115821 en el mes de julio, viene de Israel, aún no llega y el proceso ha sido un INFIERNOOO, ¿cómo va su día?",1794081,,1794083.0
1794081,AmazonHelp,False,2017-10-18 00:27:33+00:00,"@539137 Hola. Sin compartir el número de pedido, ¿cuál es la fecha de entrega indicada en el correo electrónico de confirmación? ^CR",1794082,1794083.0,1794083.0
1794082,539137,True,2017-10-18 00:44:58+00:00,@AmazonHelp 12 de septiembre :(,1794084,1794081.0,1794083.0
1794084,AmazonHelp,False,2017-10-18 00:50:00+00:00,@539137 Lamento el atraso. ¿El pedido fue gestionado por Amazon o por un vendedor desde nuestro sitio? ^CR,,1794082.0,1794083.0
1801026,541160,True,2017-10-29 00:15:51+00:00,"@115821 used to surprise me with early deliveries. Now, #amazonprime surprises me if it happens to deliver on time.
What am I paying for?",1801025,,1801026.0
1801025,AmazonHelp,False,2017-10-29 00:19:27+00:00,@541160 Oh no! Did we miss a delivery date provided at check out? We'd love to help! ^BL,,1801026.0,1801026.0
1811649,413682,True,2017-10-18 02:37:17+00:00,@AmazonHelp very pathetic service by amazon . they even dont know where is product . call 9713730311,"1811648,1811650",,1811649.0
1811650,AmazonHelp,False,2017-10-18 02:50:00+00:00,"@413682 I'm sorry for the trouble! As a reminder, for your security, please don't post personal information on Social Media. 1/2",,1811649.0,1811649.0
1811648,AmazonHelp,False,2017-10-18 02:50:31+00:00,@413682 We're unable to view account details on Twitter. Can you please verify who the carrier is: https://t.co/Y5jpI9gRhE? 2/2 ^ST,,1811649.0,1811649.0
1816366,545631,True,2017-10-18 02:54:59+00:00,"@115821 how is it 2 day shipping arriving by 8pm when your people deliver everything after 10pm?!? 
Your service has really gone downhill",1816364,,1816366.0
1816364,545631,True,2017-10-18 02:56:21+00:00,@115821 it’s no wonder people get their packages stolen when you dump things on the front porch close to 11 at night! Come on https://t.co/jMDzNNu6YR,1816361,1816366.0,1816366.0
1816361,AmazonHelp,False,2017-10-18 03:08:00+00:00,@545631 I'm terribly sorry for the late delivery. Are the contents okay? ^RR,"1816362,1816363",1816364.0,1816366.0
1816363,545631,True,2017-10-18 03:12:58+00:00,"@AmazonHelp One item was clearly broken and we’ll return. Where do you find these idiots that run up, throw the package towards your porch &amp; speed away?",1816365,1816361.0,1816366.0
1816362,545631,True,2017-10-18 03:13:13+00:00,@AmazonHelp Delivered by 8pm is not close to 11pm,,1816361.0,1816366.0
1816365,AmazonHelp,False,2017-10-18 03:29:24+00:00,"@545631 We'd like to look into this with you. When you have a chance, please reach us via phone here: https://t.co/hApLpMlfHN ^JA",,1816363.0,1816366.0
1828830,548833,True,2017-10-18 04:44:53+00:00,#@115850  -  Had a wonderful experience with customer service. They cannot schedule one pickup on the right address since friday.,"1828829,1828831",,1828830.0
1828829,AmazonHelp,False,2017-10-18 05:00:38+00:00,@548833 here: https://t.co/GIJyeYqKE0 &amp; we'll take necessary actions to make things right. 2/2 ^MJ,,1828830.0,1828830.0
1828831,AmazonHelp,False,2017-10-18 05:00:38+00:00,@548833 We regret for the inconvenience in collecting your order. Write to us 1/2 ^MJ,,1828830.0,1828830.0
1832134,549704,True,2017-11-08 04:50:53+00:00,How can a site with as much merchandise as @115821 have such a poor selection of windshield wipers? Guess I get to go to the auto parts store at lunch tomorrow.,1832133,,1832134.0
1832133,AmazonHelp,False,2017-11-08 04:57:00+00:00,@549704 I'm sorry to hear you didn't find what you were looking for. What kind of windshield wipers did you need? ^SY,,1832134.0,1832134.0
1877721,560494,True,2017-10-18 09:06:11+00:00,This is regarding order #171-0992247-2471551 placed on @115850 Not delivered till date. Matter reported to @75778 but no result,"1877720,1877722,1877723",,1877721.0
1877723,AmazonHelp,False,2017-10-18 10:02:59+00:00,@560494 I'm sorry about the delay in delivery. Please drop in your details here: https://t.co/GIJyeYqKE0. 1/3 ^SB,,1877721.0,1877721.0
1877722,AmazonHelp,False,2017-10-18 10:03:23+00:00,@560494 We will sort this for you. Please don’t provide your order details as we consider them to be personal information. 2/3 ^SB,,1877721.0,1877721.0
1877720,AmazonHelp,False,2017-10-18 10:03:53+00:00,@560494 Our Twitter page is visible to public. 3/3 ^SB,,1877721.0,1877721.0
1880202,561155,True,2017-10-18 10:12:09+00:00,@120533 ça promets pour Noël !! Heureusement que vous n’êtes pas encore leader!,1880201,,1880202.0
1880201,AmazonHelp,False,2017-10-18 10:40:34+00:00,"@561155 Bonjour, est-ce que vous avez un souci avec une commande en cours ?^ASZ",,1880202.0,1880202.0
1926396,432457,True,2017-10-27 15:15:18+00:00,J'ai un bon d'achat amazon utilisable uniquement sur des produits expédié ET vendu par amazon. Sauf qu'ils ont aucun produit comme ça -,1926395,,1926396.0
1926395,432457,True,2017-10-27 15:16:36+00:00,- sur leur site à part leurs tablette ? Et c'est précisé dans les conditions que les livres sont exclus des achats. Je trouve -,1926394,1926396.0,1926396.0
1926394,432457,True,2017-10-27 15:17:57+00:00,"- pleins de produits expédiés par amazon mais vendus par des tiers. Bref 
@120533 vous vendez quoi à part des livres et des tablettes ? -",1926393,1926395.0,1926396.0
1926393,AmazonHelp,False,2017-10-27 15:32:52+00:00,"@432457 Bonjour, merci de vérifier sur la photo ci-jointe, la démarche à suivre pour trouver les catégories d'articles disponibles. https://t.co/zDXhtC2b0w",,1926394.0,1926396.0
1936457,576120,True,2017-11-26 09:30:23+00:00,@115830 any reason why Amazon hasnt taken my money yet from Friday?,1936455,,1936457.0
1936455,AmazonHelp,False,2017-11-26 09:43:27+00:00,@576120 Hey. We don't debit the funds until just before your order dispatches. What delivery date were you initially provided? ^TP,1936456,1936457.0,1936457.0
1936456,576120,True,2017-11-26 09:44:40+00:00,@AmazonHelp 29 Nov - 1st Dec,,1936455.0,1936457.0
1936507,576120,True,2017-11-26 09:30:46+00:00,@AmazonHelp any reason why Amazon hasnt taken my money yet from Friday?,1936506,,1936507.0
1936506,AmazonHelp,False,2017-11-26 09:32:00+00:00,@576120 Hello Jack! We don't take payments until the order has dispatched.^CN,,1936507.0,1936507.0
1955289,580361,True,2017-10-18 17:20:27+00:00,@115821 I had ordered an acupuncture kit from Amazon &amp; instead I got luminous ceiling fan blade kit....what a superb site!! wow... 😠😠,1955288,,1955289.0
1955288,AmazonHelp,False,2017-10-18 17:40:47+00:00,"@580361 That's strange, Umang. Please report this here: https://t.co/vlvfJr4nN9 and we’ll get this checked for you. ^NK",,1955289.0,1955289.0
1955849,580479,True,2017-10-18 15:57:55+00:00,"@115821 India, Very pathatic seevices and unprofessional customer care reps and very rude Senior Customer care reps ...",1955848,,1955849.0
1955848,AmazonHelp,False,2017-10-18 16:51:46+00:00,@580479 Apologies for the ordeal. Please share your details here: https://t.co/GIJyeYqKE0 and I'll get back to you. ^HN,,1955849.0,1955849.0
1960979,581609,True,2017-10-18 16:59:39+00:00,".@115833 Alexa still doesn't do a great job integrating with Pandora. If I say ""play x station on Pandora"" it tries to create a new one.","1960980,1960978",,1960979.0
1960978,581609,True,2017-10-18 17:00:20+00:00,"@115833 If I say ""play x on Pandora"" it usually works.",1960977,1960979.0,1960979.0
1960980,AmazonHelp,False,2017-10-18 17:02:38+00:00,"@581609 Thanks for sharing with us, Alan! Have you tried saying, ""Alexa, play X radio on Pandora""? This should do the trick! ^FD",1961052,1960979.0,1960979.0
1960977,AmazonHelp,False,2017-10-18 17:04:02+00:00,@581609 We'd like to make sure your feedback is documented. Please visit: https://t.co/ln0j6m4lcb ^AF,,1960978.0,1960979.0
1961052,581609,True,2017-10-18 17:09:29+00:00,"@AmazonHelp That seems to be more consistent. I was trying to call out a station that didn't end in ""radio"" but that trick works anyway.",,1960980.0,1960979.0
1965789,582673,True,2017-10-18 16:58:34+00:00,@AmazonHelp @115850 @115821 I am sorry to say.. you guys have a very pathetic customer service over telephone response . (1/2),"1965793,1965787",,1965789.0
1965787,AmazonHelp,False,2017-10-18 17:20:06+00:00,@582673 I'm sorry about the unpleasant experience you've had. Please tell us more about the issue so we can assist accordingly. ^MP,1965788,1965789.0,1965789.0
1965788,582673,True,2017-10-19 13:58:49+00:00,@AmazonHelp Here is my reply.. Thank you for ruining my Diwali by claiming false commitments.. It was my mistake to order something from you.. https://t.co/W5vU6xy0N1,1965790,1965787.0,1965789.0
1965790,AmazonHelp,False,2017-10-19 14:15:42+00:00,@582673 Sorry for the hassle. Please report this to our support team here: https://t.co/vlvfJr4nN9 and we'll check this. ^HN,1965791,1965788.0,1965789.0
1965791,582673,True,2017-10-19 14:25:36+00:00,@AmazonHelp Your technical team has also raised their hands as they couldn't solve my problem.. plz note the timings of the numbers. https://t.co/XsrqErJDVe,1965792,1965790.0,1965789.0
1965792,AmazonHelp,False,2017-10-19 15:18:01+00:00,"@582673 Apologies, Gaurang. Request you to fill this form: https://t.co/beaaDm0muc and I’ll contact you at the earliest. ^NK",,1965791.0,1965789.0
1965807,582677,True,2017-10-18 16:40:21+00:00,L'uomo non è perfetto ma #Amazon ci si avvicina!,1965806,,1965807.0
1965806,AmazonHelp,False,2017-10-18 17:18:00+00:00,@582677 Leggere parole come le tue ci riempie di gioia e ci spinge a migliorare ogni giorno di più! Grazie Alessandro! 😍 ^LF,,1965807.0,1965807.0
1973430,584441,True,2017-10-18 17:38:53+00:00,"@115821 forgive me if this is a dumb question, but can you have joint wish lists???",1973429,,1973430.0
1973429,AmazonHelp,False,2017-10-18 17:45:34+00:00,@584441 You can have multiple lists on one account. All you have to do is create a new list: https://t.co/ub7QK4AIF4 ^GL,1973428,1973430.0,1973430.0
1973428,584441,True,2017-10-18 17:47:08+00:00,"@AmazonHelp No no, I mean is there a way I can add stuff to my girlfriend's account without being on her account.",1973427,1973429.0,1973430.0
1973427,AmazonHelp,False,2017-10-18 17:54:37+00:00,"@584441 We take account security very seriously, so in order to add to/edit a wish list you need to be logged into that account ^AD",,1973428.0,1973430.0
2032900,601133,True,2017-11-26 11:37:54+00:00,やばい、私いつからプライム会員なんや……？プライムビデオもミュージックも何もやってなかった……勿体なすぎ……,2032899,,2032900.0
2032899,AmazonHelp,False,2017-11-26 11:42:00+00:00,"@601133 リプライ失礼いたします、Amazon公式です。意図しないご登録とのことで誠に恐縮ですが、色々なプライム特典をご用意しておりますので、ご活用いただければ幸いです m(_ _)m 
特典については、こちらをご参照ください。https://t.co/JVlaJGORZx  HM",,2032900.0,2032900.0
2042093,603832,True,2017-10-18 22:43:56+00:00,Pinche @115821 for delivering the #BAOT to the wrong apartment. Congrats to my neighbor who got a free copy! @217158 @AmazonHelp,2042091,,2042093.0
2042091,AmazonHelp,False,2017-10-18 22:55:32+00:00,@603832 I'm sorry for the trouble! Have you had a chance to report this to us? Please reach out to us here: https://t.co/CYqkdUakWJ ^GM,2042092,2042093.0,2042093.0
2042092,603832,True,2017-10-19 00:38:04+00:00,@AmazonHelp Thanks for replying. I just sent in a report,,2042091.0,2042093.0
2044169,604507,True,2017-11-30 22:16:53+00:00,.@115821 where tf is my baseball tee,2044168,,2044169.0
2044168,604507,True,2017-11-30 23:39:30+00:00,thanks @115821 !! https://t.co/S0ruU15s96,2044167,2044169.0,2044169.0
2044167,AmazonHelp,False,2017-11-30 23:43:00+00:00,@604507 I'm so glad to see you received your baseball tee! Thank you for keeping us updated. 😊 ^HC,,2044168.0,2044169.0
2061577,569580,True,2017-11-26 11:35:38+00:00,@115850  i am waiting from morning.. They caled by 9.30 and confirmed weather i am available.. now the same number is not reachable..😕😑 https://t.co/wsiP1UI1wu,2061575,,2061577.0
2061575,AmazonHelp,False,2017-11-26 12:09:31+00:00,"@569580 I get your concern regarding the delivery. Package out for delivery will typically be delivered by the end of the day; kindly wait till the same.
Please don't provide your order details, we consider it to be personal information. Our page is visible to the public.  ^RI",2061576,2061577.0,2061577.0
2061576,569580,True,2017-11-26 12:34:28+00:00,@AmazonHelp Just recieved.. Thank you for your ummediate response!,2061578,2061575.0,2061577.0
2061578,AmazonHelp,False,2017-11-26 12:38:00+00:00,@569580 You're most welcome! We're glad you received the product. :-),,2061576.0,2061577.0
2061630,609713,True,2017-11-26 11:53:21+00:00,Amazonプライムで仮面ライダーシリーズ見放題なのすごく嬉しい,2061629,,2061630.0
2061629,AmazonHelp,False,2017-11-26 12:00:36+00:00,@609713 プライム・ビデオのご利用ありがとうございます。これからもお客様にお喜びいただけるコンテンツをたくさん提供できるようがんばります！どうぞ見まくっちゃってください♪ RI,,2061630.0,2061630.0
2067287,611317,True,2017-11-26 12:04:20+00:00,@115830 For the first time since 2005 I am disappointed in Amazon. Ordered an item for prime delivery and when I checked eta not arriving for another 2 days. Basically got told sorry but tough. Normally great customer service. Hope this isn’t the future 😢,2067285,,2067287.0
2067285,AmazonHelp,False,2017-11-26 12:15:36+00:00,"@611317 Hi, sorry to hear that. We always aim to deliver orders as quickly as possible and provide the best estimated delivery date available. At this time of year some orders may need additional time: https://t.co/9u5xfVxWOk. ^JJ",2067286,2067287.0,2067287.0
2067286,611317,True,2017-11-26 12:20:43+00:00,"@AmazonHelp Completely understand this but this item was advertised as prime which means next day delivery unless otherwise stated,which it didn’t, so I presumed and needed it the next day. Just disappointed in the tough luck attitude I received. Never had that from you guys before.",,2067285.0,2067287.0
2067290,611318,True,2017-11-26 12:07:00+00:00,"Hey @115821  I ordered a package on Monday that was suppose to come on Wednesday but since then it hasn't come and when I tracked the progress,it said the package might be lost. So I wasted a whole weekend waiting for a lost package.Great.",2067288,,2067290.0
2067288,AmazonHelp,False,2017-11-26 12:14:00+00:00,"@611318 Truly sorry for the wait, we're here to help! With Twitter, we have no access to account or order information. Please, reach out here: https://t.co/hApLpMlfHN so that we may investigate and explore possible options together. ^JE",2067289,2067290.0,2067290.0
2067289,611318,True,2017-11-26 12:47:34+00:00,@AmazonHelp Sigh it's ok I will reordered it.,,2067288.0,2067290.0
2084589,427410,True,2017-11-08 09:41:15+00:00,"Fourth next day delivery in a row, fourth time @115830 is failing to get it to me when expected. Shameless awful service around #Berkshire area... wonder what I'm paying Amazon Prime for.",2084587,,2084589.0
2084587,AmazonHelp,False,2017-11-08 09:48:52+00:00,@427410 Sorry to hear about the delivery issues. Can you contact us so we can see what's going on https://t.co/JzP7hlA23B ^MI,2084588,2084589.0,2084589.0
2084588,427410,True,2017-11-08 10:03:12+00:00,"@AmazonHelp I have. What's going on is that whatever happened to you logistics chain serving this area, has broken it. Packages are constantly not delivered ""next day"" as promised and all I get from customer service is: ""Sorry, your feedback has been recorded"".",2084590,2084587.0,2084589.0
2084590,AmazonHelp,False,2017-11-08 10:37:26+00:00,"@427410 Are you currently expecting an order? When you contacted, were you advised if it was being investigated? ^KI","2084591,2084592",2084588.0,2084589.0
2084592,427410,True,2017-11-08 10:41:10+00:00,"@AmazonHelp Was expecting one for today. Received notification it hasn't been dispatched, and to await further info. Customer services confirmed that. Result: another ""next day"" delivery failed.",,2084590.0,2084589.0
2084591,616488,True,2017-11-08 10:48:55+00:00,@AmazonHelp @427410 Same in Milton Keynes. Parcels reaching local depot but still being delayed and not delivered on time,2084593,2084590.0,2084589.0
2084593,427410,True,2017-11-08 10:50:43+00:00,"@616488 @AmazonHelp Everything stopped working (delivery wise) about 2 months ago. Before, service worked flawlessly. Now, pretty much guaranteed a next-day delivery won't arrive as expected in 24hrs. It's ridiculous. No way to follow up on complaints either.",,2084591.0,2084589.0
2093893,618692,True,2017-10-19 03:23:30+00:00,dysi voice: i thought i told you to never give me amzl us again,2093891,,2093893.0
2093891,AmazonHelp,False,2017-10-19 03:27:44+00:00,@618692 Hi! Are you currently experiencing an issue with an order? ^WT,2093892,2093893.0,2093893.0
2093892,618692,True,2017-10-19 03:28:06+00:00,"@AmazonHelp not yet
but i'll keep you posted",,2093891.0,2093893.0
2096184,619284,True,2017-10-19 03:11:03+00:00,@115850 Thanks for making this Diwali memorable bought many items from during #GreatIndianSale Thanks @115850,2096183,,2096184.0
2096183,AmazonHelp,False,2017-10-19 03:30:50+00:00,@619284 You're welcome. Wish you a Happy Diwali. ^SH,,2096184.0,2096184.0
2103650,621106,True,2017-11-08 11:57:32+00:00,Thank you @115830 after not getting anywhere with your customer support yesterday and not even a solid delivery date you have pulled through and my Scorpio is at home waiting for me after work @117331 https://t.co/9AJyh9ZXmj,2103649,,2103650.0
2103649,AmazonHelp,False,2017-11-08 12:08:36+00:00,"@621106 I am glad your order has arrived and I really hope you enjoy it:)
^GA",,2103650.0,2103650.0
2110341,622549,True,2017-10-19 04:51:03+00:00,A package which was supposed to arrive yesterday hasn’t arrived yet. I would like a refund of money I paid for the 1 day delivery @115850,2110340,,2110341.0
2110340,AmazonHelp,False,2017-10-19 05:10:00+00:00,"@622549 I'm sorry you've not received the order. We'd like to look into it. Call us here: https://t.co/2t6DQoUmNZ, we'll assist you.^SF",,2110341.0,2110341.0
2111068,622709,True,2017-11-08 15:51:13+00:00,When @AmazonHelp has the absolute worst customer service. Done with amazon. Would much rather send my buisness elsewhere at this point.,2111067,,2111068.0
2111067,AmazonHelp,False,2017-11-08 16:22:00+00:00,"@622709 Sorry to hear this, without sharing personal / account info, can you please advise what has happened?",,2111068.0,2111068.0
2116171,351805,True,2017-11-08 13:33:13+00:00,I hope you can help me @129773 - I have a brand new JVC TV and I want to find out if there is an app available to let me watch my Amazon Prime Video on it. Any suggestions?,2116170,,2116171.0
2116170,AmazonHelp,False,2017-11-08 13:41:00+00:00,@351805 Hey there! We'd like to help. Are you able to access your TV's app store? ^NM,2116168,2116171.0,2116171.0
2116168,351805,True,2017-11-08 13:45:23+00:00,"@AmazonHelp Many thanks for the quick reply! I can access it, but can't find an Amazon app. Are JVC TVs supported by Amazon or vice versa?",2116166,2116170.0,2116171.0
2116166,AmazonHelp,False,2017-11-08 13:53:28+00:00,"@351805 Hi Daniel. If you get in touch with us: https://t.co/JzP7hlA23B, we'll be happy to look into this with you. ^DC",2116167,2116168.0,2116171.0
2116167,351805,True,2017-11-08 14:04:34+00:00,@AmazonHelp I will do - many thanks!,2116169,2116166.0,2116171.0
2116169,AmazonHelp,False,2017-11-08 14:11:27+00:00,@351805 Of course! We're still here if you need us! 😊 ^KJ,,2116167.0,2116171.0
2122316,625258,True,2017-11-08 15:34:55+00:00,@116439 why does it take so long to load up initially or even just click an app? Is there something I’m doing wrong?,2122315,,2122316.0
2122315,AmazonHelp,False,2017-11-08 15:41:30+00:00,@625258 Have you attempted these troubleshooting tips: https://t.co/uInYMyKVw5 ? Let us know if that resolves the issue. ^TH,,2122316.0,2122316.0
2123827,625598,True,2017-10-19 08:02:33+00:00,@AmazonHelp estoy harto de llamar y de enviar correos y un pedido con entrega garantizada para hoy sigue sin salir del almacén desde ayer.,2123825,,2123827.0
2123825,AmazonHelp,False,2017-10-19 08:05:30+00:00,"@625598 Hola Don Samsagaz, lamentamos lo sucedido. ¿Qué te han indicado nuestros compañeros de SAC? ^AV","2123824,2123826",2123827.0,2123827.0
2123826,625598,True,2017-10-19 08:06:35+00:00,"@AmazonHelp Nadie sabe nada, que debe ser un error de la web pero no me solucionan nada 😔",,2123825.0,2123827.0
2123824,625598,True,2017-10-19 08:07:15+00:00,@AmazonHelp En la última llamada me dijeron que le escribirían al centro de distribución y hace más de una hora. Nadie me da solución,2123822,2123825.0,2123827.0
2123822,AmazonHelp,False,2017-10-19 08:16:00+00:00,"@625598 Si para el final del día no has tenido una actualización de tu pedido, háznoslo saber contactando nuevamente por este medio ^AV",2123823,2123824.0,2123827.0
2123823,625598,True,2017-10-19 08:17:48+00:00,@AmazonHelp El pedido lo compré ayer con fecha de entrega GARANTIZADA para hoy. Con respuestas generales vais muy bien vosotros también.,,2123822.0,2123827.0
2126255,215105,True,2017-10-19 06:57:19+00:00,"@AmazonHelp Hi, wondering why my order has been 'preparing for shipment' for 3 days???",2126254,,2126255.0
2126254,AmazonHelp,False,2017-10-19 07:00:11+00:00,"@215105 Hey, sorry to hear that, when is your delivery estimate? ^AS",2126253,2126255.0,2126255.0
2126253,215105,True,2017-10-19 07:01:33+00:00,"@AmazonHelp 30 Oct - 3 Nov. Ordered on Sunday, not even shipped yet. Just curious what's going on ;)",2126252,2126254.0,2126255.0
2126252,AmazonHelp,False,2017-10-19 07:07:49+00:00,@215105 It can sometimes take a bit longer to ship but you should get it within this delivery estimate. ^KM,,2126253.0,2126255.0
2126647,626205,True,2017-11-08 18:58:03+00:00,"@AmazonHelp I listed my product but it's not showing up! I am paying the fees. Not happy about that. Please, help-ASAP! I have been emailing...THANKS!",2126646,,2126647.0
2126646,AmazonHelp,False,2017-11-08 19:04:02+00:00,@626205 When did you e-mail us? It may take up to 24 hours to receive a response. Let us know if it has exceeded that time frame. ^SK,,2126647.0,2126647.0
2126695,626216,True,2017-11-08 18:55:39+00:00,Massive packaging #fail from @115830 Ordered a scraper for the brick paving in Work👀 https://t.co/4RqZj1UB6V,2126694,,2126695.0
2126694,AmazonHelp,False,2017-11-08 18:58:32+00:00,"@626216 Wow! That's a bit much. Thanks for letting us know. When you can, please pass your feedback to: https://t.co/lSVN3kb44b ^BL",,2126695.0,2126695.0
2128532,626612,True,2017-10-19 05:29:22+00:00,"@AmazonHelp @115821 Y do u ppl display sch products on site, if u r not willing to deliver anywer !!
time to switch 2 @4030 @118702 https://t.co/WQ0E6GwoRM","2128531,2128533,2128534",,2128532.0
2128531,AmazonHelp,False,2017-10-19 07:21:01+00:00,@626612 pin-codes. I'll be sure to forward your feedback to the concerned team. 2/2 ^AP,,2128532.0,2128532.0
2128533,AmazonHelp,False,2017-10-19 07:21:01+00:00,"@626612 We're expanding our services. However, due to carrier restrictions, scheduled deliveries are available at certain  1/2^AP",,2128532.0,2128532.0
2128977,626718,True,2017-11-08 19:15:59+00:00,Amazon delivery driver just backed into my new retaining wall. #$%@#$%!,2128976,,2128977.0
2128976,AmazonHelp,False,2017-11-08 19:23:28+00:00,@626718 Oh no! Was anything damaged? Please provide details for us here: https://t.co/9GKUibkaSt ^MB,,2128977.0,2128977.0
2129940,626950,True,2017-10-19 07:01:24+00:00,@AmazonHelp Hi.. Need help with one of the products that I had ordered. Appreciate your quick response!,2129938,,2129940.0
2129938,AmazonHelp,False,2017-10-19 07:32:02+00:00,@626950 We'd be glad to help. Please do let us know how we can assist you today? ^EM,2129939,2129940.0,2129940.0
2129939,626950,True,2017-10-19 07:53:23+00:00,@AmazonHelp A product that I bought isn't working anymore and is within the warranty period.,"2129941,2129942",2129938.0,2129940.0
2129941,AmazonHelp,False,2017-10-19 10:09:00+00:00,@626950 For further assistance please claim the warraty by contacting the manufacturer. (2/2)^BS,,2129939.0,2129940.0
2129942,AmazonHelp,False,2017-10-19 10:09:00+00:00,"@626950 If the product is within the return window period, We'd help you with a return/replacement. (1/2) ^BS","2129943,2129944",2129939.0,2129940.0
2129944,626950,True,2017-10-19 13:00:06+00:00,@AmazonHelp This is the product. No where mentioned how to make use of the warranty. https://t.co/OAz1tEFVWH,"2129945,2129946",2129942.0,2129940.0
2129943,626950,True,2017-10-19 13:00:33+00:00,@AmazonHelp Order details https://t.co/8T4Gi6hStR,,2129942.0,2129940.0
2129946,AmazonHelp,False,2017-10-19 13:19:25+00:00,"@626950 We'd like to have a closer look, kindly reach out to our support team here: https://t.co/vlvfJr4nN9 &amp; we'll help you out. ^EM",,2129944.0,2129940.0
2129945,AmazonHelp,False,2017-10-19 13:20:01+00:00,"@626950 Please don't provide your order details, as we consider it to be personal information. Our Twitter page is public.​ ^EM",2129947,2129944.0,2129940.0
2129947,626950,True,2017-10-19 15:12:22+00:00,@AmazonHelp I know. Have not provided any detail. Thanks anyway!,2129948,2129945.0,2129940.0
2129948,AmazonHelp,False,2017-10-19 15:39:01+00:00,"@626950 Sorry about the miscommunication, as mentioned earlier, please reach out to our support team via the above link. ^MS",,2129947.0,2129940.0
2130953,627172,True,2017-11-08 19:48:36+00:00,Hey @AmazonHelp what kind of quality is this?? This is how my book from @129184 came out of the package..that’s just not right https://t.co/enmm6tLcpA,"2130952,2130954",,2130953.0
2130952,AmazonHelp,False,2017-11-08 19:53:31+00:00,@627172 I'm sorry the book arrived damaged! You can find the available order options here: https://t.co/qmdqJrDSR2 ^SB,,2130953.0,2130953.0
2130963,627173,True,2017-11-08 19:12:25+00:00,"@115850 Issuing  the same product I returned in a new pack as replacement. What bullshit is this?Are we fools? We can tolerate poor customer service to some extent but not this cheating. Explanation needed from legal team
#amazoncheats","2130962,2130964",,2130963.0
2130962,AmazonHelp,False,2017-11-08 19:52:00+00:00,@627173 That's strange!. Ideally new products are sent as replacements. Kindly share your details here: https://t.co/GIJyeYqKE0 (1/2) ^GD,,2130963.0,2130963.0
2130964,AmazonHelp,False,2017-11-08 19:52:00+00:00,@627173 and we'll check this for you. (2/2)^GD,,2130963.0,2130963.0
2135592,270208,True,2017-11-08 16:50:40+00:00,"Warum hasst @116316  seine Produkte so sehr, dass sie völlig ohne Schutz in einen Karton geworfen werden und immer demoliert ankommen? https://t.co/FIxxtm1tW4",2135591,,2135592.0
2135591,AmazonHelp,False,2017-11-08 17:55:30+00:00,"@270208 Ohje ☹️ , bitte übermittle uns das Verpackungsfeedback noch über: https://t.co/Upf87MnrcH Gruß ^MH",,2135592.0,2135592.0
2141351,629685,True,2017-11-08 22:30:38+00:00,. @AmazonHelp it says you may have lost my package and has no estimated delivery date. My package is almost a month late. 🙄,2141350,,2141351.0
2141350,AmazonHelp,False,2017-11-08 22:37:30+00:00,@629685 Was this order shipped by a third-party or Amazon? Who's the carrier in tracking info? Check here: https://t.co/Y5jpI9gRhE ^LJ,2141349,2141351.0,2141351.0
2141349,629685,True,2017-11-08 22:41:05+00:00,@AmazonHelp  https://t.co/aHT2A0FoG2,2141348,2141350.0,2141351.0
2141348,AmazonHelp,False,2017-11-08 22:46:00+00:00,@629685 I'm sorry for the frustration! Please reach out directly to us here: https://t.co/hApLpMlfHN so we can look into options ^TN,,2141349.0,2141351.0
2142942,307800,True,2017-11-08 23:14:07+00:00,"Got notified by my bank there's a pending Amazon Payments transaction, but nothing listed in my @115823 account or @AmazonHelp orders. Help?",2142941,,2142942.0
2142941,AmazonHelp,False,2017-11-08 23:19:25+00:00,@307800 I'm sorry to hear there's an unexpected charge! Please reach us by phone for assistance here: https://t.co/LFpry3MZJE ^MV,,2142942.0,2142942.0
2146780,631068,True,2017-11-08 20:19:34+00:00,@119038 @115821 cancelled auto-renew of prime which expires December 19 but my Twitch prime is no longer being accepted. Can't get rewards even though my account is technically active.,2146778,,2146780.0
2146778,AmazonHelp,False,2017-11-08 20:38:25+00:00,@631068 Mhm that is weird! We would like to look into this issue with you. Please contact us here: https://t.co/5CSCo82VAD ^LS,2146779,2146780.0,2146780.0
2146779,631068,True,2017-11-12 13:53:10+00:00,@AmazonHelp I resolved it by re-linking my account.,,2146778.0,2146780.0
2152008,632381,True,2017-11-26 12:58:48+00:00,The fancy new cat bed just arrived from @115830 #Catinacardboardbox https://t.co/b1IBIMDBPL,2152007,,2152008.0
2152007,AmazonHelp,False,2017-11-26 13:18:00+00:00,@632381 So cute! What is your cat's name? ^SW,,2152008.0,2152008.0
2154207,632921,True,2017-11-20 15:57:47+00:00,"@115825 Hallo Amazon Video, wann kommt denn die 10.Folge der 3.Staffel von #Outlander ?  Es ist doch Montag! Habt Ihr sie ausversehen vergessen?",2154205,,2154207.0
2154205,AmazonHelp,False,2017-11-20 16:11:31+00:00,@632921 Danke für die Info. Ich gebs weiter. ^BL,2154206,2154207.0,2154207.0
2154206,632921,True,2017-11-20 16:40:49+00:00,@AmazonHelp Danke :-),2154208,2154205.0,2154207.0
2154208,AmazonHelp,False,2017-11-20 16:59:00+00:00,@632921 Gerne doch :),,2154206.0,2154207.0
2159241,634240,True,2017-11-09 04:35:41+00:00,Amazon should use AMZL for non-prime members! Prime members should get guaranteed UPS/FedEx delivery!@115821 @AmazonHelp #pissed,2159240,,2159241.0
2159240,AmazonHelp,False,2017-11-09 04:44:26+00:00,@634240 I'm sorry for the frustration we've caused. Is there something I can assist with? I'm here to help. ^SY,,2159241.0,2159241.0
2159397,488004,True,2017-11-09 03:51:51+00:00,@AmazonHelp forget about faster refund to make good order mishandling at @115850 even the usual 2-4 business days promise not honoured. @115851 https://t.co/d2YKMbbyiO,2159396,,2159397.0
2159396,AmazonHelp,False,2017-11-09 04:03:28+00:00,@488004 We've responded to your concern here: https://t.co/R0LdlWIktL please check. ^KA,,2159397.0,2159397.0
2161894,634828,True,2017-11-09 06:59:13+00:00,"@115850 Amazon cheat their customers, in that prime i didn't able to book any order, totally wasted my time &amp;money.  Highly disappointed with amazon's prime😡😡😠😠",2161893,,2161894.0
2161893,AmazonHelp,False,2017-11-09 07:14:00+00:00,@634828 I was unable to get your concern. Please let us know more about the issue so we can assist you accordingly. ^SH,,2161894.0,2161894.0
2162173,634890,True,2017-10-19 11:18:10+00:00,@117093 first time using your service &amp; was supposed to receive order before 7amET. Now 7:20 &amp; need to leave for work. Can you track?,2162171,,2162173.0
2162171,AmazonHelp,False,2017-10-19 11:44:30+00:00,@634890 Sorry to hear. Is there tracking here?: https://t.co/Y5jpI9gRhE ^PK,2162172,2162173.0,2162173.0
2162172,634890,True,2017-10-19 12:01:18+00:00,"@AmazonHelp We are all good now, thank you!!",,2162171.0,2162173.0
2166633,635879,True,2017-11-09 09:23:25+00:00,Muchas gracias @116928 en un mismo día perdéis un paquete y el otro no llega. Y así esperando desde el día 5.  Buen trabajo 👍🏻,2166632,,2166633.0
2166632,635879,True,2017-11-09 09:56:07+00:00,@116928 Por Amazon y con cuenta prime.Tenia 2 versiones donde la culpa era de correos hasta que he ido a correos y entonces ha habido una 3 versión. Muy decepcionado,2166630,2166633.0,2166633.0
2166630,AmazonHelp,False,2017-11-09 09:58:55+00:00,@635879 Gracias por la información. Contáctanos por acá para ayudarte con esto y reportarlo: https://t.co/OjvUxwnzPe ^AR,2166631,2166632.0,2166633.0
2166631,635879,True,2017-11-09 10:02:00+00:00,@AmazonHelp Ya da igual. He cancelado el pedido. Pero vamos pagar más por este servicio... no gracias.,,2166630.0,2166633.0
2170856,636791,True,2017-11-09 10:23:49+00:00,@120533 commande hier livrable GRATUITEMENT le 13 ou le 14. Aujourd'hui le même article au même prix (41€ de fdp). Tu prends donc #AmazonPrime pensant que ça va aider... bah finalement : Livraison prévue le 15 novembre pour un produit en stock... foutage de gueule #GTFO,2170855,,2170856.0
2170855,AmazonHelp,False,2017-11-09 10:37:00+00:00,"@636791 Bonjour, pourriez-vous nous envoyer le lien de la page de cet article afin qu'on puisse vérifier ceci s'il vous plaît? ^FA",2170854,2170856.0,2170856.0
2170854,636791,True,2017-11-09 10:40:55+00:00,"@AmazonHelp Bonjour, voici : https://t.co/J69GLxAun0",2170853,2170855.0,2170856.0
2170853,AmazonHelp,False,2017-11-09 11:00:13+00:00,"@636791 Pouvez-vous me confirmer le pays de livraison, s'il vous plaît ? ^SB",2170852,2170854.0,2170856.0
2170852,636791,True,2017-11-09 11:19:28+00:00,@AmazonHelp Belgique. La livraison pour la Belgique était gratuite hier sur ce produit et tous les autres jours précédents (je surveille depuis une semaine). Les dates de livraisons étaient aussi rapides en standard. Ce qui me semble illogique vu le prix du Prime.,2170851,2170853.0,2170856.0
2170851,AmazonHelp,False,2017-11-09 11:29:00+00:00,"@636791 Afin de vérifier votre dossier de plus près, je vous invite à remplir le formulaire suivant : https://t.co/HtUowg2UGX ^SB",2170850,2170852.0,2170856.0
2170850,636791,True,2017-11-09 11:47:49+00:00,@AmazonHelp Ça fait pas du tout fichage mais soit ... C'est fait!,2170849,2170851.0,2170856.0
2170849,AmazonHelp,False,2017-11-09 11:53:26+00:00,@636791 Très bien. Je reviendrai vers vous une fois que les recherches seront effectuées. ^SB,2170848,2170850.0,2170856.0
2170848,636791,True,2017-11-09 12:06:57+00:00,@AmazonHelp Merci je patiente...,2170847,2170849.0,2170856.0
2170847,AmazonHelp,False,2017-11-09 12:08:35+00:00,@636791 Je vous en prie. ^SB,2170846,2170848.0,2170856.0
2170846,636791,True,2017-11-09 12:49:57+00:00,"@AmazonHelp Merci pour le geste commercial Sarah :-) 
J'attends celui-ci via mail ou directement depuis mon panel client ?",2170844,2170847.0,2170856.0
2170844,AmazonHelp,False,2017-11-09 12:59:25+00:00,"@636791 Un e-mail vous a été envoyé avec tous les détails, je vous prie de le consulter. ^FA",2170845,2170846.0,2170856.0
2170845,636791,True,2017-11-09 13:03:08+00:00,@AmazonHelp Impeccable merci pour votre réactivité! Bonne journée.,,2170844.0,2170856.0
2170873,636787,True,2017-11-09 12:42:51+00:00,Does e-Commerce sites comes under accountability &amp; Cheating act ? What can I do to show Amazon is cheating customers @115850 @AmazonHelp #RealAmazonStories,2170872,,2170873.0
2170872,AmazonHelp,False,2017-11-09 12:57:27+00:00,@636787 That's quite a remark. We have responded to your query here: https://t.co/Z8GVg6DdE4. Request you to check. ^NK,,2170873.0,2170873.0
2170908,417421,True,2017-11-09 12:40:27+00:00,@AmazonHelp the products weren't delivered by Amazon because their courier partners thought that it was a very small order.dis was told to us by d customer care executive. Facing dis problem before Diwali. #shameonamazon,2170907,,2170908.0
2170907,AmazonHelp,False,2017-11-09 12:54:47+00:00,@417421 Apologies for the trouble. Please share your details here: https://t.co/GIJyeYqKE0 &amp; we'll get in touch with you. ^BS,,2170908.0,2170908.0
2171076,636821,True,2017-11-17 21:28:49+00:00,Sound een pre-ordering a game from @115830 only to have it not show up when it's supposed to. Could have just went to the fucking shops for it if I knew it wasn't going to be delivered today 🙃,2171074,,2171076.0
2171074,AmazonHelp,False,2017-11-17 21:33:54+00:00,"@636821 I'm so sorry to hear that, Sean! Have we missed the delivery date given at checkout? ^VF",2171075,2171076.0,2171076.0
2171075,636821,True,2017-11-17 21:36:11+00:00,@AmazonHelp Yes. Game released today. In the Amazon app it says out for delivery and arriving today buts it's now almost 10pm with nothing delivered. Have an e-mail saying it will take another day or two to arrive. https://t.co/4PAALx15Uo,2171077,2171074.0,2171076.0
2171077,AmazonHelp,False,2017-11-17 21:44:56+00:00,@636821 Oh no Sean! I am sorry that your order has not arrived. Who is the carrier listed here:  https://t.co/aaDyEz1VgE ? ^TL,2171078,2171075.0,2171076.0
2171078,636821,True,2017-11-17 21:50:28+00:00,@AmazonHelp The Carrier is Amazon Shipping. I am also being told on the website expected delivery is now the 18th-22nd? So i might not receive the actual Game until Thursday...,2171079,2171077.0,2171076.0
2171079,AmazonHelp,False,2017-11-17 21:53:32+00:00,"@636821 We'd like to check on this for you. When you have a moment, please call or chat with us here: https://t.co/anWoCMZHtz ^MB",,2171078.0,2171076.0
2171454,600584,True,2017-11-17 21:01:16+00:00,"Amazon's FBA is a great way to lose money, all season long! Every time I sell something, it goes into the red, and they snatch more money from my credit card. #amazon #FBA @115821",2171453,,2171454.0
2171453,AmazonHelp,False,2017-11-17 21:14:48+00:00,"@600584 I'm sorry for the trouble, Donna! We would like to look into this further with you. Please reach out to us here: https://t.co/hApLpMlfHN ^LA",,2171454.0,2171454.0
2171644,117086,True,2017-10-18 20:30:20+00:00,"Confira a nossa nova Loja de Eletrônicos 🎉🎧🎮📷 Celulares, TVs, Video Games e mais: https://t.co/5kK8Yd5jhj https://t.co/WRge3ZnI6Z","2171645,2171642",,2171644.0
2171642,636924,True,2017-10-19 12:07:46+00:00,@117086 Faz entrega,2171640,2171644.0,2171644.0
2171640,AmazonHelp,False,2017-10-19 12:11:13+00:00,"@636924 Olá Anderson, como podemos lhe ajudar? ^AZ",2171641,2171642.0,2171644.0
2171641,636924,True,2017-10-19 12:13:55+00:00,@AmazonHelp Gostaria de saber se faz entrega,2171643,2171640.0,2171644.0
2171643,AmazonHelp,False,2017-10-19 12:18:00+00:00,"@636924 As entregas da https://t.co/m5ibk4bEQU são feitas pelas transportadoras Directlog, Total Express e Correios. ^AZ",,2171641.0,2171644.0
2171645,691016,True,2017-10-20 13:38:49+00:00,@117086 Alguma previsão para venda de Fire Stick 4K no Brasil?,2401794,2171644.0,2171644.0
2401794,AmazonHelp,False,2017-10-20 13:40:36+00:00,"@691016 Oi Luiz, assim que tivermos novidades serão anunciadas no site. Continue de olho 😉 ^LG",,2171645.0,2171644.0
2171859,636984,True,2017-10-19 11:55:41+00:00,"@AmazonHelp Hey, I need all my Pending items to be delivered Urgently by End of day today. Please help.",2171858,,2171859.0
2171858,AmazonHelp,False,2017-10-19 12:09:27+00:00,@636984 Sorry about the pending orders. Could you please contact us here: https://t.co/2t6DQoUmNZ so that we can do the needful. ^PR,,2171859.0,2171859.0
2187383,236120,True,2017-10-19 12:29:30+00:00,@115821 this is twice in 2. weeksJust tossed on driveway. Last time no one from Amazon responded. Not far to walk to door. #CustomerService https://t.co/089CfSXR9t,2187381,,2187383.0
2187381,AmazonHelp,False,2017-10-19 13:21:00+00:00,@236120 I'm sorry your parcel was left like that! Will you confirm who the courier is? ^PF,2187382,2187383.0,2187383.0
2187382,236120,True,2017-10-19 19:24:03+00:00,@AmazonHelp  https://t.co/291ARnMo7O,2187384,2187381.0,2187383.0
2187384,AmazonHelp,False,2017-10-19 20:03:32+00:00,@236120 We would like to help. Let us take a closer look here: https://t.co/3CiEmwGZmC  Thank you. ^SE,2187385,2187382.0,2187383.0
2187385,236120,True,2017-10-20 11:58:11+00:00,"@AmazonHelp I do appreciate the attention to the matter, but $10 isn't the fix I needed. I am looking for assurance they can actually drop items at door",2187386,2187384.0,2187383.0
2187386,AmazonHelp,False,2017-10-20 12:20:00+00:00,@236120 Sorry about this. Please fill out this secure form and a specialist will look into this for you https://t.co/R55eEQwSEs ^KM,2187387,2187385.0,2187383.0
2187387,236120,True,2017-10-20 12:21:38+00:00,"@AmazonHelp Already did, hence my $10 coupon offered.  All I want is assurance it's not done this way again.  Put in my file? ""Front door drop"".",,2187386.0,2187383.0
2193213,641876,True,2017-11-09 18:37:05+00:00,@AmazonHelp hi there! I’ve just set up my student prime account but keep getting this screen. Please advise. Thank You https://t.co/GceXKSqFn1,2193212,,2193213.0
2193212,AmazonHelp,False,2017-11-09 18:47:00+00:00,@641876 I'm sorry to see this. Which promotion were you trying to use? Would you be able to provide us a direct link to it? ^GR,2193211,2193213.0,2193213.0
2193211,641876,True,2017-11-09 18:59:50+00:00,@AmazonHelp It happens when I click here (see pic) is that where I see the student offers? https://t.co/5glhO1OpwT,2193210,2193212.0,2193213.0
2193210,AmazonHelp,False,2017-11-09 19:11:01+00:00,@641876 That's weird! Have you tried clearing the cache and cookies on your browser and then relaunching it yet? ^AJ,2193209,2193211.0,2193213.0
2193209,641876,True,2017-11-09 19:56:46+00:00,@AmazonHelp I get this now. Where do I see the student offers please x https://t.co/meAMcotaYX,2193208,2193210.0,2193213.0
2193208,AmazonHelp,False,2017-11-09 20:05:36+00:00,@641876 For more details on how to get started with Prime Student. Please see here: https://t.co/3j75ZQNO8o ^CO,2193207,2193209.0,2193213.0
2193207,641876,True,2017-11-09 20:06:18+00:00,@AmazonHelp Perfect! Thanks x,2193205,2193208.0,2193213.0
2193205,AmazonHelp,False,2017-11-09 20:13:35+00:00,@641876 Let us know if there's anything else we can help with! That's what we're here for! ^TK,2193206,2193207.0,2193213.0
2193206,641876,True,2017-11-09 20:42:02+00:00,@AmazonHelp Will do. Have a lovely evening 😊,,2193205.0,2193213.0
2198989,643181,True,2017-11-09 04:08:04+00:00,"気になって見た
面白い物みるぞ！とか美味しそうな物出るかな？とか、気張らないで自然体で見れる
そんなドラマです

映画「深夜食堂」 Amazonビデオ ~ 小林薫 https://t.co/pzDE9HptC5 @116313さんから",2198988,,2198989.0
2198988,643182,True,2017-11-09 23:50:48+00:00,@643181 @116313 深夜食堂良いですよねー、私も寝る前とかに良く見てます(*˘︶˘*),2198987,2198989.0,2198989.0
2198987,643181,True,2017-11-10 01:28:41+00:00,"@643182 @116313 見てて安らぐ感じが良いですよね(　＾ω＾)
寝る前にはピッタリかも！( ´∀`)",2198986,2198988.0,2198989.0
2198986,AmazonHelp,False,2017-11-10 01:49:32+00:00,@643181 @643182 突然おじゃまします、Amazonです|∀・)中の人も深夜食堂の美味しそうなごはんと、人間ドラマにハマっております・・・これからもお楽しみください🙇‍♂️✨　MH,,2198987.0,2198989.0
2199057,643195,True,2017-11-10 01:24:59+00:00,"@115821 nfl doesn’t steam on my fire 4K tv :( I️ have prime, great internet :(",2199055,,2199057.0
2199055,AmazonHelp,False,2017-11-10 01:30:01+00:00,@643195 I'm sorry to hear that! Have you tried the troubleshooting steps listed here: https://t.co/xnsPkIpg2K? Let us know if these help! ^TN,2199056,2199057.0,2199057.0
2199056,643195,True,2017-11-10 02:08:39+00:00,"@AmazonHelp I️ guess prime video streaming doesn’t work,",,2199055.0,2199057.0
2205097,644755,True,2017-11-09 23:53:15+00:00,"Hey @115821, November 14 is actually 5 days away https://t.co/2VpBZRRmg9",2205096,,2205097.0
2205096,AmazonHelp,False,2017-11-09 23:57:30+00:00,@644755 I'm sorry for the wait! Two-Day Shipping refers to transit speed in business days once an item's shipped. (1/2),,2205097.0,2205097.0
2205540,216709,True,2017-10-19 14:06:16+00:00,@AmazonHelp @115850 ordered a product! Returned and no refund till now. Its been 15 days! Anyone please help!,2205539,,2205540.0
2205539,AmazonHelp,False,2017-10-19 14:34:00+00:00,@216709 Sorry for the hassle. Please report this to our support team here: https://t.co/vlvfJr4nN9 and we'll check this. ^HN,,2205540.0,2205540.0
2212174,AmazonHelp,False,2017-11-10 03:41:53+00:00,@646539 Thank you for bringing this to our notice. I'll surely forward this to our concerned team. ^SH,2212173,,2212174.0
2212173,646539,True,2017-11-10 04:20:57+00:00,@AmazonHelp Hope I will get a gift MiMix as a gift :P,2212171,2212174.0,2212174.0
2212171,AmazonHelp,False,2017-11-10 04:53:31+00:00,"@646539 We don't have a bug bounty program. However, we'll have this forwarded internally to our team. ^GK",2212172,2212173.0,2212174.0
2212172,646539,True,2017-11-10 05:17:26+00:00,@AmazonHelp Sad :P,,2212171.0,2212174.0
2219901,648433,True,2017-11-10 13:17:44+00:00,アマゾンプライム会員になりたい,2219900,,2219901.0
2219900,AmazonHelp,False,2017-11-10 13:26:32+00:00,@648433 (よろしければぜひ…。https://t.co/FJh7vAncqv)O o｡.(´-`*) RI,,2219901.0,2219901.0
2220048,648461,True,2017-11-10 13:07:31+00:00,Amazon really comes through on their promises. My package was in Kentucky this morning at 1 am now it’s out for delivery 📦,2220047,,2220048.0
2220047,AmazonHelp,False,2017-11-10 13:09:00+00:00,@648461 That's good to hear Kim. 👍^KM,,2220048.0,2220048.0
2234178,651706,True,2017-10-19 16:32:18+00:00,Ya llego 🙌🏻 @116875 @88148 https://t.co/v7yUanylmN,2234177,,2234178.0
2234177,AmazonHelp,False,2017-10-19 16:38:40+00:00,"@651706 ¡Que emocionante, Jacobo! 🤗 ¿La estrenarás hoy mismo? ^LG",,2234178.0,2234178.0
2236492,652212,True,2017-11-10 18:19:18+00:00,"@115817 ""Wishes delivered"" to the wrong address. Customer service says it's not their problem, maybe call Amazon. Driver regularly walks past two covered porches to leave packages in the rain. #LetDownByBrown",2236491,,2236492.0
2236491,AmazonHelp,False,2017-11-10 18:26:57+00:00,@652212 I'm so sorry you haven't received your order! We'd love to see how we can help you so reach out to us here: https://t.co/hApLpMlfHN ^DD,,2236492.0,2236492.0
2238667,AmazonHelp,False,2017-11-26 12:17:26+00:00,@611316 Lamento lo sucedido con tu entrega. ¿Has contactado con el transportista para verificar tus opciones? ^VL,2238666,,2238667.0
2238666,611316,True,2017-11-26 14:47:15+00:00,@AmazonHelp No y me acaban de notificar de que me lo han entregado y no estoy en casa. https://t.co/8G60xiLMEo,2238665,2238667.0,2238667.0
2238665,AmazonHelp,False,2017-11-26 15:01:01+00:00,"@611316 Alia, ¿podrías confirmarnos si el prducto es vendido y gestionado por Amazon o es vendido por un vendedor externo? ^DA",,2238666.0,2238667.0
2241976,653645,True,2017-11-10 13:34:20+00:00,Very disappointed in @115830 not finding my house.. Everyone else has managed it!,2241975,,2241976.0
2241975,AmazonHelp,False,2017-11-10 13:38:26+00:00,@653645 Hi. What kind of reason did you receive? ^DA,2241974,2241976.0,2241976.0
2241974,653645,True,2017-11-10 13:40:44+00:00,@AmazonHelp Cannot find address,2241973,2241975.0,2241976.0
2241973,AmazonHelp,False,2017-11-10 13:50:37+00:00,"@653645 Sorry to hear this Andy, were you given a new delivery date? ^BZ",2241971,2241974.0,2241976.0
2241971,653645,True,2017-11-10 16:35:53+00:00,@AmazonHelp Yes. Today but as it's not yet arrived I'd hazard a guess the person who got the re-deliverys this morning also cannot find it or it would be here already.,2241969,2241973.0,2241976.0
2241969,AmazonHelp,False,2017-11-10 16:44:00+00:00,@653645 Couriers can deliver as late as 9pm. Keep us updated on the arrival! ^KH,2241970,2241971.0,2241976.0
2241970,653645,True,2017-11-10 20:28:58+00:00,"@AmazonHelp Got a failed to deliver again today! Every other company gets here, I'm giving up now and buying the item elsewhere. Very poor service amazin",2241972,2241969.0,2241976.0
2241972,AmazonHelp,False,2017-11-10 20:32:51+00:00,@653645 We'd like to look into the delivery and available options here: https://t.co/JzP7hlA23B ^LI,,2241970.0,2241976.0
2251873,655998,True,2017-10-29 05:12:52+00:00,Amazonで3商品をコンビニ払いで注文したら、1商品づつの支払い番号が送られてきた。面倒臭い。全部まとめてでいいだろう(´・ω・｀),2251872,,2251873.0
2251872,AmazonHelp,False,2017-10-29 05:25:24+00:00,@655998 リプライ失礼いたします。当サイトでは複数の配送センターで商品管理しており、商品種類や在庫状況等の要因から、分割発送となり番号も分かれて発行されることがあります。ご面倒をおかけして恐縮ですが、それぞれお支払い、お受け取り頂きますようお願いいたします。HM,,2251873.0,2251873.0
2251935,484382,True,2017-10-29 05:09:48+00:00,"#AmazonInMarathi
All Indian language Available on your app
What is the difficulty of adding Marathi language to your App?
@115850 https://t.co/fCt1eLbNYg",2251934,,2251935.0
2251934,AmazonHelp,False,2017-10-29 05:14:40+00:00,@484382 We will consider this interest as feedback and ensure to pass it on internally for improvements. ^RW,,2251935.0,2251935.0
2252837,656296,True,2017-11-10 20:56:18+00:00,"@115821 since your customer service manager won't give me an email address for complaint - perhaps you'll read this. NO - my parcel was not delivered at 7.06pm like your tracking says, and YES - it was a GUARANTEED delivery!! The proposed 24h to find it is not good enough!",2252836,,2252837.0
2252836,AmazonHelp,False,2017-11-10 21:01:37+00:00,@656296 I understand your frustration. You can contact us here: https://t.co/q0bmNp2H1v ^BA,2252835,2252837.0,2252837.0
2252835,656296,True,2017-11-10 21:03:58+00:00,@AmazonHelp Been there - done that. Spent half an hour on the phone. The fact that you can't trace a parcel with your own logistics company beggars belief. If I can't rely on a Prime GUARANTEED delivery - what's the point in Amazon Prime?,2252832,2252836.0,2252837.0
2252832,AmazonHelp,False,2017-11-10 21:24:32+00:00,@656296 If your parcel has still not been located after 24 hours please reach out for options here: https://t.co/JzP7hlA23B ^JF,"2252833,2252834",2252835.0,2252837.0
2252833,656296,True,2017-11-10 21:26:24+00:00,"@AmazonHelp Hi, this is what nobody at Amazon is understanding. You had a GUARANTEED delivery today, not EXPECTED, not PROBABLY - but GUARANTEED. What is the point of a GUARANTEED delivery if it doesn't arrive and I have to wait 24 hours to find out what's going on?!?!?!?",,2252832.0,2252837.0
2252834,656296,True,2017-11-11 17:29:57+00:00,"@AmazonHelp Funnily enough, the parcel mysteriously appears on my doorstep overnight...",,2252832.0,2252837.0
2252946,454841,True,2017-11-10 20:43:21+00:00,"wtf @AmazonHelp? usps, ups, dhl, fedex, everyone but you delivers properly. https://t.co/XHmxfy6Bhn","2252947,2252945,2252948,2252949",,2252946.0
2252947,AmazonHelp,False,2017-11-10 20:49:01+00:00,@454841 I'm sorry your orders were left like this! We'd like to address this with the driver for improvement. Please send us your order details here: https://t.co/q1ofiXNCI8 ^MB,,2252946.0,2252946.0
2252945,656321,True,2017-11-10 20:50:30+00:00,@454841 @AmazonHelp The worst! Truly do not care if they've provided decent service. Pissed? They're positive a free month of Prime will shut you up. They banged on my door so hard today it knocked something off a shelf. Dropped the box and ran. You can't leave packages on a South Philly stoop!,2252944,2252946.0,2252946.0
2252944,AmazonHelp,False,2017-11-10 20:54:00+00:00,@656321 I'm so sorry to hear about this issue with your delivery. Who was the carrier listed for your order: https://t.co/Y5jpI9gRhE ^DO,,2252945.0,2252946.0
2254468,656701,True,2017-11-10 23:16:33+00:00,Creo que los de @AmazonHelp necesitan cambiar de repartidores... Debe ser que no saben orientarse y no es la primera vez que ocurre. Esto de tener prime... de poco sirve. Para una cosa que necesito que llegue lo antes posible.... https://t.co/QkItWQy3ap,2254467,,2254468.0
2254467,AmazonHelp,False,2017-11-10 23:43:33+00:00,@656701 Hola Rubén. Lamento saber de este inconveniente.Por favor contacta nuestro Soporte al Cliente en este enlace: https://t.co/PrNtH0sDuX ^JJ,,2254468.0,2254468.0
2260665,658246,True,2017-11-09 19:35:10+00:00,So @115821 ‘s Prime shopping is supposed to be two days right?,2260664,,2260665.0
2260664,AmazonHelp,False,2017-11-09 19:44:32+00:00,@658246 Hello! Prime Shipping refers to the time it takes once the item is ready to ship! Have we missed the delivery we set for your order? ^JZ,2260663,2260665.0,2260665.0
2260663,658246,True,2017-11-09 19:45:08+00:00,@AmazonHelp Just ordered something and then I️ got an email saying it will ship on Monday.,2260662,2260664.0,2260665.0
2260662,AmazonHelp,False,2017-11-09 19:50:32+00:00,"@658246 I'm sorry about the delay! Some items take a little longer to process than others. For more information about our shipping times, visit us here: https://t.co/WUOPqBPcgd Let us know if you don't get your item by the date given in your order confirmation e-mail! ^TK",2260661,2260663.0,2260665.0
2260661,658246,True,2017-11-11 02:02:30+00:00,@AmazonHelp Weird. It showed up today! Haha. Super bizarre.,2260660,2260662.0,2260665.0
2260660,AmazonHelp,False,2017-11-11 02:05:26+00:00,@658246 Yay! We are so happy to hear this news! ^LM,,2260661.0,2260665.0
2265654,659487,True,2017-11-11 04:30:16+00:00,人生初のAmazon利用ある,2265653,,2265654.0
2265653,AmazonHelp,False,2017-11-11 04:40:51+00:00,@659487 お気軽にご利用下さい('ω')ノ ご不明な点があれば、気軽にお問い合わせ下さい！ EK,,2265654.0,2265654.0
2266743,659777,True,2017-11-11 05:53:05+00:00,"What is wrong with @115850 customer care. We can't even reach them to talk to them. Only a mechanised voice pops up. Plus, #AmazonPrime takes 4 days? #AmazonIndia #CustomerService",2266740,,2266743.0
2266740,AmazonHelp,False,2017-11-11 06:04:00+00:00,@659777 Sorry to hear that. You may use this link: https://t.co/vlvfJr4nN9 &amp; we'll check your details and help you with your concern. ^AR,"2266741,2266742",2266743.0,2266743.0
2266742,659777,True,2017-11-11 08:18:17+00:00,@AmazonHelp Obviouslt I know this but Why can't your customer care number reach out to a 'human being' to be talked to? Is that so difficult? My phone with 'prime' hasn't arrived yet and I would like to speak to your customer care agent once. You've made it so difficult,,2266740.0,2266743.0
2266741,659777,True,2017-11-11 08:20:27+00:00,@AmazonHelp My order ID is 405 9437386 8097937,,2266740.0,2266743.0
2268859,660251,True,2017-10-29 05:39:40+00:00,"@119625 @AmazonHelp unable to join prime, no further text box coming after this screen!!! https://t.co/43lfYxyegs",2268858,,2268859.0
2268858,AmazonHelp,False,2017-10-29 05:42:00+00:00,@660251 That's unusual. Please connect with us here: https://t.co/vlvfJr4nN9 for live assistance. ^HK,,2268859.0,2268859.0
2275905,661952,True,2017-11-11 08:13:21+00:00,Amazon music unlimitedの音楽をスマホでならしてBluetooth飛ばしてスピーカーに拾わせて音楽を聴くって言うようやく時代に追い付いた音楽の聴き方してんだけどめっちゃ便利だし余計なものがないからなんかスッキリしててとてもよいの,2275904,,2275905.0
2275904,AmazonHelp,False,2017-11-11 08:25:00+00:00,@661952 Amazon Music Unlimitedをお楽しみいただいている様子、何よりでございます！どうぞ存分にご活用くださいませm(*-ω-)m RI,,2275905.0,2275905.0
2278499,662498,True,2017-10-19 18:25:55+00:00,"@AmazonHelp bought @146898 tickets but my husband is the lead name on our account. Will this be a problem, as he's not attending?",2278497,,2278499.0
2278497,AmazonHelp,False,2017-10-19 18:53:28+00:00,"@662498 We'd love to address your concerns, Vikki. Please get in touch with us here: https://t.co/yBkvlt2Q0Q ^DG",2278498,2278499.0,2278499.0
2278498,662498,True,2017-10-19 18:55:39+00:00,@AmazonHelp Clearly you can't just say yes or no then?,2278500,2278497.0,2278499.0
2278500,AmazonHelp,False,2017-10-19 19:02:34+00:00,"@662498 Day of event, you'll be required to show your printed voucher as well as photo ID matching the names provided when purchased ^VS",2278501,2278498.0,2278499.0
2278501,662498,True,2017-10-19 19:04:25+00:00,"@AmazonHelp Full name or surname? We have the same surname so would that work, using my driving licence?",,2278500.0,2278499.0
2282886,663499,True,2017-11-11 21:47:06+00:00,"@AmazonHelp why does your company send a email saying I'll get a package today and u now say it's tomorrow, nice way to treat a prime member",2282883,,2282886.0
2282883,AmazonHelp,False,2017-11-11 21:52:28+00:00,"@663499 I'm sorry we've let you down, Dean. Were you given a cause for the delay? Please let us know. ^FD","2282884,2282885",2282886.0,2282886.0
2282885,663499,True,2017-11-11 21:55:48+00:00,"@AmazonHelp No just that it would be within 24 hours now, no email or anything saying it wouldn't be delivered today I have stayed in all day waiting",,2282883.0,2282886.0
2282884,663499,True,2017-11-11 21:56:25+00:00,@AmazonHelp I became a prime member to ensure I got good delivery,2282887,2282883.0,2282886.0
2282887,AmazonHelp,False,2017-11-11 22:01:26+00:00,"@663499 I'm sorry it hasn't arrived! Unforeseen delays may occur, however, we strive to deliver your order as soon as we can. Please let us know if it misses the estimated delivery date. ^SJ","2282888,2282889",2282884.0,2282886.0
2282888,663499,True,2017-11-11 22:02:18+00:00,"@AmazonHelp The estimated delivery date was today so yes it's late, I have been given a new delivery date of within 24 hours",2282890,2282887.0,2282886.0
2282889,663499,True,2017-11-11 23:02:26+00:00,@AmazonHelp Just got an email saying I could become a member of prime!! I am a member!! I just don't seem to be getting benefits,,2282887.0,2282886.0
2282890,AmazonHelp,False,2017-11-11 23:39:00+00:00,"@663499 I know this can be frustrating and we want to help! Please contact us here:
 https://t.co/JzP7hlA23B ^CC",,2282888.0,2282886.0
2283525,663634,True,2017-11-11 13:38:20+00:00,"Netflix, Amazon Prime oder was sonst...!? Und warum? Hilfe!",2283524,,2283525.0
2283524,663633,True,2017-11-11 13:40:49+00:00,"@663634 Bin kurz davor, mir Netflix zu holen. 😱",2283523,2283525.0,2283525.0
2283523,663632,True,2017-11-11 13:42:01+00:00,"@663633 @663634 Holt euch beides, die Inhalte ergänzen sich gegenseitig sehr gut.",2283522,2283524.0,2283525.0
2283522,663633,True,2017-11-11 13:43:19+00:00,"@663632 @663634 Ich hab Prime, aber nix mit Video. Mein Vater hat mir einen Amazon Fire Stick gegeben, aber ich check das nicht. 😂😂😂 #Neuland",2283521,2283523.0,2283525.0
2283521,663632,True,2017-11-11 13:46:32+00:00,"@663633 @663634 Wenn du Prime hast, hast du im Abo Prime Video inklusive. Du musst dich in der Amzon Video App einfach nur mit deinen Amazon Zugangsdaten einloggen und dann sollte es funktionieren.",2283520,2283522.0,2283525.0
2283520,AmazonHelp,False,2017-11-11 13:51:30+00:00,"@663632 Hi, schau mal hier: https://t.co/gQGJzaSkzj Wenn du uns brauchst, lass es uns wissen! ;-) ^AK",,2283521.0,2283525.0
2284190,663792,True,2017-11-11 14:51:54+00:00,Still pissed I paid for one day shipping from @115821  for my gaming chair and now its not schedule to arrive on Monday. I ordered the chair on Wednesday.,2284188,,2284190.0
2284188,AmazonHelp,False,2017-11-11 14:55:57+00:00,"@663792 I'm sorry for the wait, what was the estimated delivery date provided to you in the order confirmation e-mail, and has your order shipped yet? ^GR",2284189,2284190.0,2284190.0
2284189,663792,True,2017-11-11 16:01:40+00:00,@AmazonHelp to estimated delivery date was Friday Nov. 10th by 8pm. It was shipped and reached the carrier facility Friday morning but no updates since,2284191,2284188.0,2284190.0
2284191,663792,True,2017-11-11 16:03:08+00:00,@AmazonHelp or sorry there was one update the expected delivery date moved to the 13th,2284192,2284189.0,2284190.0
2284192,AmazonHelp,False,2017-11-11 16:09:53+00:00,@663792 Thank you for confirming! Were you given a reason for the delivery date being moved to the 13th? Please let us know! ^FD,2284193,2284191.0,2284190.0
2284193,663792,True,2017-11-11 16:17:04+00:00,@AmazonHelp no reason. Tried to get a refund on my shipping was told I had to wait until Tuesday to see if it gets delivered or not,2284194,2284192.0,2284190.0
2284194,AmazonHelp,False,2017-11-11 16:40:00+00:00,@663792 I see. Thank you for confirming! Please allow us another opportunity to resolve this for you by phone or chat here: https://t.co/hApLpMlfHN. We want to make this right! ^SD,,2284193.0,2284190.0
2287111,664513,True,2017-11-12 02:00:06+00:00,@AmazonHelp Why are you using non experience delivery people? This is the 5th time my package was messed up. It says it's delivered but no package. Do a better job.,2287110,,2287111.0
2287110,AmazonHelp,False,2017-11-12 02:02:29+00:00,@664513 I'm sorry you didn't receive your package. Please pass your details to us here: https://t.co/OZYkB3omgJ ^RR,,2287111.0,2287111.0
2287513,664620,True,2017-11-12 02:34:56+00:00,@AmazonHelp I am trying to have my accidental amazon prime yearly charge refunded as this has caused me to overdraw from my account&gt; I would appreciate a speedy refund,2287512,,2287513.0
2287512,AmazonHelp,False,2017-11-12 02:38:00+00:00,@664620 So sorry for the unexpected charge! Have you had a chance to reach out to us via phone or chat? ^LS,,2287513.0,2287513.0
2290254,665294,True,2017-11-12 06:50:20+00:00,@115850 @118919  I ordered phone. Phone speaker is not working.I called CCE but CCE is not answering. How can I return?,2290252,,2290254.0
2290252,AmazonHelp,False,2017-11-12 07:08:27+00:00,"@665294 Sorry to know the product is not working. Connect with our support team here: https://t.co/TK4yevTaND, and they'll assist you regarding this. ^AR",2290253,2290254.0,2290254.0
2290253,665294,True,2017-11-12 07:13:03+00:00,@AmazonHelp Support team is not replying properly. CCE has listened my query and end the call.,2290255,2290252.0,2290254.0
2290255,AmazonHelp,False,2017-11-12 07:23:29+00:00,@665294 That's really odd. This looks like something we should be working on. Please drop in your details here: https://t.co/beaaDm0muc. We shall get back to once we have your details.^SC,2290256,2290253.0,2290254.0
2290256,665294,True,2017-11-14 11:29:55+00:00,"@AmazonHelp I have opened above link and filled this form day after tomorrow but I didn't get any email ,message or call. Now what should I do .
Please help",2290257,2290255.0,2290254.0
2290257,AmazonHelp,False,2017-11-14 11:52:00+00:00,@665294 We haven't received your details yet. Kindly share your details from your registered Amazon account through the link provided earlier and we'll get back to you with an appropriate resolution. ^SY,,2290256.0,2290254.0
2290310,665304,True,2017-11-12 07:01:29+00:00,つまりAmazonさんありがとうということです！,2290309,,2290310.0
2290309,AmazonHelp,False,2017-11-12 07:14:50+00:00,"@665304 ヽ(ﾟДﾟ)ﾉ!!
とんでもございません☺いつもご利用ありがとうございます✨
これからもお楽しみくださいね🙇‍♂️💓
フルーツバスケット＞https://t.co/Zimad78e2c MH",,2290310.0,2290310.0
2290678,665378,True,2017-11-12 07:55:02+00:00,"@115850 i recieved an SMS that Rs.5000/- credited in my pay balance , but i found no money has been credited . what ia this ?",2290676,,2290678.0
2290676,AmazonHelp,False,2017-11-12 08:31:53+00:00,@665378 Could you let us know the source of the SMS received. ^RW,2290677,2290678.0,2290678.0
2290677,665378,True,2017-11-12 13:21:14+00:00,@AmazonHelp MD-PAYBAL is the sender of this sms. site under reference is https://t.co/7XwBacsMqO  . Please check ?,2290679,2290676.0,2290678.0
2290679,AmazonHelp,False,2017-11-12 13:48:00+00:00,"@665378 Thanks for flagging this to us, seems to be a fake offer. Please do not provide your personal information. Also, I'll get this reviewed internally &amp; necessary actions will be taken. ^KH",2290680,2290677.0,2290678.0
2290680,665378,True,2017-11-12 13:58:42+00:00,@AmazonHelp Thanx please.,,2290679.0,2290678.0
2290959,665433,True,2017-11-12 09:42:11+00:00,Holy shit! @115830 going all out on these deals lately... what a saving!!!! 😂 https://t.co/AsBiKOL9wJ,2290957,,2290959.0
2290957,AmazonHelp,False,2017-11-12 09:58:00+00:00,@665433 Wow super savings alright! Do you perhaps have the link for this item handy so we can take a look into this? Thank you. ^NV,2290958,2290959.0,2290959.0
2290958,665433,True,2017-11-12 10:18:00+00:00,"@AmazonHelp Haha no problem 👍🏻 Tech. Bean Double-Sided 1x/7x LED Vanity Makeup Mirror,360 Rotation Anti-fog Design, Perfect for Beauty Bedroom Shaving Traveling https://t.co/gkwfUE9f29",2290960,2290957.0,2290959.0
2290960,AmazonHelp,False,2017-11-12 10:31:29+00:00,@665433 Thanks for highlighting this. ^JJ,,2290958.0,2290959.0
2297164,666892,True,2017-11-12 13:05:16+00:00,"Taken a risk again by ordering on @115850 
Will the #AmazonPrime actually ensure on-time delivery? Lets #waitnwatch",2297163,,2297164.0
2297163,AmazonHelp,False,2017-11-12 13:31:00+00:00,@666892 I'm positive your order shall be delivered by the estimated date. Appreciate your understanding. ^MP,,2297164.0,2297164.0
2301082,667842,True,2017-11-12 17:11:46+00:00,"@AmazonHelp hiya, my mum's only  used £30 off her £50 gift card but now it's saying that it's empty? I'm really confused, could you advise what we can do? Thankyou!",2301080,,2301082.0
2301080,AmazonHelp,False,2017-11-12 17:29:32+00:00,"@667842 Hi! Just to verify, when you check here:  https://t.co/eHGkos58uP in her account does the balance currently say £0?  ^CH",2301081,2301082.0,2301082.0
2301081,667842,True,2017-11-12 17:55:19+00:00,"@AmazonHelp Ahh thanks! We'd got accounts in a muddle, seems to be sorted now",2301083,2301080.0,2301082.0
2301083,AmazonHelp,False,2017-11-12 18:05:57+00:00,@667842 I'm glad to hear you were able to get it sorted. Reach back out if you ever need us. We're here for you! ^AN,,2301081.0,2301082.0
2301384,168065,True,2017-11-12 17:41:37+00:00,"Prime nap spot 

@115821 @117795 https://t.co/gqll12xEgA",2301383,,2301384.0
2301383,AmazonHelp,False,2017-11-12 17:47:00+00:00,@168065 🐱+📦=😍,,2301384.0,2301384.0
2302205,668106,True,2017-11-12 18:23:06+00:00,"@AmazonHelp I've ordered two items one a few months ago, one last week that I've paid for next day delivery on both, all my money's been taken out and I've not received any of them.",2302204,,2302205.0
2302204,AmazonHelp,False,2017-11-12 18:29:30+00:00,"@668106 We're here to help in any way we can, Nicole! What does the tracking indicate for both of these items? Please check here: https://t.co/Y5jpI9gRhE ^FD",2302200,2302205.0,2302205.0
2302200,668106,True,2017-11-12 18:30:54+00:00,"@AmazonHelp First delivery which was placed in AUGUST, still says dispatched. And second order says out for delivery has been like this for 3 days and I paid £5.99 for next day?",2302198,2302204.0,2302205.0
2302198,AmazonHelp,False,2017-11-12 18:40:51+00:00,"@668106 Sorry to hear about that Nicole, What is the expected delivery date for these orders, as shown in the order details found here:  https://t.co/aaDyEz1VgE ^CH",2302199,2302200.0,2302205.0
2302199,668106,True,2017-11-12 18:43:53+00:00,"@AmazonHelp First order expected delivery is 9th of august, so way off now. Have tried to message the seller many times nothing back and second item says expected delivery date was yesterday, just annoying when money's being taken out of my bank and nothing's turning up.",2302201,2302198.0,2302205.0
2302201,AmazonHelp,False,2017-11-12 18:47:36+00:00,"@668106 This isn't what we expect to happen. What does the latest tracking say on your recent order? Also, regarding the seller not responding, please look into filing an A-to-z Guarantee: https://t.co/y5TNaartFf ^AB",2302202,2302199.0,2302205.0
2302202,668106,True,2017-11-12 18:48:45+00:00,"@AmazonHelp It just says 'out for delivery' also had an email Saturday morning (when it was supposed to be delivered) saying it was out for delivery never turned up, and still nothing but had paid for next day delivery.",2302203,2302201.0,2302205.0
2302203,AmazonHelp,False,2017-11-12 19:02:11+00:00,"@668106 At your convenience, please reach us directly via phone or chat so we may look into both of these delivery issues with you: https://t.co/qy3J24VGxb ^BV",,2302202.0,2302205.0
2304775,668708,True,2017-11-12 20:17:36+00:00,@AmazonHelp when will the sims 4 on Xbox one be available for preorder?,2304773,,2304775.0
2304773,AmazonHelp,False,2017-11-12 20:42:29+00:00,"@668708 Hi there, it looks like the digital code is available to pre-order now in ""Standard"" and ""Deluxe Party."" Here's the product page: https://t.co/1JsEOlpKw1 Let us know if you have any further questions! ^DW",2304774,2304775.0,2304775.0
2304774,668708,True,2017-11-12 21:48:36+00:00,"@AmazonHelp Yeah I did notice that, do you have any idea when the physical copy of the game will be able to preorder?",2304776,2304773.0,2304775.0
2304776,AmazonHelp,False,2017-11-12 21:57:26+00:00,"@668708 I'm sorry, I currently have no details available on this. Stay tuned! ^WT",,2304774.0,2304775.0
2307836,207242,True,2017-11-13 01:24:56+00:00,It's very shame that u r unable 2 deliver product within 7 days on my address. I m cancelling the order. @AmazonHelp @115850 https://t.co/mpOevraS2D,2307835,,2307836.0
2307835,AmazonHelp,False,2017-11-13 01:30:00+00:00,"@207242 I'm sorry to know your order isn't delivered yet. Kindly fill in your details here: https://t.co/GIJyeYqKE0, and I'll look into it. Please don't provide your order details, we consider it personal info. Our Twitter page is visible to public. ^NR",,2307836.0,2307836.0
2308259,669565,True,2017-11-13 01:38:43+00:00,My mom melted my fire stick remote don’t ask me how cause I’m still trying to figure out too 🙃,2308258,,2308259.0
2308258,AmazonHelp,False,2017-11-13 02:12:01+00:00,"@669565 If you have any issues, you can reach out to us by phone or chat from here:  https://t.co/hApLpMlfHN ^CH",,2308259.0,2308259.0
2308908,669708,True,2017-11-13 02:42:14+00:00,"@117634 Please tell me why my Kindle keeps deleting my books &amp; comic books? Ever since the app changed, I've had this issue. @115821",2308906,,2308908.0
2308906,AmazonHelp,False,2017-11-13 02:58:00+00:00,"@669708 I'm sorry to hear you're having these issues. When you spoke with us, what troubleshooting steps did we offer? ^AY",2308907,2308908.0,2308908.0
2308907,669708,True,2017-11-13 02:58:40+00:00,@AmazonHelp Nothing. She sounded clueless. Kept asking me the same thing over and over.,2308909,2308906.0,2308908.0
2308909,AmazonHelp,False,2017-11-13 03:02:00+00:00,@669708 I would like someone from my team to look into this more with you. Please fill out your details here: https://t.co/hQqhGUo6d5 and someone will be in contact with you. ^AY,"2308910,2308911",2308907.0,2308908.0
2308911,669708,True,2017-11-13 03:03:57+00:00,"@AmazonHelp Talking to ""Mau"" via Chat. 
I think this exchange is going to useless also.",,2308909.0,2308908.0
2308910,669708,True,2017-11-13 03:11:05+00:00,"@AmazonHelp Yep, ""Mau"" is just giving me ""canned answers"". *sighs* In the 13 yrs I've been a customer, this is only my SECOND Customer Service experience and honestly, it's Terrible.",,2308909.0,2308908.0
2310819,670188,True,2017-11-12 22:00:24+00:00,"@AmazonHelp explain plz I ordered two days ago w one day shipping, haven’t gotten any email confirmations and it’s showing this?? https://t.co/VjO9W5wL3V",2310818,,2310819.0
2310818,AmazonHelp,False,2017-11-12 22:07:27+00:00,@670188 It's not uncommon for a package to be shipped the same day as the delivery date. Please keep us in the loop if it doesn't arrive by 8pm local time.​ ^SE,2310817,2310819.0,2310819.0
2310817,670188,True,2017-11-12 22:38:49+00:00,"@AmazonHelp Will I get an email when it’s shipped? It’s 5:38pm local time, I don’t see them getting here by 8pm.",2310816,2310818.0,2310819.0
2310816,AmazonHelp,False,2017-11-12 22:46:00+00:00,"@670188 Hi there! Yes, you will receive a confirmation email update for the tracking number  when the package is shipped. ^ LH",2310815,2310817.0,2310819.0
2310815,670188,True,2017-11-13 04:39:45+00:00,@AmazonHelp My package was supposed to arrive by 8pm tonight. It is now 11:39pm and I haven’t gotten a shipping confirmation either.,2310814,2310816.0,2310819.0
2310814,AmazonHelp,False,2017-11-13 04:47:54+00:00,@670188 Please reach out to us here to look into this with you: https://t.co/5wWm5ukwqb ^CL,,2310815.0,2310819.0
2311987,670494,True,2017-11-12 22:01:01+00:00,Hey @115821 - where Can I report a typo on your website and will I️ get anything for it? 👀,2311985,,2311987.0
2311985,AmazonHelp,False,2017-11-12 22:04:30+00:00,@670494 Feel free to win the good samaritan award :) If you link us to the typo we can get the error to the correct team.  ^AF,2311986,2311987.0,2311987.0
2311986,670494,True,2017-11-13 15:37:17+00:00,@AmazonHelp https://t.co/pIZxMHZE22 https://t.co/khXa0hc1Ja,2311988,2311985.0,2311987.0
2311988,AmazonHelp,False,2017-11-13 16:00:00+00:00,"@670494 Thanks for the screen grab, is that from the app or directly from the website? ^MI",2311989,2311986.0,2311987.0
2311989,670494,True,2017-11-13 18:36:38+00:00,@AmazonHelp Website. I️ googled amazon pantry to learn how it works. That’s the link that pops up first.,2311990,2311988.0,2311987.0
2311990,AmazonHelp,False,2017-11-13 18:44:00+00:00,@670494 Thanks for the extra info! This will be reported post haste! ^JZ,,2311989.0,2311987.0
2312501,164356,True,2017-11-12 22:22:44+00:00,@AmazonHelp um. I was told I could preload Battlefront II yet I never got a code for it.,2312499,,2312501.0
2312499,AmazonHelp,False,2017-11-12 22:31:00+00:00,"@164356 Hi there, have you received an e-mail from us about your order and digital code? It may have gone to your junk or spam folder. ^DW","2312491,2312500",2312501.0,2312501.0
2312500,164356,True,2017-11-12 22:31:36+00:00,@AmazonHelp I will check and get back to yiy,,2312499.0,2312501.0
2312491,164356,True,2017-11-12 22:32:56+00:00,@AmazonHelp Nothing there,2312488,2312499.0,2312501.0
2312488,AmazonHelp,False,2017-11-12 22:38:00+00:00,"@164356 Robbie, may I know which Battlefront version and for what game console you preloaded? ^SY","2312489,2312490",2312491.0,2312501.0
2312490,164356,True,2017-11-12 22:38:29+00:00,@AmazonHelp Elite Trooper Digital Deluxe for Xbox One,,2312488.0,2312501.0
2312489,164356,True,2017-11-12 22:38:47+00:00,@AmazonHelp I haven’t preloaded due to not receiving a code,2312492,2312488.0,2312501.0
2312492,AmazonHelp,False,2017-11-12 22:53:00+00:00,"@164356 Thanks for letting us know. I haven't been able to find where it pre loads, did you find this on our website? If so, could you link us to where it's at? ^DW","2312493,2312494",2312489.0,2312501.0
2312493,164356,True,2017-11-12 22:54:13+00:00,"@AmazonHelp I was under the impression that if I preordered the digital version, that I’d be able to preload it like people can on PC.",2312495,2312492.0,2312501.0
2312494,164356,True,2017-11-12 22:59:45+00:00,@AmazonHelp I was told to ask if I could preload.,,2312492.0,2312501.0
2312495,AmazonHelp,False,2017-11-12 23:01:00+00:00,@164356 We're unable to access account information via Twitter. We want to help. Please contact us directly by phone or chat here: https://t.co/hApLpMlfHN ^JF,2312496,2312493.0,2312501.0
2312496,164356,True,2017-11-12 23:01:30+00:00,@AmazonHelp Is there a live chat? I don’t have minutes on my iPhone,2312497,2312495.0,2312501.0
2312497,AmazonHelp,False,2017-11-12 23:04:58+00:00,"@164356 Absolutely! After clicking that link, you'll be giving the choice of phone, e-mail and chat! The chat is a live service and will put you in direct contact with one of our customer service associates. We look forward to assisting you. 😊 ^JD",2312498,2312496.0,2312501.0
2312498,164356,True,2017-11-12 23:07:22+00:00,@AmazonHelp Didn’t get a live chat but I emails customer service.,,2312497.0,2312501.0
2314004,471474,True,2017-10-19 22:03:42+00:00,I bought my little niece a rainbow belt with a heart shaped buckle 3 days ago on Amazon and it still hasn't shipped. She's wanting it.,2314003,,2314004.0
2314003,671013,True,2017-10-19 22:05:31+00:00,@471474 Oh you gotta tag @AmazonHelp in stuff like this. No reason for them to take that long to ship stuff.,2314001,2314004.0,2314004.0
2314001,471474,True,2017-10-19 22:06:22+00:00,@671013 @AmazonHelp We'll see if they do anything. I selected two day shipping at checkout.,2313999,2314003.0,2314004.0
2313999,AmazonHelp,False,2017-10-19 22:33:33+00:00,@471474 Sorry to hear it hasn't shipped yet. What was the delivery date when you placed the order: https://t.co/Y5jpI9gRhE? ^CH,2314000,2314001.0,2314004.0
2314000,471474,True,2017-10-19 22:39:29+00:00,@AmazonHelp I placed the order on the 16th. I forget what the delivery date was but it is now saying 20-23,2314002,2313999.0,2314004.0
2314002,AmazonHelp,False,2017-10-19 22:48:25+00:00,@471474 Please let us know if it doesn't arrive by the new expected delivery date. We want to make sure you get it. ^CL,,2314000.0,2314004.0
2315837,671483,True,2017-10-19 22:38:48+00:00,Quando a @60863 vai ter camisas na @117086 ? *---*,2315835,,2315837.0
2315835,AmazonHelp,False,2017-10-19 22:45:27+00:00,"@671483 Olá ROHGADIOLI! No momento não temos essa informações, por isso recomendamos ficar de olho no site para novidades. ^HC",2315836,2315837.0,2315837.0
2315836,671483,True,2017-10-19 22:55:29+00:00,@AmazonHelp Obrigadooo! :),2315838,2315835.0,2315837.0
2315838,AmazonHelp,False,2017-10-19 23:01:00+00:00,@671483 Nada ROHGADIOL! Boa noite! ^JJ,,2315836.0,2315837.0
2316726,671716,True,2017-11-13 05:54:30+00:00,"Be aware Amazon Pay is a one way street, they will let you add money to it but not let you take it out unlike other competing wallets. A further irritant is that such monies should he used for purchase within 1 year failing which one forefits it. #baddeal 

@115850",2316724,,2316726.0
2316724,AmazonHelp,False,2017-11-13 06:22:00+00:00,@671716 I'm sorry to see you upset with Amazon pay balance terms &amp; conditions. I'll get this heard internally as feedback to the relevant team. For any clarifications call us here: https://t.co/vlvfJr4nN9. ^MJ,2316725,2316726.0,2316726.0
2316725,671716,True,2017-11-13 14:42:53+00:00,@AmazonHelp My gripe with this is that transactions such as this erodes some of the great customer service experiences I have had in the past.,2316727,2316724.0,2316726.0
2316727,AmazonHelp,False,2017-11-13 15:06:00+00:00,"@671716 Apologies for the experience, that wasn't intended. We have forwarded your feedback internally for a review. Please keep us posted for further assistance. Appreciate your cooperation. ^BS",,2316725.0,2316726.0
2317958,671990,True,2017-11-05 21:18:28+00:00,Ich kann bald wieder backen! 😍,2317957,,2317958.0
2317957,671990,True,2017-11-05 21:20:35+00:00,Hab mir jetzt endlich eine Küchenmaschine schenken lassen. Kekserlbacken für Weihnachten ist damit gesichert.,2317956,2317958.0,2317958.0
2317956,671990,True,2017-11-13 09:36:15+00:00,"Natürlich ist die Küchenmaschine die ich wollte jetzt nicht mehr verfügbar. -.- Die Stornierung scheint auch nicht problemlos zu klappen und die Sendung liegt laut @124285 beim Partner. Das erste Mal, dass ich ein echtes negatives Einkaufserlebnis bei @116316 hatte.",2317955,2317957.0,2317958.0
2317955,AmazonHelp,False,2017-11-13 09:46:53+00:00,"@671990 Oje, bitte entschuldige die Unannehmlichkeiten. Melde dich bitte mal bei unserem Kundenservice, damit wir uns das anschauen und alles Weitere in die Wege leiten können: https://t.co/5RHhEVutwe Viele Grüße ^UK",,2317956.0,2317958.0
2318085,672015,True,2017-11-13 09:01:12+00:00,"@115821 Hi, can anyone please help me navigate yo amazon electronics item policy on amazon mobile app.",2318083,,2318085.0
2318083,AmazonHelp,False,2017-11-13 09:59:26+00:00,@672015 You may find the return policy for electronics here: https://t.co/wJ66omCtBQ. ^PJ,2318084,2318085.0,2318085.0
2318084,672015,True,2017-11-13 10:03:17+00:00,"@AmazonHelp Sorry but I am looking to policy on mobile app, if it is not  not please let me know the reason why this important information is missing on mobile app.",2318086,2318083.0,2318085.0
2318086,AmazonHelp,False,2017-11-13 10:19:24+00:00,"@672015 You'll certainly find the policy in your app. Please follow: Drop down (Menu Bar) &gt; Customer Service &gt; Browse all help topics &gt; Return or replace an item/order &gt; Return Policy. Do keep us posted further, if you require additional help. ^PB",2318087,2318084.0,2318085.0
2318087,672015,True,2017-11-13 17:05:39+00:00,"@AmazonHelp This is not what I am looking for. Please help me with the policy about ""Electronics item cannot be returned"" in written on mobile app.",2318088,2318086.0,2318085.0
2318088,AmazonHelp,False,2017-11-13 17:51:29+00:00,@672015 Please follow the same process and scroll down on the Return Policy page. You'll be able to find under what circumstances a return or replacement of a product by category is authorized. ^PB,2318089,2318087.0,2318085.0
2318089,672015,True,2017-11-13 18:08:32+00:00,"@AmazonHelp ok, so I purchased a motinor which is defective and you guys considering it to be replaced rather than retrun which in turn I agree to order from amazon again buy not the same brand as box piece is defective, I want different brand option. Can you help me with this issue.",2318090,2318088.0,2318085.0
2318090,AmazonHelp,False,2017-11-13 18:56:03+00:00,@672015 I understand your concern. I’d like to look into the issue and help you. Please fill this form: https://t.co/beaaDm0muc and we’ll contact you soon ^RI,2318091,2318089.0,2318085.0
2318091,672015,True,2017-11-14 04:48:39+00:00,@AmazonHelp done.,2318092,2318090.0,2318085.0
2318092,AmazonHelp,False,2017-11-14 05:06:53+00:00,@672015 We haven't received your details yet. Kindly share your details from your registered Amazon account through the link provided earlier and we'll get back to you soon. ^SY,,2318091.0,2318085.0
2318180,672030,True,2017-11-13 10:10:19+00:00,"Hola @116928 @AmazonHelp que significa esto? No lo entiendo del todo, tengo q volver a pagar? O es q no se realizó correctamente el pago? https://t.co/cMIY2QMbr7",2318179,,2318180.0
2318179,AmazonHelp,False,2017-11-13 10:15:00+00:00,"@672030 Hola Roger, lamentamos los inconvenientes. Puede ser que necesites verificar la información de tu método de pago, puedes encontrar más información aquí: https://t.co/NsV9DVslpe ^VL",2318178,2318180.0,2318180.0
2318178,672030,True,2017-11-13 10:20:17+00:00,@AmazonHelp Problema solucionado! Muchas gracias :),2318177,2318179.0,2318180.0
2318177,AmazonHelp,False,2017-11-13 10:22:30+00:00,@672030 ¡Genial! Estamos para ayudarte 😄 ^VL,,2318178.0,2318180.0
2318824,397578,True,2017-11-25 15:23:38+00:00,"@115830 So delivery expected on Thursday, nothing received but your tracking data says it was ""handed to resident"". Total fabrication, what next?",2318823,,2318824.0
2318823,AmazonHelp,False,2017-11-25 15:30:01+00:00,"@397578 I'm sorry your delivery has not been received, Andy! Have you tried these tips for locating missing parcels scanned as delivered: https://t.co/gymhgnRuKp ? ^TH",,2318824.0,2318824.0
2318999,672197,True,2017-11-13 11:31:40+00:00,"@AmazonHelp  Received damaged crockery ,ordered for gifting Purpose , Need help in urgent replacement https://t.co/UdgGCrMX0p",2318997,,2318999.0
2318997,AmazonHelp,False,2017-11-13 11:49:29+00:00,"@672197 Sorry that you received a damaged product, Joyti. We certainly did not expect this to happen. You may create a return/replacement here: https://t.co/3yqvLnyTxi ^SY",2318998,2318999.0,2318999.0
2318998,672197,True,2017-11-13 11:50:18+00:00,@AmazonHelp Have created replacement but I needed little urgent can you help on this,2319000,2318997.0,2318999.0
2319000,AmazonHelp,False,2017-11-13 12:26:30+00:00,@672197 Order are shipped to be delivered by the delivery estimates. Appreciate your understanding. ^MP,2319001,2318998.0,2318999.0
2319001,672197,True,2017-11-13 12:30:46+00:00,@AmazonHelp Actually I hv ordered this product for gifting someone . You know how it feels if it was delivered like this .That is why I am requesting to deliver it little urgent I have followed all your norms also.,2319002,2319000.0,2318999.0
2319002,AmazonHelp,False,2017-11-13 13:05:51+00:00,"@672197 I understand the urgency, Jyoti. However, we cannot assure you the delivery before the delivery date provided to you. Request you to wait and we'll get the product delivered to you. Appreciate your patience. ^GD",2319003,2319001.0,2318999.0
2319003,672197,True,2017-11-14 11:11:05+00:00,@AmazonHelp Hi team still pick up has not happened for my damaged crockery.,2319004,2319002.0,2318999.0
2319004,AmazonHelp,False,2017-11-14 11:18:29+00:00,@672197 I'm sorry the return hasn't been completed. Kindly report it to our support team here: https://t.co/2t6DQoUmNZ we'll look into it and help out. ^AP,,2319003.0,2318999.0
2320495,118710,True,2017-11-13 13:45:43+00:00,@AmazonHelp on your app it says my parcels should of arrived by now but they haven’t. Can you track where they are?,2320493,,2320495.0
2320493,AmazonHelp,False,2017-11-13 13:50:00+00:00,"@118710 I apologize for the delivery trouble, Reece! Does tracking indicate your parcel has been delivered or is still on the way? If showing delivered, please see steps listed here: https://t.co/vFMehgYjoh. Let us know if that helps! ^CS",2320494,2320495.0,2320495.0
2320494,118710,True,2017-11-13 16:49:47+00:00,@AmazonHelp I’ve tried all of those things apart from contacting the courier because I can’t get no answer,2320496,2320493.0,2320495.0
2320496,AmazonHelp,False,2017-11-13 17:14:36+00:00,@118710 We would like to help with this. Please reach out to us here:  https://t.co/JzP7hlA23B so we may look into this further. ^RO,,2320494.0,2320495.0
2321614,336328,True,2017-11-13 14:15:44+00:00,@AmazonHelp I had a support question I asked about my Amazon Fire which I got a response to but cannot find. Where in Amazon do I see responses to my requests?,2321613,,2321614.0
2321613,AmazonHelp,False,2017-11-13 14:22:00+00:00,@336328 Hey Kris! You should be able to check here: https://t.co/SRzen6WfVC ^BG,2321612,2321614.0,2321614.0
2321612,336328,True,2017-11-13 14:25:39+00:00,@AmazonHelp Thanks!,2321611,2321613.0,2321614.0
2321611,AmazonHelp,False,2017-11-13 14:27:12+00:00,"@336328 You're welcome! Let us know if there's anything else we can do to help, Kris! ^CS",,2321612.0,2321614.0
2337969,201314,True,2017-10-20 05:33:42+00:00,@115850 refused to deliver by local distributor orderId 171-6217738-9983524,"2337967,2337972",,2337969.0
2337967,AmazonHelp,False,2017-10-20 05:48:30+00:00,@201314 That's odd! We'd like to look into it. Kindly report this to our support team 1/2 ^AP,2337968,2337969.0,2337969.0
2337972,AmazonHelp,False,2017-10-20 05:48:30+00:00,@201314 here: https://t.co/2t6DQoUmNZ and we'll get back to you soon. 2/2^AP,,2337969.0,2337969.0
2337968,201314,True,2017-10-20 06:23:30+00:00,@AmazonHelp We haven't got their Twitter handle,"2337970,2337971",2337967.0,2337969.0
2337971,AmazonHelp,False,2017-10-20 06:34:00+00:00,@201314 Apologies for the trouble with the delivery of the order. I'd like to take a closer look at this. ^AK (1/2),,2337968.0,2337969.0
2337970,AmazonHelp,False,2017-10-20 06:34:33+00:00,@201314 Please fill in your details using the link: https://t.co/JzRdscmdH9 and I'll get in touch with you soon. ^AK (2/2),,2337968.0,2337969.0
2338659,636815,True,2017-10-20 06:34:29+00:00,@119625 When will Amazon prime music available in India?,2338658,,2338659.0
2338658,AmazonHelp,False,2017-10-20 06:40:00+00:00,@636815 We do not have any announcement as of now. Kindly stay tuned for updates. ^AP,,2338659.0,2338659.0
2343950,378865,True,2017-11-13 15:34:24+00:00,Hi @AmazonHelp why was my parcel given to my neighbour when im in and no one has called at my door? https://t.co/nHkqXSXER1,2343949,,2343950.0
2343949,378865,True,2017-11-13 15:36:05+00:00,@AmazonHelp Also there's no note through my letter box saying anyone's attempted delivery or left it elsewhere. What you playing at?,2343943,2343950.0,2343950.0
2343943,378865,True,2017-11-13 15:39:54+00:00,@AmazonHelp And now ive had an email saying its gone to number 70 when my instructions are if im not in (which i am and no one called here) it goes to 26. Wtf Amazon,2343941,2343949.0,2343950.0
2343941,AmazonHelp,False,2017-11-13 15:45:35+00:00,"@378865 Hello, I'm very sorry to hear this. Have you been able to retrieve your parcel? ^KK",2343942,2343943.0,2343950.0
2343942,378865,True,2017-11-13 15:54:26+00:00,@AmazonHelp Yes but why didn't they call on my door? Why wasn't it delivered to my requested neighbours who are also in?,2343944,2343941.0,2343950.0
2343944,AmazonHelp,False,2017-11-13 16:06:00+00:00,@378865 May I ask who was the carrier for your order? Have you had deliveries to this address previously without issue? ^MI,2343945,2343942.0,2343950.0
2343945,378865,True,2017-11-13 16:28:14+00:00,"@AmazonHelp God knows who the courier was, didn't even bother to knock my door or leave a note. I only knew it went to number 70 coz i had an email it was delivered and I've had plenty of deliveries without issue before not",2343946,2343944.0,2343950.0
2343946,AmazonHelp,False,2017-11-13 16:42:26+00:00,@378865 We'd like to document your feedback and look into your options. Please contact us here: https://t.co/qy3J24VGxb ^AF,2343947,2343945.0,2343950.0
2343947,378865,True,2017-11-13 16:50:33+00:00,@AmazonHelp Done,2343948,2343946.0,2343950.0
2343948,AmazonHelp,False,2017-11-13 16:57:29+00:00,@378865 Thank you! Your feedback helps improve us grow. I hope you have a lovely day! ^DA,,2343947.0,2343950.0
2347817,678745,True,2017-11-13 16:20:39+00:00,"@115821 How can I download The third policeman, by Flann O'Brien, on my Iphone? I can on my laptop but not on my phone",2347815,,2347817.0
2347815,AmazonHelp,False,2017-11-13 16:38:34+00:00,"@678745 Hi Xavier, Learn how to download Prime Video titles to your mobile device here: https://t.co/4jkrITANvi ^VL",2347816,2347817.0,2347817.0
2347816,678745,True,2017-11-13 17:21:53+00:00,"@AmazonHelp Thanks, but it's not a video, it's a novel",2347818,2347815.0,2347817.0
2347818,AmazonHelp,False,2017-11-13 17:35:31+00:00,"@678745 Xavier, please, can you tell us, it is showing any kind of error message? ^HC",,2347816.0,2347817.0
2349558,265831,True,2017-11-13 17:00:17+00:00,@AmazonHelp ordered a fire tablet very slow dark screen lots of issues can I swap with something? Not happy,2349556,,2349558.0
2349556,AmazonHelp,False,2017-11-13 17:18:00+00:00,"@265831 Hello! I apologize that your device is not operating as expected. If you would like instructions to adjust the brightness of your screen, please go here: https://t.co/AzBVkhSoWz. If not, we can always start the return process. Please keep us updated! ^DY",2349557,2349558.0,2349558.0
2349557,265831,True,2017-11-13 17:22:15+00:00,@AmazonHelp Let's return it's no good,2349559,2349556.0,2349558.0
2349559,AmazonHelp,False,2017-11-13 18:05:31+00:00,"@265831 Hey there! You can start your return here: https://t.co/NbggjE3jXS

Keep us updated! ^GP",,2349557.0,2349558.0
2349630,679156,True,2017-11-13 16:58:50+00:00,@91904 Muito obrigado @117086 eu te amo,2349629,2349631.0,2349631.0
2349629,AmazonHelp,False,2017-11-13 17:06:30+00:00,"@679156 Nós amamos você, Vitor 💛 ^VL",,2349630.0,2349631.0
2364619,380670,True,2017-11-13 22:36:48+00:00,Now ANOTHER Prime order from @115821 is not being delivered within the Prime window. It's taking an extra week. WHY DID I BUY PRIME?!,2364618,,2364619.0
2364618,AmazonHelp,False,2017-11-13 22:43:00+00:00,"@380670 My apologies on the delay. Prime shipping refers to transit time, in business days, once shipped. Have we missed the delivery date we provided at checkout and in your order confirmation e-mail?",,2364619.0,2364619.0
2369588,683840,True,2017-11-13 22:54:01+00:00,every day for months i've been wanting to go through and update my amazon list but i figured i'd wait til it was closer to christmas but now its closer and i'm LAZY,2369587,,2369588.0
2369587,683840,True,2017-11-13 22:55:21+00:00,primarily because amazon is fucking broken and wont let me make/delete notes lol,2369586,2369588.0,2369588.0
2369586,AmazonHelp,False,2017-11-13 23:54:31+00:00,"@683840 Your Amazon list is broken?! What type of notes are you trying to make and where? 
I'd be glad to help? Can you elaborate a little more? ^SY",2369582,2369587.0,2369588.0
2369582,683840,True,2017-11-13 23:57:15+00:00,"@AmazonHelp a very long time ago amazon let people add ""ideas"" to a wishlist that acted like their own items that you could add the comments on and everything. eventually the feature to add them was taken away but existing ones still remained. now ... (1/2)","2369580,2369585",2369586.0,2369588.0
2369585,683840,True,2017-11-13 23:59:02+00:00,"@AmazonHelp ... those ""ideas"" were moved to the top of a wishlist page, but only the name of it remains and not the additional comments. a bummer, but whatever. however it says i can edit them but when i click that button, nothing happens. i cant delete or change them at all. (2/2)",2369650,2369582.0,2369588.0
2369650,683840,True,2017-11-14 00:01:39+00:00,"@AmazonHelp you can put checkmarks beside them but i have no idea what that means, it doesnt seem to do anything but put a checkmark there. i mostly used them for list notes than actual ideas so its frustrating i cant delete them because they're mostly worthless now without the comments",,2369585.0,2369588.0
2369580,AmazonHelp,False,2017-11-14 00:10:31+00:00,@683840 Thank you for explaining it me. I vaguely remember what you're referring to.  It was almost like a review of the items you wanted. Here's a link to our wish list help pages to see if they help: https://t.co/7TwtFKOabu. Does that sound about right? ^SY,2369581,2369582.0,2369588.0
2369581,683840,True,2017-11-14 00:23:21+00:00,"@AmazonHelp i can't find mention of what i'm talking about at all. its at the top of a list page, like this. it has the ""edit items"" in the top right but clicking it doesn't let me do anything https://t.co/EevQiQ6j0Y",2369583,2369580.0,2369588.0
2369583,AmazonHelp,False,2017-11-14 00:29:53+00:00,@683840 Sorry for the difficulty! Please try from a different browser/device. Let us know how that goes. ^SG,2369584,2369581.0,2369588.0
2369584,683840,True,2017-11-14 00:34:24+00:00,"@AmazonHelp i managed to edit/delete them by logging in from my phone, thanks for the advice",,2369583.0,2369588.0
2378240,685871,True,2017-11-14 03:45:21+00:00,Amazonプライムミュージックさいこう https://t.co/LHxrHc01u4,2378239,,2378240.0
2378239,AmazonHelp,False,2017-11-14 03:52:00+00:00,@685871 お褒めいただきありがとうございます。( *´艸｀) ET,,2378240.0,2378240.0
2378914,686021,True,2017-11-14 04:25:20+00:00,"amazon早いわ〜
このあと、車で聴きます。

#マリリンマンソン https://t.co/s4ysQiRbce",2378913,,2378914.0
2378913,AmazonHelp,False,2017-11-14 04:38:00+00:00,@686021 ご利用ありがとうございます。そして、お誕生日おめでとうございます！良い日になりますように。😊✨🎉🎂 ET,2378912,2378914.0,2378914.0
2378912,686021,True,2017-11-14 04:38:43+00:00,@AmazonHelp ありがとうございます！,2378911,2378913.0,2378914.0
2378911,AmazonHelp,False,2017-11-14 04:41:32+00:00,@686021 今後ともAmazonをよろしくお願いいたします😊✨ YM,,2378912.0,2378914.0
2379791,686227,True,2017-11-14 04:46:54+00:00,@115850 I'm having trouble with one of my order. I've returned that but did not got my refund...,2379790,,2379791.0
2379790,AmazonHelp,False,2017-11-14 05:00:28+00:00,@686227 Sorry to hear about the refund. Let us help you with it. Have you reported it to the support team here: https://t.co/TxK11znixD ^HR,,2379791.0,2379791.0
2383345,687029,True,2017-11-14 06:34:01+00:00,Has @115850 stopped providing bookmarks even with 'Fulfilled by Amazon' orders?,2383343,,2383345.0
2383343,AmazonHelp,False,2017-11-14 06:46:30+00:00,"@687029 I’m sorry that you did not receive a bookmark with the order. Although we try to include bookmarks with several book orders, you may not receive it for every book. However,I'll be sure to share your comments on this as feedback with our team internally for a review.^SF",2383344,2383345.0,2383345.0
2383344,687029,True,2017-11-14 06:49:11+00:00,@AmazonHelp Thank you! One more thing can I get the same if I request it after placing the order?,2383346,2383343.0,2383345.0
2383346,AmazonHelp,False,2017-11-14 07:21:29+00:00,"@687029 I'm afraid that wouldn't be possible, Chintan. Apologies for the same. ^JC",2383347,2383344.0,2383345.0
2383347,687029,True,2017-11-14 07:41:53+00:00,@AmazonHelp No worries Amazon :),,2383346.0,2383345.0
2388861,688268,True,2017-11-14 08:03:40+00:00,"Amazonの架空請求が急増しているそうです。
私もよくAmazon使うから気をつけないと…",2388860,,2388861.0
2388860,AmazonHelp,False,2017-11-14 08:21:30+00:00,@688268 リプライ失礼いたします、アマゾン公式です。当サイトでは「https://t.co/st4oU5QbhPからの連絡かどうかの識別について」のヘルプページをご用意しております。よろしければご参照ください。https://t.co/HV0pCptQXv HM,,2388861.0,2388861.0
2393509,689140,True,2017-11-14 11:27:44+00:00,"worst service @115850  cash load service is worst
not received my cash in amazon pay balance",2393506,,2393509.0
2393506,AmazonHelp,False,2017-11-14 11:37:00+00:00,@689140 I'm so sorry to know this. Can you please contact us so we can investigate this: https://t.co/vlvfJr4nN9. ^MP,"2393507,2393508",2393509.0,2393509.0
2393508,689140,True,2017-11-14 11:49:32+00:00,@AmazonHelp it's been more than 48 hours @AmazonHelp,2393510,2393506.0,2393509.0
2393507,689140,True,2017-11-14 11:53:06+00:00,"@AmazonHelp load cash at door step ...i gave amazon agent 2000 rupees.
for the product of rupees 410 has not received my remaining cash in amazon pay balance @115850",,2393506.0,2393509.0
2393510,AmazonHelp,False,2017-11-14 12:17:33+00:00,@689140 Apologies for the delay. We have responded to your concern here: https://t.co/72d12Y1y5S. Request you to check. ^MN,,2393508.0,2393509.0
2393572,689152,True,2017-11-14 11:11:04+00:00,"@115821 I want to buy twitch merch form your site. They don't have it on the dutch version. But on the american I only can use credit card, and I don't have one. How can I pay with paypal or ideal? buying giftcards? but I can't see the total amound of my purchase.",2393570,,2393572.0
2393570,AmazonHelp,False,2017-11-14 11:19:00+00:00,"@689152 Hey Amber, all the https://t.co/hSs9w9f1pF payment option are listed on the website help section: https://t.co/elyxbSpuNZ Do you find anything that helps? Keep us posted ^BD",2393571,2393572.0,2393572.0
2393571,689152,True,2017-11-14 11:31:22+00:00,@AmazonHelp Is there any way to see how much the taxes and sending costs are? so I can buy the right giftcard,2393573,2393570.0,2393572.0
2393573,AmazonHelp,False,2017-11-14 11:50:28+00:00,@689152 Hi Amber! The shipping cost will be displayed at checkout. Can you provide us with a link to the item that you're purchasing? You can find more info here: https://t.co/7DAheaoWtp Keep us updated! ^ CN,2393574,2393571.0,2393572.0
2393574,689152,True,2017-11-14 11:57:05+00:00,@AmazonHelp This Item to the Netherlands https://t.co/JvKd1Rl3FG,2393575,2393573.0,2393572.0
2393575,AmazonHelp,False,2017-11-14 12:08:00+00:00,"@689152 Thank you, Amber, when you select your delivery address the shipping cost will be displayed at checkout. https://t.co/4ZBKPPVpWr ^CN",,2393574.0,2393572.0
2393590,689157,True,2017-11-14 10:52:08+00:00,"またですかアマゾンさん
勘弁してくださいよ https://t.co/TfZvrZMgI5",2393589,,2393590.0
2393589,AmazonHelp,False,2017-11-14 11:02:32+00:00,@689157 ご迷惑をおかけしております。アマゾン販売発送商品を複数購入され、同じ損傷状況ということしょうか？確認のうえご対応させていただきますので、お手数ですが以下よりご連絡いただきますようお願いいたします。https://t.co/J6YEizo6qC HM,2393586,2393590.0,2393590.0
2393586,689157,True,2017-11-14 11:07:20+00:00,"@AmazonHelp Amazon販売発送商品を購入し、届いた商品が破損しており、交換してもらったところ、交換で届いたものも違う位置が破損していて使用できないといった状態です
先程返品手続きをさせていただきました",2393584,2393589.0,2393590.0
2393584,AmazonHelp,False,2017-11-14 11:15:00+00:00,@689157 大変ご迷惑ならびにご不快な思いをおかけいたしましたことを改めてお詫び申し上げます。既に返品手続きいただいたとの事でしたので、重ねてのお手数とはなりますが着払いでのご返送をお願いいたします。リプライいただきありがとうございました。HM,2393585,2393586.0,2393590.0
2393585,689157,True,2017-11-14 11:17:02+00:00,"@AmazonHelp こちらこそお手数お掛けしてすみません
ところで、交換商品については更に交換して頂くことは出来ないのでしょうか？
返品以外の選択肢がなかったため、やむなく返品手続きをしましたが…",2393587,2393584.0,2393590.0
2393587,AmazonHelp,False,2017-11-14 11:26:00+00:00,@689157 交換品に問題があった場合でも、アマゾンが販売発送する商品の在庫があれば交換は可能です。在庫があるにもかかわらず交換手続きができない場合は、カスタマーサービスにて確認いたしますので、こちらからお問い合わせください。https://t.co/J6YEizo6qC　SM,2393588,2393585.0,2393590.0
2393588,689157,True,2017-11-14 11:35:30+00:00,"@AmazonHelp わかりました
丁寧にありがとうございました",,2393587.0,2393590.0
2395792,689670,True,2017-11-14 12:19:03+00:00,"Bonjour @120533 @AmazonHelp 2eme fois que je signale, on me dit oui oui et rien : regardez ces 4 références : B006SYMICU B006SYMJ3S B00WFXJ2QS B006SYMIRA toutes ces refs sont inversées du coup on reçoit pas ce qu'on commande, voir photo pour les refs et caractéristiques RÉELLES https://t.co/K2DD2R8mlb","2395791,2395793,2395794",,2395792.0
2395791,AmazonHelp,False,2017-11-14 12:26:00+00:00,"@689670 Bonjour, je suis vraiment désolée pour ce désagrément, est ce que vous avez passé commande sur Amazon.fr ou https://t.co/nUUp5MLhYl ? ^ASZ",,2395792.0,2395792.0
2402325,691150,True,2017-11-14 13:49:46+00:00,Ah bon ? @120533 @24906 #rienreçue https://t.co/AfBTU7yYZy,2402324,,2402325.0
2402324,AmazonHelp,False,2017-11-14 14:07:00+00:00,"@691150 Bonjour, rencontrez-vous un problème avec votre commande ? ^ARC",,2402325.0,2402325.0
2408740,692582,True,2017-11-14 15:36:51+00:00,hey @115821 please stop using @123967 - there are always issues. Now I have to drive to the post office today to get my package that i needed yesterday and set for delivery yesterday.,2408739,,2408740.0
2408739,AmazonHelp,False,2017-11-14 15:53:03+00:00,@692582 I'm so sorry about the delivery issues! Please reach out to us here so we can leave carrier feedback: https://t.co/hApLpMlfHN ^JY,,2408740.0,2408740.0
2408786,692627,True,2017-11-14 15:38:24+00:00,Just got a fake email from what claims to be amazon support. They can't even spell cancel right... lmao @115821 @AmazonHelp https://t.co/WsM5xcpfua,2408784,,2408786.0
2408784,AmazonHelp,False,2017-11-14 15:45:00+00:00,@692627 Hi Mitch! That email wasn't sent by us. I've included a help page that will help you Identify whether an e-mail is from Amazon:https://t.co/8c4mW3rsF8 ^CN,2408785,2408786.0,2408786.0
2408785,692627,True,2017-11-14 15:50:01+00:00,@AmazonHelp I know. I've emailed it and you guys have taken care of it. Some people would get tricked but not me. I know how to Internet,,2408784.0,2408786.0
2416112,694409,True,2017-10-29 08:49:40+00:00,@115830 Prime order should have been delivered Fri. Didn't arrive. Email then said delivery Sat. Didn't arrive. Why so poor?,2416110,,2416112.0
2416110,AmazonHelp,False,2017-10-29 09:00:00+00:00,@694409 Sorry to hear you're still waiting Paula- What does the tracking advise now? ^NV,2416111,2416112.0,2416112.0
2416111,694409,True,2017-10-29 09:15:00+00:00,@AmazonHelp It says it will be delivered today. It's been saying that since Friday so I don't really believe it,2416113,2416110.0,2416112.0
2416113,AmazonHelp,False,2017-10-29 09:42:27+00:00,@694409 Please get in touch Paula - https://t.co/JzP7hlA23B we'd like to look into this further. Keep us posted. ^TP,2416114,2416111.0,2416112.0
2416114,694409,True,2017-10-29 18:13:46+00:00,@AmazonHelp Contacted customer services. Was promised delivery today. No delivery yet. Not hopeful. @78788 also waiting on delivery to same address,2416115,2416113.0,2416112.0
2416115,AmazonHelp,False,2017-10-29 19:01:03+00:00,@694409 I'm sorry you still haven't received your parcel. We'd like to take a look at the order. Please refer to the link sent by TP. ^JS,"2416116,2416117",2416114.0,2416112.0
2416116,694409,True,2017-10-29 19:17:07+00:00,@AmazonHelp Already did that. Spoke to someone who said delivery would definitely happen today.,,2416115.0,2416112.0
2416117,694409,True,2017-10-30 21:34:05+00:00,@AmazonHelp Delivery finally arrived on 30 Oct after a promised delivery date of 27 Oct. Love the value for money from the £79 Prime fee!!!!,,2416115.0,2416112.0
2416801,446599,True,2017-10-29 09:31:28+00:00,".@115850
.@AmazonHelp
Amazon is cheating in the name of cashback when you add money to Amazon pay during offer time as Great Indian Sale. https://t.co/aQ8ZpKpQgp","2416802,2416800,2416803",,2416801.0
2416800,AmazonHelp,False,2017-10-29 09:59:00+00:00,@446599 Sorry for any inconvenience you've faced. Please contact us here: https://t.co/vlvfJr4nN9 so we can assist you accordingly. ^PJ,,2416801.0,2416801.0
2416803,446599,True,2017-10-29 10:37:33+00:00,@115850 @AmazonHelp I have already shared my details but you lie in order to refuse the cashback.,2417847,2416801.0,2416801.0
2417847,AmazonHelp,False,2017-10-29 11:05:36+00:00,@446599 I'm sorry but we'll not be able to offer any further insight or action on this. ^HK,,2416803.0,2416801.0
2416989,196402,True,2017-10-29 09:46:57+00:00,@115850 refund process is still smoothest on whatever products it’s is valid now,2416988,,2416989.0
2416988,AmazonHelp,False,2017-10-29 10:05:28+00:00,@196402 Thank you for acknowledging. Have a great week ahead. ^VH,,2416989.0,2416989.0
2419467,695088,True,2017-10-29 12:26:22+00:00,"Amazonマーケットプレイスで買った商品が届かない。

うーん。詐欺られたのかな。",2419466,,2419467.0
2419466,AmazonHelp,False,2017-10-29 12:35:02+00:00,@695088 お届け予定日を過ぎても未着の場合、状況をお調べしますので、URLをご参照いただき出品者へ直接お問い合わせください。 https://t.co/ZXCXcbN3Tv EK,,2419467.0,2419467.0
2420739,204001,True,2017-10-29 13:08:29+00:00,@115821 trying to return something is turning into a headache all I want is to give them back and get my refund #headache #help,2420737,,2420739.0
2420737,AmazonHelp,False,2017-10-29 13:14:56+00:00,@204001 Have you tried using our Return Support Centre? You can arrange a return using this page here: https://t.co/6btMe3hHOY ^MJ,2420738,2420739.0,2420739.0
2420738,204001,True,2017-10-29 16:13:09+00:00,@AmazonHelp Yes and each time planned pick up it’s been a no show it’s getting very frustrating now,2420740,2420737.0,2420739.0
2420740,AmazonHelp,False,2017-10-29 16:17:26+00:00,@204001 I'm sorry for the trouble! Please give us a call or chat here so we can investigate this together: https://t.co/JzP7hlA23B ^TG,2420741,2420738.0,2420739.0
2420741,204001,True,2017-10-29 16:20:19+00:00,@AmazonHelp Thanks... I have tried everything and been I. The phone several times and nothing has worked so far!!,,2420740.0,2420739.0
2431245,263543,True,2017-11-14 20:28:33+00:00,"@AmazonHelp order marked as delivered, tracked as handed to resident, no where to be seen (certainly not in my Safe Place Enclosed Front Porch). I'm using Twitter to track whenever this happens now, so I have dates and times of issue deliveries (there are so many).",2431243,,2431245.0
2431243,AmazonHelp,False,2017-11-14 20:45:38+00:00,@263543 Sorry to hear about this! Here are some tips to locate it: https://t.co/kaXmrdpRI8 Please let us know if you still are unable to locate the package! ^JY,2431244,2431245.0,2431245.0
2431244,263543,True,2017-11-15 19:56:01+00:00,"@AmazonHelp So package has arrived, delivered by our postman (seen on Security Camera). I can only assume he's found it somewhere on his rounds of our street and decided to complete your job for you! Shame your original delivery staff couldn't do that in the first place!",,2431243.0,2431245.0
2433648,698376,True,2017-10-29 13:27:33+00:00,Dear @115850 ordered 2 shoes from your site and made online payment. Later received a message saying the transaction was failed (1),"2433646,2433650",,2433648.0
2433650,AmazonHelp,False,2017-10-29 13:39:25+00:00,"@698376 Once an order is canceled, it usually takes 3-5 business days for the refund to process. (1/2)",,2433648.0,2433648.0
2433646,AmazonHelp,False,2017-10-29 13:40:00+00:00,@698376 Could you let us know if the timeline has passed. ^SG(2/2),2433647,2433648.0,2433648.0
2433647,698376,True,2017-10-29 13:42:55+00:00,@AmazonHelp No the timeline has not passed. I ordered the item on 27/10/17,2433649,2433646.0,2433648.0
2433649,AmazonHelp,False,2017-10-29 14:03:30+00:00,@698376 Request you to wait till 3 to 5 days from the time the order is canceled. Keep us posted if you do not receive the refund. ^KS,,2433647.0,2433648.0
2437293,122909,True,2017-10-29 15:25:31+00:00,@115821 delivery is never on time and customer service is rude and sucks,2437291,,2437293.0
2437291,AmazonHelp,False,2017-10-29 15:30:08+00:00,"@122909 That's not what we like to hear! W/o providing acct specific or personal info, can you tell us what's going on? ^LB",2437292,2437293.0,2437293.0
2437292,122909,True,2017-10-29 15:31:34+00:00,"@AmazonHelp @115821 you guys repeatedly suck, if I gave you my info I’d be wasting my time",,2437291.0,2437293.0
2437723,699276,True,2017-10-29 15:34:47+00:00,"Ha ha ha @117795 @115850 what is this , u mean #pawankalyan is now 80 years old? #wtf #amazonprime #papk #kushi #telugu #PMModi https://t.co/8jfCdP1OOx",2437722,,2437723.0
2437722,AmazonHelp,False,2017-10-29 15:50:32+00:00,@699276 Thank you for flagging. I'll forward this to our concerned team and get it reviewed. ^RI,,2437723.0,2437723.0
2438186,235039,True,2017-10-29 16:04:36+00:00,"I preordered many, many months ago with @116090 on my #amazonprime so naturally I won't be getting it until after November 1. https://t.co/3C0uObCKo0",2438182,,2438186.0
2438182,AmazonHelp,False,2017-10-29 16:10:49+00:00,@235039 I'm sorry for the wait! Have we missed the original delivery date yet? ^DD,"2438183,2438184,2438185",2438186.0,2438186.0
2438184,235039,True,2017-10-29 16:17:09+00:00,"@AmazonHelp You miss the delivery date on pretty much every single thing I order. I order A LOT too. It's frustrating, that &amp; marketplace scammers.",2438187,2438182.0,2438186.0
2438183,235039,True,2017-10-29 16:20:48+00:00,"@AmazonHelp Also love that you always want me to go to a link &amp; then fill out order complaint, than I get sent back a generic template ""sorry"" response",,2438182.0,2438186.0
2438187,AmazonHelp,False,2017-10-29 16:26:00+00:00,@235039 We'd like to see how we can help you! Please reach out to us by phone or chat here: https://t.co/Q7Ftz6nj80 ^DD,2438188,2438184.0,2438186.0
2438185,235039,True,2017-10-29 16:27:01+00:00,"@AmazonHelp It's gotten so I will finish my preorders I've already made. I can shop elsewhere, you treat me like you don't want my business.",,2438182.0,2438186.0
2438188,235039,True,2017-10-29 16:36:30+00:00,"@AmazonHelp I've done that so many times, I'm sick of the generic template cut &amp; paste response every time. You're always sorry, I'm always not happy.",,2438187.0,2438186.0
2441737,700237,True,2017-11-14 22:21:52+00:00,Ordered @118062 new album from @115830 on thursday. CD was due to be released the next day and I still don't have it. Useless Amazon,2441736,,2441737.0
2441736,AmazonHelp,False,2017-11-14 23:25:00+00:00,"@700237 I'm so sorry to hear you haven't received your CD yet! Could you check to see if there is an updated delivery date available here, https://t.co/aaDyEz1VgE and keep us posted.
^AV",,2441737.0,2441737.0
2449325,702017,True,2017-11-15 03:03:51+00:00,@AmazonHelp  I’ve been on the phone for 30min with no resolution to my problem. How hard is it to replace something with a warranty?!,2449323,,2449325.0
2449323,AmazonHelp,False,2017-11-15 03:12:00+00:00,@702017 I am so sorry for the difficulties! What info or options have you been given so far? ^CN,2449324,2449325.0,2449325.0
2449324,702017,True,2017-11-15 03:13:09+00:00,@AmazonHelp None. I tried the remote reset. I unplugged it 3x. I changed hdmi ports. The woman on the phone wasn’t very helpful.,,2449323.0,2449325.0
2449673,702090,True,2017-10-29 16:14:45+00:00,@122232 @115830 My parcel for my disabled child was delivered to &amp; signed for at the wrong address. Not getting much help over the phone.,2449671,,2449673.0
2449671,AmazonHelp,False,2017-10-29 16:26:00+00:00,"@702090 Oh no! Without posting personal acct info, can you tell us what has been advised when you spoke with us? We're here to help! ^KN",2449672,2449673.0,2449673.0
2449672,702090,True,2017-10-29 16:40:00+00:00,"@AmazonHelp Another courier will come today or 2moro with a replacement, thanks.",,2449671.0,2449673.0
2451327,702454,True,2017-10-29 17:00:18+00:00,@AmazonHelp I bought a digital $100 gift card and it says pending verification. It's my birthday wtf is going on,"2451326,2451328",,2451327.0
2451326,AmazonHelp,False,2017-10-29 17:18:00+00:00,@702454 gift card is available. Let us know if you need anything else! We're always more than happy to help. 2/2 ^SA,,2451327.0,2451327.0
2451328,AmazonHelp,False,2017-10-29 17:18:00+00:00,@702454 We need to manually obtain authorization from your bank for the transaction. You should get a confirmation email once your 1/2,,2451327.0,2451327.0
2454450,703113,True,2017-11-30 21:42:33+00:00,gracias amazon por acordarte de mí @116928 https://t.co/z4ze4FPWqA,2454449,,2454450.0
2454449,AmazonHelp,False,2017-11-30 21:47:38+00:00,"@703113 ¡Hola, Alejandro! ¡Siempre pensamos en nuestros clientes! Esperamos que lo disfrutes,  ^DS",,2454450.0,2454450.0
2454458,703116,True,2017-11-15 03:32:54+00:00,"@115850 Why r some products not deliverable to 781006 (Dispur, Capital of Assam) and other major pincodes in Guwahati but is deliverable to the outskirts like 781037, for e.g.
APC BX600C-IN 600VA, 230V Back UPS,
do u guys want people to shop from other retailers? (1)",2454457,,2454458.0
2454457,AmazonHelp,False,2017-11-15 03:39:00+00:00,"@703116 Due to carrier constraints, we are not able to provide delivery to a few pincodes. But we are working on expanding our services. ^GK",,2454458.0,2454458.0
2457174,703822,True,2017-11-15 04:45:26+00:00,"好きな飲み物もって集合だー！10箱もあるぜー！٩( ᐛ )و
※急に食べたくなってAmazonで買いました。 https://t.co/IPIhPY4rEy",2457172,,2457174.0
2457172,AmazonHelp,False,2017-11-15 04:53:00+00:00,@703822 ご注文ありがとうございました！（一度に10箱を一人で完食・・・なわけないですよね）Oo｡ヾ(;´▽｀A`` TN,2457173,2457174.0,2457174.0
2457173,703822,True,2017-11-15 05:08:16+00:00,@AmazonHelp この日を待ってました🤤完食しちゃわないよう気をつけます٩( ᐛ )و,2457175,2457172.0,2457174.0
2457175,AmazonHelp,False,2017-11-15 05:11:34+00:00,@703822 美味しいとついつい食べ過ぎちゃいますよね(;´▽｀A`` 無くなりましたら、またどうぞ～♪ (っ´∀｀)っ TN,,2457173.0,2457174.0
2457789,703956,True,2017-11-15 05:18:49+00:00,@115850 my order id 171-7834469-1805100. Tried to contact you guys. PAise to dedo mere atleast. You people have closed the order and i have not received any money yet. I have returned ur order. Receipt number. https://t.co/Og8Hg6JxVf,"2457787,2457792,2457793",,2457789.0
2457792,AmazonHelp,False,2017-11-15 05:32:13+00:00,"@703956 I understand your concern regarding the refund. Please click on the link here: https://t.co/vlvfJr4nN9 and follow the path: login or skip sign in &gt; Choose an option &gt; Choose Reason &gt; Choose Issue &gt; Choose the mode of contact phone, e-mail or chat. 1/2 ^AH",,2457789.0,2457789.0
2457787,AmazonHelp,False,2017-11-15 05:32:37+00:00,@703956 Please don’t provide your order details as we consider them to be personal information. Our page is visible to public. 2/2 ^AH,2457788,2457789.0,2457789.0
2457788,703956,True,2017-11-15 06:38:15+00:00,@AmazonHelp Wat the hell yaar.. no i wont be doing anything now.. you have to contact me on below number 9811724870..,"2457790,2457791",2457787.0,2457789.0
2457790,AmazonHelp,False,2017-11-15 07:08:55+00:00,@703956 details as we consider them to be personal information. Our Twitter page is public. 2/2 ^SH,,2457788.0,2457789.0
2457791,AmazonHelp,False,2017-11-15 07:08:55+00:00,@703956 I'm sorry to know the issue hasn't been resolved yet. I'd like to work on it and set things right. Please share your details here: https://t.co/hnPr0bKyo8 and I'll get back to you. Please don’t provide your 1/2 ^SH,,2457788.0,2457789.0
2462210,704892,True,2017-11-15 07:39:37+00:00,"@115850 It's a kind request that you've to stop shipping the ""COD Orders"" &amp; ""Prepaid Orders"" in a same shipment. It has become an annoying problem for us (Customers).",2462209,,2462210.0
2462209,AmazonHelp,False,2017-11-15 08:17:00+00:00,@704892 Thank you for the suggestion. I shall forward the feedback to the concerned team for review. ^HR,,2462210.0,2462210.0
2470207,706576,True,2017-11-15 10:36:07+00:00,@115850 Order# 405-0663107-0918745 placed on 16th october. sbi debit card used 10% cashback of rs.1300 not credited yet.,"2470206,2470208",,2470207.0
2470206,AmazonHelp,False,2017-11-15 10:45:55+00:00,"@706576 Please don't provide your order details, as we consider it to be personal information. Our Twitter page is visible to the public. (2/2)^AU",,2470207.0,2470207.0
2470208,AmazonHelp,False,2017-11-15 10:45:55+00:00,"@706576 The applicable cash back under this Offer will be credited to your Bank account linked with SBI Debit or Credit Card by January 17, 2018. Kindly refer: https://t.co/b6aJtbwg0V for more information on this. (1/2)^AU",,2470207.0,2470207.0
2470918,706734,True,2017-11-15 11:12:59+00:00,"@115850 @115821 #AmazonNotAmazin anymore! Order[408-1530921-5045129] from seller'Buy your Wish' made 1.5 months ago not reached yet.Delayed by 2 weeks now. Amazon cust service not  helpful with refund,keeps backing seller's claim it's stuck at customs. Total unprofessionalism.","2470917,2470919,2470920",,2470918.0
2470917,AmazonHelp,False,2017-11-15 11:43:00+00:00,"@706734 I’m so sorry you haven’t received your order yet. I’d like to help you with this, please fill this form: https://t.co/GIJyeYqKE0. Please don't provide your order number, we consider it to be personal information. Our Twitter page is visible to the public. ^MP",,2470918.0,2470918.0
2470919,706734,True,2017-11-15 12:16:30+00:00,"@115850 @115821 Look, jst refund my money.We've bin talking 2 yr cust service and they say they can't refund.I won't fill any more forms.yr logistics &amp;IT support so weak u can't extract my info from th order no?Stop talking crap",2472430,2470918.0,2470918.0
2472430,AmazonHelp,False,2017-11-15 12:28:00+00:00,"@706734 I understand your concern. However, we cannot access your Amazon account via Twitter. Kindly share your details through the secure link provided earlier, we'll reach out to you soon. ^AP",,2470919.0,2470918.0
2470920,706734,True,2017-11-15 13:05:57+00:00,"@115850 @115821 @96289, please retweet. And ask your friends.Effing people just sitting on their ass and beating around the bush and not doing anything for the past fortnight. Their cust care sucks",2474872,2470918.0,2470918.0
2474872,AmazonHelp,False,2017-11-15 13:30:36+00:00,"@706734 I understand you're upset and I'm sorry about it. Could you please confirm, submitting your details using the link shared earlier? ^MP",2474873,2470920.0,2470918.0
2474873,706734,True,2017-11-15 13:41:10+00:00,@AmazonHelp No.I'm tired of sharing details. Have given enough to all yr cust care reps during all those calls. Check them out. And refund my money. That's all,2474874,2474872.0,2470918.0
2474874,AmazonHelp,False,2017-11-15 13:47:39+00:00,@706734 Apologies for the unpleasant experience. Could you please confirm if you've shared your  details using the link provided earlier? ^MN,,2474873.0,2470918.0
2472443,707044,True,2017-11-15 12:15:24+00:00,"@116928 hola, ¿Amazon no se ha planteado nunca el que se puedan regalar libros de kinddle de una cuenta a otra? Yo compro y pago el libro pero quiero regalárselo a un amigo...",2472442,,2472443.0
2472442,AmazonHelp,False,2017-11-15 12:24:49+00:00,"@707044 Hola, actualmente el servicio de Kindle de Amazon.es no cuenta con la funcionalidad de regalar libros de una cuenta a otra. ¡Saludos! ^FZ",,2472443.0,2472443.0
2480609,171966,True,2017-10-29 21:58:48+00:00,@117634 latest upgrade on iPhone (iOS 11.0.3) deleted my synced audio books within the app. Any suggestions other than redownload?,2480608,,2480609.0
2480608,AmazonHelp,False,2017-10-29 22:09:30+00:00,"@171966 Oh no! You can also Sync your books by tapping on More. If that does not help, you can then try uninstalling/reinstalling. ^DD",,2480609.0,2480609.0
2481773,AmazonHelp,False,2017-10-29 22:31:35+00:00,@709093 I'm sorry for the unexpect charge! Is it showing from https://t.co/nUUp5MLhYl or https://t.co/RMXGdmhl2d? ^AY,2481772,,2481773.0
2481772,709093,True,2017-10-29 22:32:12+00:00,@AmazonHelp From audible,2481771,2481773.0,2481773.0
2481771,AmazonHelp,False,2017-10-29 22:47:40+00:00,@709093 Thank you for letting us know. Please reach out to Audible for assistance on the unknown charge: https://t.co/jvW6ZHBpPj ^EB,,2481772.0,2481773.0
2483976,709640,True,2017-11-15 15:24:27+00:00,"Bonjour @14272. Après commande à @120533 @AmazonHelp le colis devait arriver aujourd'hui avant 16h00. Mais sur le suivi il n'est même pas en cours d'acheminement. Au tél, je ne sais rien avoir comme information de BPOST. Que faire ? TRACK : 32321125__credit_card__",2483974,,2483976.0
2483974,AmazonHelp,False,2017-11-15 15:38:11+00:00,"@709640 Bonjour, je suis sincèrement navrée d'apprendre cela. L'avez-vous signalé à notre service client s'il vous plaît? ^SA",2483975,2483976.0,2483976.0
2483975,709640,True,2017-11-15 15:51:56+00:00,"@AmazonHelp Bonjour, je l'ai fait, mais la conseillère m'a dit qu'elle porterait réclamation auprès de BPOST pour une livraison en ce jour, ce dont je doute cependant. Ce que je déplore, c'est le fait que @14272 ne sache réellement me dire ce qu'il en est, ni ne remplisse son engagement.",2483977,2483974.0,2483976.0
2483977,AmazonHelp,False,2017-11-15 16:04:01+00:00,"@709640 Une remontée a û donc être faite auprès du transporteur. Je vous invite à patienter, en cas de non livraison vous pouvez relancer le SAV afin vérifier cela auprès du transporteur. 
Sachez que vos remontées nous aident à améliorer nos services.
^ARC",2483978,2483975.0,2483976.0
2483978,709640,True,2017-11-15 16:09:36+00:00,@AmazonHelp Je reviens vers vous après ma conversation avec un agent BPOST. Ils ont des problèmes d'effectifs depuis 2 semaines et des soucis techniques apparemment. Serait-il possible d'envisager une livraison via un autre transporteur ?,2483979,2483977.0,2483976.0
2483979,AmazonHelp,False,2017-11-15 16:25:32+00:00,"@709640 Le choix du transporteur est soumis à plusieurs critères logistiques tels que votre code postal, le volume / poids des articles, …Ceci dit, si vous avez un souci récurrent avec un transporteur précis, il suffit de le signaler à notre service client. ^ASZ",2483980,2483978.0,2483976.0
2483980,709640,True,2017-11-15 16:36:06+00:00,"@AmazonHelp D'accord, merci en tout cas. Une chose est sûre, en regardant le fil Twitter je ne suis pas la seule personne à avoir des problèmes avec BPOST. Je vous remercie de votre sollicitude. Au plaisir",2483981,2483979.0,2483976.0
2483981,AmazonHelp,False,2017-11-15 16:44:01+00:00,@709640 Merci à vous pour votre collaboration. Sachez que nous sommes toujours là à votre service. N'hésitez jamais à revenir vers nous en cas de besoin. ^ARC,2483982,2483980.0,2483976.0
2483982,709640,True,2017-11-16 13:16:35+00:00,@AmazonHelp Merci pour votre aide et celles de vos collègues du site @120533 qui ont fait une remontée d'informations à BPOST qui a livré mon colis aujourd'hui.,2483983,2483981.0,2483976.0
2483983,AmazonHelp,False,2017-11-16 13:20:32+00:00,@709640 Je suis ravie d'apprendre cela 😍 Profitez en bien 😉^FT,2483984,2483982.0,2483976.0
2483984,709640,True,2017-11-16 13:21:45+00:00,@AmazonHelp Merci ! 🙂,2483985,2483983.0,2483976.0
2483985,AmazonHelp,False,2017-11-16 13:27:00+00:00,"@709640 Je vous en prie, très bonne journée. ^ASZ",2483986,2483984.0,2483976.0
2483986,709640,True,2017-11-16 13:28:03+00:00,"@AmazonHelp Merci, à vous de même :)",,2483985.0,2483976.0
2490622,711143,True,2017-11-15 17:31:09+00:00,"I admit. I would be lost w/out Prime from @115821 living in the rural #1000islands. But today's *monster* box for a tiny tablet case challenged my devotion. How inefficient - what a waste of materials, of shipping....left wondering, why?? https://t.co/ZlLimjEIjt",2490621,,2490622.0
2490621,AmazonHelp,False,2017-11-15 17:33:00+00:00,"@711143 We're always looking for ways to improve! When you have a moment, please provide us with your Packaging Feedback here: https://t.co/MUPehTYzRV ^AC",,2490622.0,2490622.0
2492266,711512,True,2017-11-15 17:38:43+00:00,"Hello @115821 thanks for always being a sport when I need to return things. That is all. Love you, bye,",2492265,,2492266.0
2492265,AmazonHelp,False,2017-11-15 17:46:14+00:00,@711512 I'm glad we could help! 😁 ^MJ,,2492266.0,2492266.0
2496044,383106,True,2017-10-30 01:31:41+00:00,@AmazonHelp @115850 @115850 #Amazon. What is there on email? Somebody escalated.Wait for some more time. I am fed up with this reply.No point in waiting (1/2),"2496038,2496059",2496060.0,2496060.0
2496059,AmazonHelp,False,2017-10-30 01:37:55+00:00,@383106 We don't have access to your Amazon account info via Twitter. Please write back to (1/2)^SQ,,2496044.0,2496060.0
2496038,AmazonHelp,False,2017-10-30 01:39:31+00:00,@383106 the email from our team and we'll do the needful. (2/2)^SQ,"2496039,2496040,2496041,2496042,2496043",2496044.0,2496060.0
2496041,383106,True,2017-10-30 02:09:32+00:00,"@AmazonHelp Order Id 
https://t.co/awojQ1odKk can see the details there. I don't mind sharing my details here. I just want to get my advance refund(1/2)","2496045,2496046",2496038.0,2496060.0
2496040,383106,True,2017-10-30 02:11:25+00:00,@AmazonHelp Can you understand this.There is no point  replying to mail.That's per my exp.have written mail since 20 Oct.What productively happnd (2/2),,2496038.0,2496060.0
2496039,383106,True,2017-10-30 02:12:40+00:00,@AmazonHelp I have with me all screenshot of chats till now. Do I have to share in twitter/fb for you to know how much I have followed it,,2496038.0,2496060.0
2496042,383106,True,2017-10-30 02:14:54+00:00,"@AmazonHelp I don't care about your return policy.Just as  Asif pointed in above screenshot,haven't received adv return.What Asif has said is that fake?",,2496038.0,2496060.0
2496043,383106,True,2017-10-30 02:16:29+00:00,@AmazonHelp Come on Amazon . Make up your word. Are you making false promises via cust care? @115850 #Amazon,,2496038.0,2496060.0
2496045,AmazonHelp,False,2017-10-30 02:19:28+00:00,"@383106 Please don't provide your details, we consider it personal information. Our Twitter page is visible to public. ^HD",,2496041.0,2496060.0
2496046,AmazonHelp,False,2017-10-30 02:19:28+00:00,"@383106 I understand your concern, Jyothi. Please reply to any correspondence you've received from our end. We'll get back to you. ^HD","2496047,2496048",2496041.0,2496060.0
2496048,383106,True,2017-10-30 04:12:52+00:00,@AmazonHelp @115850 #Amazon can't u understand my point.Attaching the recent mail screenshot.asked for advance refund &amp;reply mail it's abt return(1/2) https://t.co/YTt1IblYFq,"2496049,2496050",2496046.0,2496060.0
2496047,383106,True,2017-10-30 04:14:00+00:00,@AmazonHelp No point in writing mails as it not directed to my question. I will share screenshot of further mails / chat in any an hour time.,,2496046.0,2496060.0
2496049,AmazonHelp,False,2017-10-30 04:27:27+00:00,@383106 write back to the email sent by our team and we'll reach out to you soon. (2/2) ^VM,"2496051,2496052,2496053,2496054",2496048.0,2496060.0
2496050,AmazonHelp,False,2017-10-30 04:27:27+00:00,@383106 We understand you are yet to receive your refund. To help process this further please (1/2) ^VM,,2496048.0,2496060.0
2496051,383106,True,2017-10-30 04:30:35+00:00,@AmazonHelp Come on Amazon what should I reply here with respect to last email. As per mail it's wait for some more time. Correct? https://t.co/2WSz7oN874,"2496055,2496056,2496057",2496049.0,2496060.0
2496054,383106,True,2017-10-30 04:32:05+00:00,@AmazonHelp As per asif time scale I should get advance refund by now. Process that as soon as possible,,2496049.0,2496060.0
2496053,383106,True,2017-10-30 04:32:59+00:00,@AmazonHelp When I write any mail I get reply as before. Wait for some more time. I have started waiting from Oct 20. Now tell me should I reply emails,,2496049.0,2496060.0
2496052,383106,True,2017-10-30 04:34:20+00:00,@AmazonHelp I will share in an hour of all the mail and reply. So u &amp; the whole world can see your response and similar manner of reply to those emails.,,2496049.0,2496060.0
2496057,AmazonHelp,False,2017-10-30 05:04:52+00:00,@383106 I certainly understand your concern. But as this is a public platform we can't view (1/2)^HR,,2496051.0,2496060.0
2496056,AmazonHelp,False,2017-10-30 05:05:00+00:00,"@383106 your account details. Hence, please reply back to the email and we will assist accordingly. (2/2)^HR",,2496051.0,2496060.0
2496055,383106,True,2017-10-30 14:49:42+00:00,@AmazonHelp @115850  Phew!! Atlast the refund has been processed today. After 10 days of hectic trouble. Process has to be made simpler for customers.,2496058,2496051.0,2496060.0
2496058,AmazonHelp,False,2017-10-30 15:19:03+00:00,"@383106 Glad to know that, I'm sorry for stretch though. I've noted your comment and have forwarded it as feedback internally. ^MO",,2496055.0,2496060.0
2497895,712776,True,2017-10-30 03:07:53+00:00,"@115821 What the fuck have you done to the subtitle settings?! 😠

#Subtitles",2497894,,2497895.0
2497894,AmazonHelp,False,2017-10-30 03:28:24+00:00,@712776 We'd like to help if possible! Will you tell us more about what's going on and which device you're experiencing this with? ^GM,,2497895.0,2497895.0
2499148,713064,True,2017-11-15 18:44:07+00:00,"hallo @116316  @AmazonHelp wieso kann ich meine Listen nicht mehr nach Preisen sortieren? auf .com geht es, auf .de nicht...",2499146,,2499148.0
2499146,AmazonHelp,False,2017-11-15 19:00:52+00:00,"@713064 Hi, dein Feedback hierzu gebe ich gerne weiter. Schönen Abend noch. ^NW",2499147,2499148.0,2499148.0
2499147,713065,True,2017-11-15 20:00:07+00:00,@AmazonHelp @713064 @AmazonHelp @116316 ich habe dasselbe Problem und ich kann nicht mehr nach Preissenkung filtern,,2499146.0,2499148.0
2499167,713069,True,2017-11-15 18:53:40+00:00,"@115830 What’s happening to your delivery service,my last two orders have been left on the doorstep in plain sight and today I received one of your new style missed delivery notifications! https://t.co/D3TCpTj1XX",2499166,,2499167.0
2499166,AmazonHelp,False,2017-11-15 18:57:36+00:00,"@713069 I apologize about poor experience with us! Have you set a safe place for our drivers to leave your package, you can find more information about that here: https://t.co/F45DdMuOyr ^LS",,2499167.0,2499167.0
2500747,713404,True,2017-11-15 19:15:40+00:00,"@120533 payer une version deluxe d'un jeu (payée 30€ de plus) pour être livré en avance, et finalement livré en retard avec 5€ de compensation. Merci Amazon #FoutageDeGueule 👌👌👌",2500743,,2500747.0
2500743,AmazonHelp,False,2017-11-15 19:29:01+00:00,"@713404 Bonsoir Julien, je suis sincèrement désolée d'apprendre cela. Pouvez-vous me confirmer le nom du transporteur ayant pris en charge votre livraison s'il vous plait ? ^SB","2500744,2500745,2500746",2500747.0,2500747.0
2500744,713404,True,2017-11-15 19:53:50+00:00,"@AmazonHelp Justement, le problème c’est qu’il n’est pas encore pris en charge, pour une livraison initialement prévue hier... puis demain, reportée ensuite à samedi...",2500748,2500743.0,2500747.0
2500748,AmazonHelp,False,2017-11-15 20:11:51+00:00,@713404 Y'avait-il un e-mail envoyé pour expliquer la raison de ce délai je vous prie? ^BR,,2500744.0,2500747.0
2500746,713404,True,2017-11-15 21:02:50+00:00,"@AmazonHelp Oui : report de la livraison à jeudi, sans motif. J’ai tenté de modifier mon lieu de livraison, bug sur le site, je rétablis mon adresse d’origine... livraison repoussée à samedi... et le service client n’est même pas en mesure de rétablir la date à jeudi 😡😡",2500754,2500743.0,2500747.0
2500754,AmazonHelp,False,2017-11-15 21:06:00+00:00,@713404 La commande n'est toujours pas expédiée?,,2500746.0,2500747.0
2500745,713404,True,2017-11-15 21:24:49+00:00,"@AmazonHelp Toujours pas, malgré une précommande du mois de septembre !",2500749,2500743.0,2500747.0
2500749,AmazonHelp,False,2017-11-15 21:29:54+00:00,@713404 Quelle est la date de sortie s'il vous plaît?,2500750,2500745.0,2500747.0
2500750,713404,True,2017-11-15 21:42:07+00:00,"@AmazonHelp Date de sortie le 17 novembre, mais la précommande de la version deluxe permettait de jouer dès le 14 ! Le jeu c’est Star Wars Battlefront II",2500751,2500749.0,2500747.0
2500751,AmazonHelp,False,2017-11-15 22:02:01+00:00,@713404 Pourriez-vous remplir le formulaire sur le lien suivant afin que je puisse vérifier de près votre dossier je vous prie: https://t.co/HtUowg2UGX?^BR,2500752,2500750.0,2500747.0
2500752,713404,True,2017-11-15 22:18:55+00:00,"@AmazonHelp C'est fait, merci à vous pour le traitement de mon problème...",2500753,2500751.0,2500747.0
2500753,AmazonHelp,False,2017-11-15 22:24:00+00:00,@713404 À votre service ! Vous recevrez une réponse le plus rapidement possible. ^MA,,2500752.0,2500747.0
2501943,713658,True,2017-11-15 19:16:34+00:00,"@AmazonHelp I had a package delivered to a neighbour today then the courier came back, said it had been recalled and took it back from my neighbour. Seems strange, is this normal?",2501941,,2501943.0
2501941,AmazonHelp,False,2017-11-15 20:00:00+00:00,"@713658 I'm sorry to hear that the package was delivered then picked back up. Could you reach out to us here, https://t.co/JzP7hlA23B so we can look further into this for you?
^AV",2501942,2501943.0,2501943.0
2501942,713658,True,2017-11-15 20:12:51+00:00,"@AmazonHelp It's ok, it's just been delivered by a different courier now. He didn't know why his colleague had taken it back",2501944,2501941.0,2501943.0
2501944,AmazonHelp,False,2017-11-15 20:16:50+00:00,@713658 That is odd... But I am so glad you received your parcel! Please let us know if you need anything else! ^AD,,2501942.0,2501943.0
2503588,532544,True,2017-11-15 20:24:45+00:00,So ich lasse es dieses Jahr mit @AmazonHelp von den letzten 6 Bestellungen hat genau eine funktioniert ... zwei verloren und die restlichen verspätet.,2503586,,2503588.0
2503586,AmazonHelp,False,2017-11-15 20:31:37+00:00,"@532544 Oje! Hast du dich dazu schon an meine Kollegen im Kundenservice gewendet? Wir prüfen gern, was passiert ist. Hier der Link zu uns: https://t.co/ohyvGrpvrY Viele Grüße ^DS",2503587,2503588.0,2503588.0
2503587,532544,True,2017-11-15 20:36:54+00:00,@AmazonHelp Bin ich gerade dabei.,,2503586.0,2503588.0
2509285,715327,True,2017-11-15 21:59:04+00:00,Hi @AmazonHelp and @115830 what’s up with household profiles? Your help (https://t.co/ClnodB1Gmr) doesn’t match your app. Not an option. 😠,2509283,,2509285.0
2509283,AmazonHelp,False,2017-11-15 22:21:28+00:00,@715327 You will see the options for Household Profile listed under the Settings of your Alexa app. Have you checked to make sure the app is up to date?^DD,2509284,2509285.0,2509285.0
2509284,715327,True,2017-11-15 22:52:55+00:00,"@AmazonHelp Yes. This was an issue when you launched multi-room. Your documentation was published weeks ahead of the necessary app update being pushed out.

It would be good if you included the feature in an update rather than advertise something that isn’t true. https://t.co/zxWfu7jZH8",2509286,2509283.0,2509285.0
2509286,AmazonHelp,False,2017-11-15 23:15:35+00:00,"@715327 Are you trying to make different profiles for different users? Once you've set up a Household outside of Alexa you'll be able to tell her, ""Alexa, switch profiles."" You can learn more about setting up Households here: https://t.co/NVfUlWEDNX ^GM",2509287,2509284.0,2509285.0
2509287,715327,True,2017-11-15 23:18:14+00:00,@AmazonHelp Ha. I’m sure I’m being directed to the app everywhere but I’ll have a look on the website. Thank you,2509288,2509286.0,2509285.0
2509288,AmazonHelp,False,2017-11-15 23:40:32+00:00,"@715327 Apologies; it looks like we provided the incorrect link in our previous reply. Steps for setting up profiles for Alexa are listed here: https://t.co/BXpi96qBaV. If any additional assistance is needed, please don't hesistate to call us: https://t.co/MukEPKyh9U ^MV",2509289,2509287.0,2509285.0
2509289,715327,True,2017-11-16 09:32:18+00:00,@AmazonHelp Do you support recognition of different voices associated with different profiles in the UK yet?,2509290,2509288.0,2509285.0
2509290,AmazonHelp,False,2017-11-16 09:51:27+00:00,@715327 This is not available in the UK. We don't have info on when this will become available. You can find info on Supported features here: https://t.co/BE5xxYTOPF ^ES,,2509289.0,2509285.0
2510682,715652,True,2017-10-30 04:32:06+00:00,@119625 #ERROR  unable to subscribe amazon prime video from amazon prime android app... After click join prime show this empty page https://t.co/4AsaLRPYne,2510680,,2510682.0
2510680,AmazonHelp,False,2017-10-30 04:57:28+00:00,@715652 That's strange! Could you please tell us which version of Android you are using? ^AG,2510681,2510682.0,2510682.0
2510681,715652,True,2017-10-30 04:58:24+00:00,"@AmazonHelp 6.0 all app upto date....
Now worked","2510683,2510684,2510685",2510680.0,2510682.0
2510683,AmazonHelp,False,2017-10-30 05:24:00+00:00,@715652 Thanks for flagging this. We'll work on it. Kindly try purchasing prime from our website here: https://t.co/5uwaaHEyGp .^AK,,2510681.0,2510682.0
2510684,AmazonHelp,False,2017-10-30 08:06:00+00:00,@715652 Could you please confirm if you were able to purchase the prime membership? ^KC,2510686,2510681.0,2510682.0
2510685,AmazonHelp,False,2017-10-30 08:06:00+00:00,@715652 Could you please confirm if you were able to purchase the prime membership? ^AP,,2510681.0,2510682.0
2510686,715652,True,2017-10-31 04:12:33+00:00,@AmazonHelp Yes i bought amazon prime from prime video app,2510687,2510684.0,2510682.0
2510687,AmazonHelp,False,2017-10-31 04:34:00+00:00,@715652 Thanks for keeping us posted. Do let us know if there are any further concerns. ^GK,,2510686.0,2510682.0
2515827,658579,True,2017-11-15 23:18:04+00:00,@115850 may i get some vouchers or coupons?,2515825,,2515827.0
2515825,AmazonHelp,False,2017-11-15 23:37:00+00:00,@658579 You may check here: https://t.co/s8CHPFB0w6 ^BA,2515826,2515827.0,2515827.0
2515826,658579,True,2017-11-15 23:40:17+00:00,@AmazonHelp There's no coupon or voucher available for fitness department☹️😭,2515828,2515825.0,2515827.0
2515828,AmazonHelp,False,2017-11-15 23:45:01+00:00,@658579 I get your concern. I'll share your comments with internal teams for review. Please stay tuned to our website. ^SV,,2515826.0,2515827.0
2524362,718850,True,2017-11-16 02:30:07+00:00,Hey @118919 @115850 or @118702  can you help me get this product. Please confirm I will cancel this order by @4168 who has simply taken me for ride ordered on 10th but delivery delayed when I requested them to prepone https://t.co/SeWad8Mvy1,2524360,,2524362.0
2524360,AmazonHelp,False,2017-11-16 03:00:00+00:00,"@718850 Hey Atif, we have the mentioned product. Please refer the link for details: https://t.co/YZEFgoAzf5 .^SF",2524361,2524362.0,2524362.0
2524361,718850,True,2017-11-16 04:10:59+00:00,@AmazonHelp Thanks I placed the order that was quick appreciate your quick response,2524363,2524360.0,2524362.0
2524363,AmazonHelp,False,2017-11-16 04:24:27+00:00,@718850 You're welcome. I hope if you ever need anything you will let us know. :-)  ^AH,2524364,2524361.0,2524362.0
2524364,718850,True,2017-11-16 05:18:19+00:00,@AmazonHelp Bas kar nautanki ab ;),,2524363.0,2524362.0
2531545,720518,True,2017-11-16 06:33:48+00:00,"Dear @115850, why can't I add multiple Kindle books to my cart and buy them at once, instead of individually buying Kindle books?",2531544,,2531545.0
2531544,AmazonHelp,False,2017-11-16 06:50:00+00:00,"@720518 This feature is currently not available on Amazon.in as all digital purchases are sent electronically to you upon completion of your order. That's a very useful feedback, nevertheless. Appreciate that :) ^JC",,2531545.0,2531545.0
2532494,531345,True,2017-10-30 12:08:20+00:00,@115821 cont. Items never come when promised don't promise what you can't deliver! #tobigtofail ???,2532493,,2532494.0
2532493,AmazonHelp,False,2017-10-30 12:13:32+00:00,"@531345 I'm sorry for the poor delivery experiences! For clarification, are you seeing recurring issues with a certain carrier? ^KN",,2532494.0,2532494.0
2532530,720724,True,2017-10-30 11:58:50+00:00,@115821 please explain why you charge for amazon prime yet don't follow through on your promises of speedy deliveries,2532529,,2532530.0
2532529,AmazonHelp,False,2017-10-30 12:03:35+00:00,@720724 We cannot provide times for carrier deliveries. Have you had an issue with late deliveries? ^MC,,2532530.0,2532530.0
2533897,721030,True,2017-10-30 13:03:14+00:00,"@115821 Your service in Brazil is terrible. Suffered a breach on local branch, and after contact the fraudulent sale was not stopped. #help.",2533895,,2533897.0
2533895,AmazonHelp,False,2017-10-30 13:11:00+00:00,"@721030 Hello Andre, we are sorry about this experience. Can you explain with more details what happened? ^DA",2533896,2533897.0,2533897.0
2533896,721030,True,2017-10-30 13:12:54+00:00,"@AmazonHelp Sure. DM, email....? Bigger than 140 character",2533898,2533895.0,2533897.0
2533898,AmazonHelp,False,2017-10-30 13:18:00+00:00,@721030 You can send us a DM and will provide you assistance. ^DA,,2533896.0,2533897.0
2539561,722209,True,2017-11-16 10:27:51+00:00,Procedo ad uno dei miei primi acquisti su @115821 https://t.co/VJSPvOueM0,2539560,,2539561.0
2539560,AmazonHelp,False,2017-11-16 10:41:09+00:00,"@722209 Ti avvisiamo, una volta iniziato potresti non farne più a meno! 😜 ^CS",,2539561.0,2539561.0
2539607,722220,True,2017-11-16 10:30:24+00:00,I'm so pissed rn. I signed up for amazon prime student version in which I get amazon prime for FREE for one year and now I check my bankaacount only to see that I STILL have to pay the fee???????,2539605,,2539607.0
2539605,AmazonHelp,False,2017-11-16 10:36:55+00:00,"@722220 Hi, which one of our sites is your account on? Is it https://t.co/ykTUEmdsQA, https://t.co/nUUp5MLhYl or one of the others? ^PJ",2539606,2539607.0,2539607.0
2539606,722220,True,2017-11-16 10:39:06+00:00,@AmazonHelp ... I was expecting this ... but wow thanks. My account is on Amazon.de and I can't find any of their contact information.,"2539608,2539609,2539610",2539605.0,2539607.0
2539608,722220,True,2017-11-16 10:41:05+00:00,@AmazonHelp *wasn't expecting this,,2539606.0,2539607.0
2539609,AmazonHelp,False,2017-11-16 10:45:52+00:00,"@722220 Thanks for your response. Unfortunately, we do not have insight into your account via Twitter. Please contact our customer service for further assistance: https://t.co/ohyvGrpvrY Regards ^TA",2539611,2539606.0,2539607.0
2539611,722220,True,2017-11-16 10:49:46+00:00,"@AmazonHelp thank you too, but that site doesn't help me much. I need to talk them either through email or hotline service but I can't find those.",,2539609.0,2539607.0
2539610,AmazonHelp,False,2017-11-17 10:50:25+00:00,@722220 But this is the link to our contact form so you should reach my colleagues. If you use your mobile phone there is a contact option in the shopping app. Regards ^TA,,2539606.0,2539607.0
2540296,AmazonHelp,False,2017-11-16 10:28:01+00:00,"@722368 Yes, it is safe to use. ^AP",2540294,,2540296.0
2540294,722368,True,2017-11-16 10:29:07+00:00,"@AmazonHelp https://t.co/hkYS1gxzPF 

Can you explain this on how ""safe"" it is?",2540292,2540296.0,2540296.0
2540292,AmazonHelp,False,2017-11-16 11:07:28+00:00,@722368 Customer trust is important to us and we take security seriously. Customers do not need to take any action as their devices will be automatically updated with the security fixes. ^BS,2540293,2540294.0,2540296.0
2540293,722368,True,2017-11-16 11:34:40+00:00,@AmazonHelp @115850 can you tell me when will you release a patch for this exploit.,2540295,2540292.0,2540296.0
2540295,722368,True,2017-11-17 03:59:38+00:00,@AmazonHelp @115850 Where are we on this? I am worried. Do you want all your customers to regret buying your product? #BlueBorne,,2540293.0,2540296.0
2541043,672028,True,2017-11-16 10:57:08+00:00,@115850 this is unfair. If I buy something from a trusted e-commerce provider like you then why I have to visit some brand store for manufacturing defect? Don't you guys are responsible to replace it?,2541042,,2541043.0
2541042,AmazonHelp,False,2017-11-16 11:17:28+00:00,"@672028 I get your disappointment. Our sellers are committed to sell only genuine products. We can assist you with a replacement only within the return window. Post the return window, kindly contact the manufacturer to avail the warranty.^AR",2541040,2541043.0,2541043.0
2541040,672028,True,2017-11-16 11:18:46+00:00,@AmazonHelp And what if they deny to help? Will you intervene then? Even some startup e-commerce sites helps in these kind of situation,2541038,2541042.0,2541043.0
2541038,AmazonHelp,False,2017-11-16 11:33:00+00:00,"@672028 I understand your concern. Should the manufacturer deny the service, please fetch a service denial document from them so that we can assist you accordingly. ^BV",2541039,2541040.0,2541043.0
2541039,672028,True,2017-11-16 11:38:47+00:00,@AmazonHelp Thanks,2541041,2541038.0,2541043.0
2541041,AmazonHelp,False,2017-11-16 11:57:08+00:00,@672028 You're welcome. Please keep us posted. ^NK,,2541039.0,2541043.0
2543945,723167,True,2017-11-16 13:13:06+00:00,"So @115821 now confirms delivery with pictures. I kinda like that. Amazon always has the best customer service, this is just an added perk! https://t.co/RKhLnEjRnB",2543944,,2543945.0
2543944,AmazonHelp,False,2017-11-16 13:17:00+00:00,@723167 Thanks for the kind feedback. We hope you continue to enjoy the feature! 😁 ^TG,,2543945.0,2543945.0
2545422,723496,True,2017-11-16 13:47:16+00:00,@115850 Bought a phone. Having horrible experience. No one is allowing me to return it. Is this the great customer experience you boast of? I am starting to lose trust in amazon. Very unhappy. Order# 403-9833466-5427533,2545421,,2545422.0
2545421,AmazonHelp,False,2017-11-16 13:51:03+00:00,"@723496 Apologies. We'd like to take a closer look into this. Kindly fill in your details here:   https://t.co/beaaDm0muc and we’ll contact you soon. Please don't provide your order details, we consider it to be personal information. Our page is visible to the public. ^MN",,2545422.0,2545422.0
2553885,725313,True,2017-11-16 15:28:13+00:00,The delivery time for @116090 Prime is a joke. Order placed on 15th. Their ‘two day delivery’ service will bring me my order on 20th... 🤔😡 https://t.co/ouINq6QuKD,2553884,,2553885.0
2553884,725313,True,2017-11-16 15:30:45+00:00,@116090 @AmazonHelp Can you explain this please? Struggling to understand the use of Amazon Prime if it’s still going to take that long?!,2553883,2553885.0,2553885.0
2553883,AmazonHelp,False,2017-11-16 15:34:00+00:00,@725313 I'm sorry your item isn't arriving as expected. Some orders need extra time to process &amp; handle before shipping. Two-Day Shipping refers to transit time in business days after your order ships. We aim to meet the date given to you in your confirmation e-mail. ^KP,,2553884.0,2553885.0
2553941,725321,True,2017-11-16 15:09:47+00:00,"Bjr @AmazonHelp pk  2 articles commandés en même temps (2 commandes différentes) ne sont pas expédiés en même temps, la commande la plus récente est déjà expédiée alors que l’autre est encore en « pas encore expédiée »? Membre prime, j’aimerais recevoir mon colis à temps (demain)",2553939,,2553941.0
2553939,AmazonHelp,False,2017-11-16 15:27:00+00:00,"@725321 Bonjour, sSi les articles ne proviennent pas du même centre d'expédition ou non pas la même disponibilité, ils ne peuvent pas être regroupés dans le même colis. ^ASZ",2553940,2553941.0,2553941.0
2553940,725321,True,2017-11-16 15:34:28+00:00,"@AmazonHelp Je peux avoir une info denquand le colis sera expédié ? Commande 
406-3350171-8489123 . Merci d’avance :)",2553942,2553939.0,2553941.0
2553942,AmazonHelp,False,2017-11-16 15:45:28+00:00,"@725321 N'ayant pas accès à votre compte client depuis Twitter, vous pouvez joindre notre service client afin que l'on puisse effectuer les vérifications nécessaires à ce sujet s'il vous plaît. ^SA",,2553940.0,2553941.0
2560286,726702,True,2017-11-16 17:07:52+00:00,"Hey @115821 and @AmazonHelp - your driver hit my van last week and then fled the scene of the accident without providing contact or insurance information. Yet, you've been reluctant to provide the delivery partner's contact or insurance info.  Why is that? https://t.co/DYnh2DnCfy","2560287,2560285,2560288,2560289,2560290",,2560286.0
2560285,AmazonHelp,False,2017-11-16 17:20:29+00:00,@726702 We want to investigate this further with you. Please reach out to us using this secure link: https://t.co/l5MNPLzEpB ^GR,,2560286.0,2560286.0
2566998,728171,True,2017-11-16 19:19:42+00:00,@116618 sería posible que incluyerais  Doctor Who aunque sea con subtítulos en español?,2566997,,2566998.0
2566997,AmazonHelp,False,2017-11-16 19:23:00+00:00,"@728171 Hola, Silvia. Agradecemos tu recomendación, si Doctor Who es añadida a la lista de series de Prime Video verás un aviso en la página web o en redes sociales, ¡te recomendamos estar atenta! ^CB",,2566998.0,2566998.0
2569692,728799,True,2017-10-30 16:13:35+00:00,@AmazonHelp Wie schnell muss die Internet-Verbindung für den Amazon Fire TV Stick mindestens sein? DSL 6.000? Gibts Quellen zum Nachlesen?,2569690,,2569692.0
2569690,AmazonHelp,False,2017-10-30 16:36:01+00:00,@728799 Eine 6.000er Leitung reicht auf jeden Fall. Die Videoqualität wird an die Geschwindigkeit angepasst. Gruß ^AN,2569691,2569692.0,2569692.0
2569691,728799,True,2017-10-30 16:39:05+00:00,@AmazonHelp Also in der Praxis komm ich mit DSL 6.000 aus dem Buffering nicht mehr raus 😢 Welche Internet-Bandbreite brauchts denn für HD oder 4K?,2569693,2569690.0,2569692.0
2569693,AmazonHelp,False,2017-10-30 16:50:59+00:00,"@728799 Für HD haben wir leider keine Zahlen vorliegen, aber bei 4K sind 15MBit oder mehr empfohlen. Gruß ^AN",2569694,2569691.0,2569692.0
2569694,728799,True,2017-10-30 16:52:06+00:00,@AmazonHelp Gibts diese ganzen Zahlen auch irgendwo auf der offiziellen Amazon-Webseite zum Nachlesen?,2569695,2569693.0,2569692.0
2569695,AmazonHelp,False,2017-10-30 17:20:02+00:00,@728799 Schau mal hier: https://t.co/mLuQikbr2v Gern stehen bei Fragen die Spezialisten zur Verfügung: https://t.co/LFLW8z8jr2 ^DS,,2569694.0,2569692.0
2576968,730687,True,2017-11-16 21:21:43+00:00,@AmazonHelp sons birthday tomorrow. Gift absent. Hardly the 1 day delivery I'm paying for or was advertised. 2/2,2576967,,2576968.0
2576967,AmazonHelp,False,2017-11-16 21:30:11+00:00,"@730687 Oh no! I'm so sorry for the poor experience. What's the current tracking shown here: https://t.co/Y5jpI9gRhE, on the item that has yet to arrive.  ^AG",2576966,2576968.0,2576968.0
2576966,730687,True,2017-11-16 21:33:12+00:00,@AmazonHelp says it's in transit. Tracking Q63032364153,2576965,2576967.0,2576968.0
2576965,AmazonHelp,False,2017-11-16 21:38:48+00:00,@730687 We would love to look into the order with you but can't see the order through Twitter. Please reach out to us by phone or chat: https://t.co/JzP7hlA23B ^DD,,2576966.0,2576968.0
2578473,731020,True,2017-11-16 21:30:46+00:00,"@115830 hi! Have received 2 x parcels from you today - one something I ordered, one not. Please let me know if there’s been a mix-up, and how we can fix this",2578471,,2578473.0
2578471,AmazonHelp,False,2017-11-16 21:45:39+00:00,@731020 Hello! I'm so sorry about the mix-up! Please get in touch with us here: https://t.co/JzP7hlA23B so we can get this sorted out for you! ^JY,"2578470,2578472",2578473.0,2578473.0
2578472,731020,True,2017-11-16 21:54:01+00:00,"@AmazonHelp Thanks for answering so quickly. Will keep trying to get a response - basically, you guys have sent me a random extra parcel... 1/2",,2578471.0,2578473.0
2578470,731020,True,2017-11-16 21:55:54+00:00,"@AmazonHelp 2/2 ...it’s really cute (*whispers* CUTE penguin mug) but... I haven’t paid for it. Plus - am waiting for a t-shirt from you guys (not late, genuinely just normal waiting!)",2578468,2578471.0,2578473.0
2578468,AmazonHelp,False,2017-11-16 21:59:46+00:00,@731020 We'd like to look into this with you. Please use the link previously provided to reach us.  ^AG,2578469,2578470.0,2578473.0
2578469,731020,True,2017-11-16 22:02:20+00:00,@AmazonHelp Hi - message sent via link - hope it helps. Would be good to get the penguin mug home ❤️ https://t.co/YTexWTkthF,,2578468.0,2578473.0
2578495,731026,True,2017-11-16 21:47:44+00:00,"@AmazonHelp WTFGDH IS WRONG W/U?! SERIOUSLY! Some ahole in your shipping dept CUT THE FUCKING BOX THEN SHIPPED IT! What you see in the pic is ALL that is LEFT of a 20lb box of litter-measured it-I have less than 1.5 cups of litter, the rest is in the UPS truck &amp; facility. #Amazon https://t.co/9tgOV1S9oF",2578494,,2578495.0
2578494,AmazonHelp,False,2017-11-16 21:52:00+00:00,@731026 I'm sorry to see that your order was damaged! We'd like to look into available options with you. Please reach us by phone or chat here: https://t.co/hApLpM3Ejd ^KJ,,2578495.0,2578495.0
2594321,734641,True,2017-11-17 02:58:27+00:00,When you're down to your last roll of toilet paper and @115821 says your delivery may be up to a week delayed https://t.co/B8Jq5zbZN5,2594320,,2594321.0
2594320,AmazonHelp,False,2017-11-17 03:02:27+00:00,@734641 Oh no! I'm sorry for the delay. Who is the carrier for your order? Check here please: https://t.co/d6oOspe6pR ^MB,2594319,2594321.0,2594321.0
2594319,734641,True,2017-11-17 03:04:53+00:00,@AmazonHelp USPS. 2 shipments were supposed to arrive today and have been delayed (both USPS). The mascara can wait. The toilet paper and cat litter are a little bit more pressing...,2594317,2594320.0,2594321.0
2594317,AmazonHelp,False,2017-11-17 03:10:00+00:00,"@734641 I completely understand your concern. Typically, late packages arrive within the next 1-2 business days. If it's not received by then, please give us a call or chat to look into options: https://t.co/hApLpMlfHN ^KB",2594318,2594319.0,2594321.0
2594318,734641,True,2017-11-17 03:19:44+00:00,@AmazonHelp Thank you for your help!,,2594317.0,2594321.0
2597068,275020,True,2017-11-17 04:39:51+00:00,@115821 Help! @115817 Won’t leave your packages at our house. They make us chase them down in machines that won’t open. #switchtofedex,2597066,,2597068.0
2597066,AmazonHelp,False,2017-11-17 04:41:56+00:00,@275020 Oh no! I'm sorry to hear you've been having some trouble. Have you previously reached out to us about this before? ^RM,2597067,2597068.0,2597068.0
2597067,275020,True,2017-11-17 05:34:56+00:00,@AmazonHelp Yes! I have reached out before my phone. I just DMed you.,,2597066.0,2597068.0
2598560,522570,True,2017-11-16 23:42:23+00:00,"Hi @amazonhelp, eine Musik-Frage: möchte gern wie früher einen Song KAUFEN, aber man kann nur via Music Unlimited zugreifen. Habe Prime und will kein weiteres Abo, nur einen Song. Geht das noch irgendwie? Wäre schön...",2598558,,2598560.0
2598558,AmazonHelp,False,2017-11-17 05:18:00+00:00,@522570 Guten Morgen! Auch das ist möglich. Guck mal hier: https://t.co/UXtRyHXUqI Tollen Start in den Tag! ^TG,2598559,2598560.0,2598560.0
2598559,522570,True,2017-11-17 08:31:18+00:00,"@AmazonHelp danke, hab es über eure Hauptseite geschafft. Aber in der App klappt das nicht mehr. Oder ich raffe es nicht ;-)
Schönen Tag!",2598561,2598558.0,2598560.0
2598561,AmazonHelp,False,2017-11-17 08:41:26+00:00,"@522570 Kommt auf die App drauf an. Mit der iOS App geht es tatsächlich nicht. Aber schön, wenn es jetzt geklappt hat :) ^AV",2598562,2598559.0,2598560.0
2598562,522570,True,2017-11-17 08:45:37+00:00,"@AmazonHelp Ich hab Android...kann dort den Song suchen, bekomme dann entweder Vorschläge zum streamen via Prime oder halt „verfügbar in Unlimited“. Es ging jetzt speziell um „Frische Luft“ von W. Weiß 🤷‍♀️",,2598561.0,2598560.0
2599086,735817,True,2017-11-17 05:46:20+00:00,"I made an account with @115821, and they offered a free trial for #amazonPrime, long story short, I'm locked out of my account, they are charging me for amazon prime, I can't cancel it or even use it. Nice going @115821 .",2599084,,2599086.0
2599084,AmazonHelp,False,2017-11-17 05:54:54+00:00,@735817 I'm sorry for the trouble! Have you tried resetting your account password: https://t.co/Sx0HALSX0z? ^LR,2599085,2599086.0,2599086.0
2599085,735817,True,2017-11-17 06:09:08+00:00,"@AmazonHelp The password ain't the problem, you guys locked me out of my account. (And cancelled my order, the day it was supposed to arrive, and I needed it that day). Even if you let me down with my order, the least you could have done is stopped charging me for prime...",2599087,2599084.0,2599086.0
2599087,AmazonHelp,False,2017-11-17 06:30:00+00:00,@735817 Did you receive any email notification from our Account Specialists regarding the account be locked? ^BZ,2599088,2599085.0,2599086.0
2599088,735817,True,2017-11-17 06:39:40+00:00,"@AmazonHelp I received the notification about my order being cancelled (major disappointment), and some confusing email about faxing in my bank statement(?) to unfreeze my account. Not sure about any ""specialist"", all I know is the people on the phone when i called were completely useless.",2599089,2599087.0,2599086.0
2599089,AmazonHelp,False,2017-11-17 06:46:55+00:00,"@735817 I'm sorry about the poor experience, it is understandably frustrating to be locked out of your account. Following the steps provided in the email from our Account Specialists, you'll be able to have your account unlocked and reset your password. ^RM",2599090,2599088.0,2599086.0
2599090,735817,True,2017-11-17 06:49:47+00:00,@AmazonHelp I don't care about the account at this point. I've given up on Amazon. I just want the charge cancelled and the account destroyed so that this doesn't keep happening every month.,2599091,2599089.0,2599086.0
2599091,AmazonHelp,False,2017-11-17 06:57:30+00:00,"@735817 In order to take action on the account it would first need to be verified by sending in the required information. The email that you received has the instructions to verify the account, you can find more info here: https://t.co/YVImQH6bdB. ^JJ","2599092,2599093,2599094",2599090.0,2599086.0
2599093,735817,True,2017-11-17 06:59:43+00:00,"@AmazonHelp I don't have a fax machine (who does these days?). And how did you charge an ""unverified account""? Does that make any sense?",2599096,2599091.0,2599086.0
2599092,735817,True,2017-11-17 07:02:22+00:00,"@AmazonHelp Besides, I no longer want an account with Amazon. Keep it frozen for all I care, or destroy it. All I'm asking is that you not charge me for prime on an account which you have frozen.",2599095,2599091.0,2599086.0
2599096,AmazonHelp,False,2017-11-17 07:06:00+00:00,@735817 We can't check payments or account details through social media. When you called us directly what were you advised? ^BZ,2599097,2599093.0,2599086.0
2599095,AmazonHelp,False,2017-11-17 07:12:24+00:00,"@735817 Hello, We can not access your account through Twitter so we would need you to contact us directly to help with this further. First we need to know was the account a UK or US Amazon account? ^KK",,2599092.0,2599086.0
2599097,735817,True,2017-11-17 12:54:53+00:00,"@AmazonHelp You guys gave me some bs about calling me back within 24h, 2 weeks ago...",,2599096.0,2599086.0
2599094,735817,True,2017-11-17 12:56:15+00:00,@AmazonHelp This was a US account.,2599098,2599091.0,2599086.0
2599098,AmazonHelp,False,2017-11-17 12:58:57+00:00,@735817 Thanks for the information! You can contact us at the following link for further assistance:  https://t.co/hApLpMlfHN ^MW,2599099,2599094.0,2599086.0
2599099,735817,True,2017-11-17 13:03:32+00:00,"@AmazonHelp No I can't, that requires signing in, and my Amazon account is frozen...
(And I am not interested in buying a fax machine to fax the materials to unfreeze it, all I want is my money back. If you can charge a frozen account, you can cancel a charge to a frozen account)",2599100,2599098.0,2599086.0
2599100,AmazonHelp,False,2017-11-17 13:22:00+00:00,@735817 As our Account Specialists have requested a fax to unlock your account then this is required. Is there a local library or business with a fax machine you could use? ^BZ,2599101,2599099.0,2599086.0
2599101,735817,True,2017-11-17 14:45:37+00:00,@AmazonHelp I do not have access to a fax machine. I do not what my account unfrozen. All I want is the cancellation of the charge for prime that was levied WHILE my account was frozen.,2599102,2599100.0,2599086.0
2599102,AmazonHelp,False,2017-11-17 15:05:00+00:00,@735817 Did you respond to the email from the account specialist? ^PK,2599103,2599101.0,2599086.0
2599103,735817,True,2017-11-17 18:29:48+00:00,"@AmazonHelp TBH, I had given up on Amazon, and was content to leave my account frozen, so I didn't bother replying. It never occurred to me that I would be charged for prime on a frozen account.",2599104,2599102.0,2599086.0
2599104,AmazonHelp,False,2017-11-17 18:41:33+00:00,@735817 We recommend responding to the e-mail from our account specialist to ensure the best resolution for this charge. You can also contact us anytime using this link (it will not require signing in): https://t.co/jzvkhdlrK5 ^TH,2599105,2599103.0,2599086.0
2599105,735817,True,2017-11-26 03:21:44+00:00,"@AmazonHelp Thanks, the problem has been dealt with.",,2599104.0,2599086.0
2599717,735945,True,2017-11-17 06:19:59+00:00,#amazonin https://t.co/ak1LL8oSSn,2599716,,2599717.0
2599716,AmazonHelp,False,2017-11-17 06:37:00+00:00,@735945 We've responded to your query here: https://t.co/qrWKU2jEk6. Kindly check. ^PS,,2599717.0,2599717.0
2604182,736887,True,2017-11-17 09:33:32+00:00,"Sabes que van a venir pero no puedes resistirte. La tentación de salir un momento está ahí. Y ellos la huelen. 
Sales de tu casa un segundo, y por corto que sea, es demasiado tarde. El repartidor de Amazon toca el timbre. Tú no estás. Te toca ir a Correos. 
Fin de esta tragedia.",2604180,,2604182.0
2604180,AmazonHelp,False,2017-11-17 09:41:27+00:00,@736887 ¡Hola s t o r m! ¿Hay algo en lo que te podamos ayudar? ^JL,2604181,2604182.0,2604182.0
2604181,736887,True,2017-11-17 09:42:40+00:00,"@AmazonHelp Nada, todo bien, estoy esperando un paquete. ¡Gracias por preguntar!",2604183,2604180.0,2604182.0
2604183,AmazonHelp,False,2017-11-17 09:44:35+00:00,@736887 Nos alegra que todo esté bien. ¡Recuerda que estamos para ayudarte si nos necesitas! ^AR,,2604181.0,2604182.0
2604194,AmazonHelp,False,2017-11-17 05:25:00+00:00,"@736890 I'm sorry about the hassle. Request you to share the screen shots of all the levels of the quiz. We'll look into it. Also, please don’t provide your account details as we consider them to be personal information. Our Twitter page is visible to public. ^SB",2604192,2604195.0,2604195.0
2604192,736890,True,2017-11-17 06:12:38+00:00,"@AmazonHelp For all quiz I didn't take the screenshot.
This the screenshot for going again for the competition https://t.co/80APeZcNyH","2604191,2604193",2604194.0,2604195.0
2604191,736890,True,2017-11-17 09:26:50+00:00,@AmazonHelp Waiting for reply @AmazonHelp,2604190,2604192.0,2604195.0
2604190,AmazonHelp,False,2017-11-17 09:40:28+00:00,"@736890 We've escalated the issue with our concerned team, They'll look into the issue. ^SH",,2604191.0,2604195.0
2605250,737119,True,2017-10-30 20:01:02+00:00,"@AmazonHelp
Quand tu as 11 minutes et que l'on te dit
""on vous rappelle dans les 2 heures""
Livraison non respecté+mal parlé 
#Cumul
#Marre https://t.co/jFL4kbaWtT","2605249,2605251",,2605250.0
2605249,AmazonHelp,False,2017-10-30 20:20:52+00:00,"@737119 Bonsoir , désolée pour cela, pouvez-vous nous expliquer davantage le souci je vous prie ? ^KE",,2605250.0,2605250.0
2605251,737119,True,2017-10-30 20:45:25+00:00,"@AmazonHelp Plusieurs livraison non honoré 
Plusieurs choix contacter 
Aujourd'hui envoie boule par le service client
Alors que client prime","2606162,2606163",2605250.0,2605250.0
2606162,AmazonHelp,False,2017-10-30 20:49:36+00:00,@737119 Je suis désolée pour cela. S'agit-il du même transporteur pour vos problèmes de livraison? ^BR,,2605251.0,2605250.0
2606163,737119,True,2017-10-30 20:50:38+00:00,"@AmazonHelp Non
Souvent chronpost mais pas que...",2606666,2605251.0,2605250.0
2606666,AmazonHelp,False,2017-10-30 21:07:00+00:00,@737119 Je vous propose de remplir ce formulaire : https://t.co/HtUowg2UGX afin d'accéder à votre compte et vérifier cela. ^MH,,2606163.0,2605250.0
2606669,737426,True,2017-10-30 21:01:00+00:00,"Hey @115821 and @118706, how is it ""Customer-Centric"" when no-signature-required means no package safety or security required? STOP this shit. https://t.co/GqI93JFTTA",2606667,,2606669.0
2606667,AmazonHelp,False,2017-10-30 21:06:37+00:00,@737426 We greatly value feedback. Please provide us some additional details here:  https://t.co/Vu0uiY9sCe ^CH,2606668,2606669.0,2606669.0
2606668,737426,True,2017-10-30 22:17:47+00:00,@AmazonHelp How exactly was it deemed customer-centric to leave packages unattended by default to get stolen or vandalized? Have a HISTORY of this.,,2606667.0,2606669.0
2607006,737512,True,2017-10-30 21:20:52+00:00,@115821 returning a laptop that I used for a week. Do you guys format the hdd before reselling?,2607005,,2607006.0
2607005,AmazonHelp,False,2017-10-30 21:28:00+00:00,@737512 We recommend removing any sensitive information before returning the laptop. ^RA,,2607006.0,2607006.0
2612244,738606,True,2017-11-17 12:13:08+00:00,え？アマゾンプライムでプラネテス見れんのかよ,2612243,,2612244.0
2612243,AmazonHelp,False,2017-11-17 12:23:00+00:00,"@738606 | -ﾟ)ﾁﾗｯ
いろいろお楽しみいただければうれしいです(*'ω' *)
プライムビデオ一覧です→ https://t.co/V9nCwBknq2 HM",2612242,2612244.0,2612244.0
2612242,738606,True,2017-11-17 12:24:00+00:00,@AmazonHelp 感謝感激！,2612241,2612243.0,2612244.0
2612241,AmazonHelp,False,2017-11-17 12:34:29+00:00,@738606 ｱﾘｶﾞﾄｳｺﾞｻﾞｲﾏｽ ヽ(´ω`)ﾉ  !!　HM,,2612242.0,2612244.0
2612268,738610,True,2017-11-17 12:14:30+00:00,"@115821 I have gone through CS and amazon help. I still have not seen any action on my delivery . Which is be by 10am today.
S Licari",2612266,,2612268.0
2612266,AmazonHelp,False,2017-11-17 12:32:00+00:00,"@738610 Hello, Sharon! We have responded to your DM. Please check there. ^AL",2612267,2612268.0,2612268.0
2612267,738610,True,2017-11-21 16:36:37+00:00,@AmazonHelp If you followed up I received late a day #I paid for next day Total failure on customer service and absolutely NO Follow UP #,2612269,2612266.0,2612268.0
2612269,AmazonHelp,False,2017-11-21 16:44:02+00:00,@738610 We'd like to look into this for you. Please contact us here: https://t.co/hApLpMlfHN ^LI,,2612267.0,2612268.0
2615116,739219,True,2017-11-17 13:44:04+00:00,"@115850 I don't know why my mobile number was blocked. Please help! And please make the customer service a little more accessible. The app makes me uneasy. Trust me, I'm a fan but services like these might be worrisome.",2615114,,2615116.0
2615114,AmazonHelp,False,2017-11-17 14:04:26+00:00,@739219 I'm sorry that you are unable to call our support team. You can alternatively contact us via chat or email here: https://t.co/vlvfJr4nN9 so we can assist you accordingly. ^PJ,2615115,2615116.0,2615116.0
2615115,739219,True,2017-11-17 14:16:20+00:00,@AmazonHelp I just need an invoice/receipt for a mobile phone I ordered. I still cannot access the chat or call through the provided link. Please help me! Too much stress!,2615117,2615114.0,2615116.0
2615117,AmazonHelp,False,2017-11-17 14:36:00+00:00,@739219 I understand your concern. You can get a copy of your invoice using this link here: https://t.co/kEFuVVy3yM. Do keep us posted for further queries. ^MN,2615118,2615115.0,2615116.0
2615118,739219,True,2017-11-17 16:53:22+00:00,"@AmazonHelp In my account, it still says that the phone has not been shipped. How would I get an invoice for that? That's the biggest big I can say I have ever seen. Please help!",2615119,2615117.0,2615116.0
2615119,AmazonHelp,False,2017-11-17 17:09:29+00:00,"@739219 Request you to wait until the order is delivered and try downloading after that, Jimmy. Appreciate your understanding. ^NK",2615120,2615118.0,2615116.0
2615120,739219,True,2017-11-17 17:10:33+00:00,@AmazonHelp The order was delivered on 24th June 2017. Do you understand? I really need your help!,2615121,2615119.0,2615116.0
2615121,AmazonHelp,False,2017-11-17 17:18:00+00:00,@739219 Allow our support team to look into this. You can connect with us here: https://t.co/R3EfhzgU8B ^CB.,,2615120.0,2615116.0
2616383,739519,True,2017-11-17 14:27:52+00:00,@AmazonHelp Hi I emailed the customer service team on Sunday and have still not had a reply?,2616381,,2616383.0
2616381,AmazonHelp,False,2017-11-17 14:33:29+00:00,"@739519 That is very odd, you should have heard something. Did you check your junk/spam folder to make sure the reply didn't go in there? ^KI",2616382,2616383.0,2616383.0
2616382,739519,True,2017-11-17 14:35:18+00:00,"@AmazonHelp Just double checked, nothing :(",2616384,2616381.0,2616383.0
2616384,AmazonHelp,False,2017-11-17 14:43:27+00:00,@739519 Strange. Have you tried contacting by phone or chat? ^PK,"2616385,2616386",2616382.0,2616383.0
2616385,739519,True,2017-11-17 14:44:16+00:00,@AmazonHelp I’ve used chat but it was about a complaint so it was easier by email,,2616384.0,2616383.0
2616386,739519,True,2017-11-21 13:00:38+00:00,"@AmazonHelp I’ve still had no response to my email, shall I assume it’s been lost?",2616387,2616384.0,2616383.0
2616387,AmazonHelp,False,2017-11-21 13:08:29+00:00,"@739519 Hello Dave, have you checked your junk/spam folder for a reply? ^BD",2616388,2616386.0,2616383.0
2616388,739519,True,2017-11-21 13:09:20+00:00,"@AmazonHelp Yes, it’s been over a week since I emailed",2616389,2616387.0,2616383.0
2616389,739519,True,2017-11-21 16:07:19+00:00,@AmazonHelp What shall I do then?,2616390,2616388.0,2616383.0
2616390,AmazonHelp,False,2017-11-21 16:16:57+00:00,@739519 I recommend giving us a call for immediate assistance! You can reach out to us by phone here: https://t.co/JzP7hlA23B ^DD,,2616389.0,2616383.0
2621105,740604,True,2017-11-17 15:41:50+00:00,Me encanta que Amazon te notifica hasta si el repartidor de rascó los huevos durante el trayecto de entrega de tu pedido 😬,2621103,,2621105.0
2621103,AmazonHelp,False,2017-11-17 15:52:02+00:00,"@740604 Hola. A nosotros nos encanta mantenerte informado.😉😊👍 Cuéntanos, ¿qué estás esperando? ^KA https://t.co/iYV3kBnpsx",2621104,2621105.0,2621105.0
2621104,740604,True,2017-11-17 15:55:45+00:00,@AmazonHelp  https://t.co/LAJBHFZMs0,,2621103.0,2621105.0
2622441,740897,True,2017-11-17 16:33:32+00:00,@AmazonHelp No me funciona el cupon BUENFIN2017 en @116875 tengo tarjeta banamex y el articulo es vendido por Amazon México y vale mas de 2500. Segun https://t.co/Z2EwHX4fAN https://t.co/W2LuSnE6P2,2622439,,2622441.0
2622439,AmazonHelp,False,2017-11-17 16:42:00+00:00,@740897 Hola. ¿Haz verificado si la compra que quieres realizar cumple con todos los terminos y condiciones para aplicar el código de promoción?  ^DB,2622440,2622441.0,2622441.0
2622440,740897,True,2017-11-17 16:51:03+00:00,@AmazonHelp Si todas las mencionadas en la pagina,2622442,2622439.0,2622441.0
2622442,AmazonHelp,False,2017-11-17 17:09:28+00:00,"@740897 Entiendo, por favor contacta a nuestro Servicio al Cliente a través de este enlace: https://t.co/beR78zMMYB . ^MB",,2622440.0,2622441.0
2628867,119076,True,2017-11-17 17:09:54+00:00,Dear @115817. I can’t pick up a package if you all don’t provide a # or address. I can’t wait to meet your manager who said my neighborhood was too dangerous for her driver to deliver to. Welcome to #DC. Landover location please?,2628866,,2628867.0
2628866,742463,True,2017-11-17 17:20:03+00:00,"@119076 @115817 Had this happen before. You can get it from their Customer Care Center: 8440 Ardwick Ardmore Rd Landover, MD 20785",2628865,2628867.0,2628867.0
2628865,119076,True,2017-11-17 17:25:53+00:00,@742463 @115817 I have no words for the catastrophe @115817 has turned my week into. I’m canceling my @115821 #Prime membership and never using UPS again.,2628862,2628866.0,2628867.0
2628862,AmazonHelp,False,2017-11-17 17:34:34+00:00,"@119076 Hey Tina, we want to make sure this gets taken care of! If you'll contact us at https://t.co/hApLpMlfHN, we'll be pleased to help you with locating the pick up location. ^PF","2628863,2628864",2628865.0,2628867.0
2628864,119076,True,2017-11-17 17:46:59+00:00,@AmazonHelp I’m at the Customer Care center in Landover attempting to pick up 1/4 packages. I then have to travel back into DC to get packages 2 and 3. I will complete the form when I’m back at a computer.,,2628862.0,2628867.0
2628863,119076,True,2017-11-17 17:48:16+00:00,@AmazonHelp No one seems to know where the 4th package is.,,2628862.0,2628867.0
2634799,743834,True,2017-11-17 19:11:04+00:00,Für was zahl ich #AmazonPrime wenn Pakete nicht am genannten Lieferdatum ausgeliefert werden? Danke für nichts @116316 @1713,2634797,,2634799.0
2634797,AmazonHelp,False,2017-11-17 19:27:35+00:00,@743834 Das ist wirklich ärgerlich. Wurde dir hier ein neuer Liefertermin genannt? Gruß ^MI,2634798,2634799.0,2634799.0
2634798,743834,True,2017-11-17 20:03:04+00:00,@AmazonHelp 20.11.....kann ich es auch im laden kaufen gehen wenn ich zum release nen spiel haben will und es ned da ist,,2634797.0,2634799.0
2663559,750591,True,2017-10-31 07:15:33+00:00,@115850 insanely ridiculously anti customer policies. Linking digital money with location. Absurd &amp; Senseless. Perfect recipe for downfall,2663558,,2663559.0
2663558,AmazonHelp,False,2017-10-31 07:42:00+00:00,@750591 That's unusual. Could you let us know about your concern? ^RW,,2663559.0,2663559.0
2664101,750686,True,2017-11-26 22:04:51+00:00,@AmazonHelp bitterly disappointed with the lack of care by @115830 &amp; their customer service. Not helped by the patronising sign off https://t.co/wctLKtbvYy,2664099,,2664101.0
2664099,AmazonHelp,False,2017-11-26 22:09:38+00:00,@750686 I'm very sorry for the poor experience. Without disclosing your personal information. Will you tell us more about the issue you're experiencing? We'd be happy to help in any way possible. ^SK,2664100,2664101.0,2664101.0
2664100,750686,True,2017-11-27 22:11:21+00:00,"@AmazonHelp 1.I ordered a bottle of champagne on Friday evening, I missed the first delivery on Saturday afternoon. I was sent an email saying they would try again on Monday, but on Sunday I got an email to say they were going to deliver that day.",2664102,2664099.0,2664101.0
2664102,AmazonHelp,False,2017-11-27 22:27:33+00:00,@750686 I'm so sorry this happened. I would like someone from my team to take a closer look into this with you. Please fill out your details here: https://t.co/tNxUz0GDQA and someone will be in touch. ^AY,,2664100.0,2664101.0
2667395,751430,True,2017-11-19 09:28:31+00:00,"Ordino due libri, @120540 mi ritarda la consegna di 10 giorni, al decimo giorno ancora nessun pacco alla porta. Chiedo rimborso spese di spedizione, non è mai arrivato. OK.",2667393,,2667395.0
2667393,AmazonHelp,False,2017-11-19 09:44:00+00:00,@751430 Si tratta di un ordine spedito da Amazon o da un venditore Marketplace? ^VE,2667394,2667395.0,2667395.0
2667394,751430,True,2017-11-19 10:08:54+00:00,"@AmazonHelp Venditore marketplace, con corriere Amazon Logistics",2667396,2667393.0,2667395.0
2667396,AmazonHelp,False,2017-11-19 10:28:27+00:00,"@751430 Grazie del riscontro! Mi spiace per l'accaduto, permetti a me e al mio team di verificare meglio. Clicca qui: https://t.co/YqSLjWcfCa e inserisci i dati richiesti. A presto! ^VE",,2667394.0,2667395.0
2668681,751683,True,2017-11-19 05:37:21+00:00,おうち帰ってきたらAmazonで頼んだリュック届いてたんすよ〜嬉しいな〜,2668680,,2668681.0
2668680,AmazonHelp,False,2017-11-19 05:43:28+00:00,@751683 Amazonをご利用いただき、ありがとうございます‼️😊 (風邪が早く治りますように・・・お大事に。)O o｡.(´-`*) RI,2668679,2668681.0,2668681.0
2668679,751683,True,2017-11-19 10:54:12+00:00,@AmazonHelp ありがとうございます😢😢😢,2668678,2668680.0,2668681.0
2668678,AmazonHelp,False,2017-11-19 10:58:00+00:00,@751683 わざわざリプライ恐れ入ります。Tweetを拝見すると大変体調がよくないご様子、本当にお大事になさってくださいませ。Amazonより RI,,2668679.0,2668681.0
2671370,569741,True,2017-10-31 09:45:01+00:00,"@115850 @AmazonHelp Issues in delivery for past 4 packages, same repeats for reverse pickup.",2671369,,2671370.0
2671369,AmazonHelp,False,2017-10-31 10:08:00+00:00,@569741 Sorry for the trouble you've had with the order. Kindly fill in your details here: https://t.co/GIJyeYqKE0 &amp; I'll help you. ^MM,,2671370.0,2671370.0
2672700,752480,True,2017-10-31 10:54:47+00:00,"Such a pathetic service by @115850 n its seller,it has been 20days n still I haven't received MyOrder 404-0232184-571531.NoMoreFutureOrder","2672699,2672701,2672702",,2672700.0
2672699,AmazonHelp,False,2017-10-31 11:16:27+00:00,"@752480 your order details, we consider it to be personal info. Our page is visible to the public. (3/3)^SF",,2672700.0,2672700.0
2672701,AmazonHelp,False,2017-10-31 11:16:27+00:00,"@752480 support team here: https://t.co/2kHjkbjHcL, we'll this sorted.  Also, please don't provide (2/3)^SF",,2672700.0,2672700.0
2672702,AmazonHelp,False,2017-10-31 11:16:27+00:00,@752480 I'm sorry you've not received your order yet. We'd like to look into it. Kindly report this to our (1/3)^SF,,2672700.0,2672700.0
2678014,753635,True,2017-11-19 13:07:18+00:00,"Hey @115830 trying to take advantage of your TP-Link offer but the discount doesn’t apply in the basket. Tried a few times, can you help? 🤷🏼‍♂️",2678012,,2678014.0
2678012,AmazonHelp,False,2017-11-19 13:22:25+00:00,@753635 Hi Peter. I'm sorry to hear that. Is the one you're selecting being sold and dispatched directly by ourselves? ^DC,2678013,2678014.0,2678014.0
2678013,753635,True,2017-11-19 13:23:59+00:00,@AmazonHelp Does it have to be?,2678015,2678012.0,2678014.0
2678015,AmazonHelp,False,2017-11-19 13:31:24+00:00,@753635 Let's look into this! Would you mind linking us to where you're seeing this offer? ^AB,,2678013.0,2678014.0
2679479,753928,True,2017-11-19 14:28:51+00:00,Seriously @AmazonHelp @115830 are you taking the mick!  Two parcels in two days that you’ve sent the wrong items?  Where’s my hive hub and system? I didn’t order the active plug and your label on the package is wrong. https://t.co/GSl5or2Dv3,2679477,,2679479.0
2679477,AmazonHelp,False,2017-11-19 14:35:26+00:00,"@753928 This isn't at all what we'd expect, I'm truly sorry that we've missed our mark! When you have a moment, please do explore return options here: https://t.co/lAe0hjOrh2 We'll still be here for you, let us know if you need any further assistance! ^JE",2679478,2679479.0,2679479.0
2679478,753928,True,2017-11-19 14:44:04+00:00,@AmazonHelp Why should I waste my time sorting these returns out and going out my way?   Come and pick them up and drop off my correct items!  Absolutely shocking service! Two incorrect items in two days I’ve wasted a whole weekend waiting in for. @118373 #poorservice #awfulservice,,2679477.0,2679479.0
2679501,753935,True,2017-11-19 14:09:41+00:00,"Es wäre ein Traum, wenn der Prime-Stick von @116316 und @22687 mal an einem Sonntag problemfrei funktionieren würden. Aber leider melden sie immer wieder schlechtes I-Net, obwohl dieses auf allen anderen Geräten TOP ist! Fehler liegt wohl eher bei denen!",2679500,,2679501.0
2679500,AmazonHelp,False,2017-11-19 14:13:39+00:00,"@753935 Hi, so macht das Streamen natürlich keinen Spaß. :( Bitte versuche mal den Stick sowie deinen Router vom Stromnetz zu nehmen und erneut zu verbinden. Lieber Gruß ^SI",2679496,2679501.0,2679501.0
2679496,753935,True,2017-11-19 14:25:26+00:00,"@AmazonHelp Als hätte ich dies in den vergangen 2 Wochen nicht schon ständig gemacht!! Bringt nix! Auch komplett platt zu machen bringt nichts (hatte dadurch 4 Tage komplett keinen Zugriff auf Netflix). Außerdem warum sollte ich Router neu starten, wenn die Leitung zu anderen Geräten gut!","2679494,2679498,2679499",2679500.0,2679501.0
2679499,753935,True,2017-11-19 14:28:00+00:00,@AmazonHelp Erst sieht's so aus. https://t.co/DjpsdPhVY7,,2679496.0,2679501.0
2679498,753935,True,2017-11-19 14:28:35+00:00,@AmazonHelp Nach Neustart dann so! 😡😡😡😡 https://t.co/8aDn7dl3fB,,2679496.0,2679501.0
2679494,AmazonHelp,False,2017-11-19 14:34:35+00:00,@753935 Hast du den auf dem Screenshot ersichtlichen Fehlercode bereits auf der genannten Webseite eingegeben? Gruß ^MI,2679495,2679496.0,2679501.0
2679495,753935,True,2017-11-19 14:37:46+00:00,"@AmazonHelp NATÜRLICH!!! Und auch alle Hinweise befolgt! Mehr als einmal! Das ist aber kein Netflix-Problem, sondern ein Amazon-Problem, da auch bei allen anderen Apps das Netz wieder zusammenbricht oder sich gar nicht erst aufbaut, obwohl gute Internetverbindung vorhanden ist!",2679497,2679494.0,2679501.0
2679497,AmazonHelp,False,2017-11-19 15:00:00+00:00,"@753935 Lass das bitte mal von unserem Support, am besten telefonisch, überprüfen: https://t.co/5RHhEVutwe 
Diese können dann gemeinsam mit dir, Schritt für Schritt, die Ursache ausfindig machen. Gruß ^VM",,2679495.0,2679501.0
2680804,754207,True,2017-10-31 15:39:18+00:00,@116875 sigue sin darme tiempo de entrega para mi pedido del 14 Octubre... y eso que soy “prime”. Que onda con el servicio? 😡😤 https://t.co/ENpgdri81W,"2680802,2680806",,2680804.0
2680806,AmazonHelp,False,2017-10-31 15:55:00+00:00,"@754207 Hola Javier, en este caso el producto será enviado hasta que este disponible en el inventario y será enviado un (1/2)",,2680804.0,2680804.0
2680802,AmazonHelp,False,2017-10-31 15:55:01+00:00,@754207 (2/2)email de confirmación de envío. ^MB,2680803,2680804.0,2680804.0
2680803,754207,True,2017-10-31 16:14:38+00:00,"@AmazonHelp Cuando yo lo compre no decia que no habia existencia, de lo contrario no lo habria comprado, odio las esperas largas!",2680805,2680802.0,2680804.0
2680805,AmazonHelp,False,2017-10-31 16:20:13+00:00,"@754207 Lamento lo sucedido Javier, ¿has verificado la información disponible en este enlace: https://t.co/uruCvL6x8y? ^AZ",,2680803.0,2680804.0
2682978,351218,True,2017-10-31 15:57:43+00:00,@115850 is it in or out of Bhiwandi? Make up your mind https://t.co/iB1bVYecoq,"2682977,2682979",,2682978.0
2682979,AmazonHelp,False,2017-10-31 16:32:26+00:00,@351218 We'd like to check this for you. Kindly contact us here : https://t.co/vlvfJr4nN9. (1/2) ^AS,,2682978.0,2682978.0
2682977,AmazonHelp,False,2017-10-31 16:32:56+00:00,"@351218 Please don't provide your order details, we consider it personal information. Our Twitter page is visible to public. (2/2) ^AS",,2682978.0,2682978.0
2686015,148093,True,2017-10-31 17:25:15+00:00,Another @AmazonHelp #prime delivery that has failed to turn up on the specified day not like i need this order for my holiday tomorrow,2686013,,2686015.0
2686013,AmazonHelp,False,2017-10-31 17:28:35+00:00,"@148093 I'm so sorry about this, Olly! Without giving account details, can you tell me what happened? ^CN",2686014,2686015.0,2686015.0
2686014,148093,True,2017-10-31 17:29:40+00:00,@AmazonHelp Ordered 2 books yesterday to arrive today log onto account just now to see that delivery wont be made until tomorrow #WhatsThePointOfPrime,2686016,2686013.0,2686015.0
2686016,AmazonHelp,False,2017-10-31 17:34:06+00:00,@148093 What delivery date is listed on your order confirmation e-mail? ^GR,2686017,2686014.0,2686015.0
2686017,148093,True,2017-10-31 18:14:33+00:00,@AmazonHelp Today’s 31st October,2686018,2686016.0,2686015.0
2686018,AmazonHelp,False,2017-10-31 18:17:31+00:00,@148093 Thank you for confirming! Please contact us by phone or chat so that we can review avail options: https://t.co/JzP7hlA23B ^SD,,2686017.0,2686015.0
2686585,510831,True,2017-11-19 13:13:36+00:00,How is @115821 packaging still legal? https://t.co/mNOCxUYjuF,2686584,,2686585.0
2686584,AmazonHelp,False,2017-11-19 13:37:31+00:00,"@510831 Oh no! I'm sorry your item was not packaged to your satisfaction! Our main goal is to get your items to you safe. If you would like to leave packaging feedback, you can do so here: https://t.co/nAcMAR5zYc. ^DY",,2686585.0,2686585.0
2689303,756096,True,2017-11-19 15:41:39+00:00,@45051 check out how #Amazon @115821 delivered the packages. https://t.co/zjmSlxlDem,2689301,,2689303.0
2689301,AmazonHelp,False,2017-11-19 15:54:00+00:00,@756096 I'm terribly sorry for the way your packages have been delivered. I'd like for a member of my team to look into this! Please send us further details here: https://t.co/lBB3KATsYl ^AB,2689302,2689303.0,2689303.0
2689302,756096,True,2017-11-19 15:55:26+00:00,@AmazonHelp No! Not logging into my account and follow up on this. Done it before and you guys didn't follow up. Go check your Facebook page. Ppl needs to know how you would resolve this matter.,2689304,2689301.0,2689303.0
2689304,AmazonHelp,False,2017-11-19 16:04:00+00:00,"@756096 To clarify, we don't have access to your account or orders via Twitter and don't take personal information over social media. Following the link will allow us to look into the order, tracking and delivery itself. We'd love the opportunity to look into this for you. ^AN","2689305,2689306",2689302.0,2689303.0
2689305,756096,True,2017-11-19 16:21:55+00:00,@AmazonHelp Complete understand. I wouldn't share my personal info in social media either. The fact is that there is lack of trust regarding to get this matter to solve.,,2689304.0,2689303.0
2689306,756096,True,2017-11-19 17:11:27+00:00,"@AmazonHelp Required information has been submitted. Hope that this matters be solved soon, not like the last one where no resolution was made. Thank you.",2689307,2689304.0,2689303.0
2689307,AmazonHelp,False,2017-11-19 17:15:00+00:00,@756096 Thank you for providing your information. I can confirm that we have received it and someone will be in contact soon! Thank you for your patience while we investigate this. ^AD,2689308,2689306.0,2689303.0
2689308,756096,True,2017-11-24 01:22:51+00:00,@AmazonHelp So just following up with previous email response. Any final decision on how the delivery package will be handled from now on. What are the consequences of these delivery guys? Happy Thanksgiving 🍽🍁🦃,,2689307.0,2689303.0
2698930,706419,True,2017-11-19 20:10:09+00:00,I've only had my kindle 4 months and it already has stopped working. I'm so devastated. @115830 what should I do?,2698929,,2698930.0
2698929,AmazonHelp,False,2017-11-19 20:12:00+00:00,@706419 I'm sorry for the trouble with your device. We'd like to try to help. Will you please tell us more about how the device isn't working properly? ^CO,2698928,2698930.0,2698930.0
2698928,706419,True,2017-11-19 20:12:29+00:00,@AmazonHelp It won't turn on or charge,2698927,2698929.0,2698930.0
2698927,AmazonHelp,False,2017-11-19 20:15:01+00:00,@706419 That's rather odd. Please give us a ring here: https://t.co/JzP7hlA23B so we can take a look at this with you! ^TR,,2698928.0,2698930.0
2698989,758291,True,2017-11-19 19:39:57+00:00,Oigan @116875 están bien padres de su delivery. 💕 Pedí ayer y me llegó hoy sin elegir Prime. 🙈❤️¡mil gracias! https://t.co/ep7FhPObHX,2698988,,2698989.0
2698988,AmazonHelp,False,2017-11-19 19:45:09+00:00,"@758291 Hola, Gio. ¡Entrenamos para entregar los paquetes bien rápido! Somos curiosos... dinos, ¿qué hay dentro de la caja? 🤔📦 ^CR https://t.co/cWUtotbkR3",2698987,2698989.0,2698989.0
2698987,758291,True,2017-11-19 19:50:01+00:00,@AmazonHelp Una promo del buen fin de Motorola ☺️ https://t.co/g4Z1xDWSrc,2698986,2698988.0,2698989.0
2698986,AmazonHelp,False,2017-11-19 19:59:00+00:00,"@758291 ¡Genial! Esperamos disfrutes muchísimo tu nuevo teléfono móvil, luego nos comentas más acerca del mismo.😀
^CB",,2698987.0,2698989.0
2702054,758984,True,2017-11-19 20:52:51+00:00,@115821 a little bit of a warning would be nice before you charge me for another year of prime membership plz ! Just a email would do !,2702053,,2702054.0
2702053,AmazonHelp,False,2017-11-19 21:12:00+00:00,"@758984 Was the auto-renew setting turned off? If not, any subscription or membership with auto-renew active will automatically charge again at the end of its cycle. If you no longer needed Prime, learn more about how to cancel here: https://t.co/IEmqxwukSt ^SK",,2702054.0,2702054.0
2705695,759892,True,2017-11-19 22:56:43+00:00,"Hey @115821 I find it concerning that your shipping service has no clue what happened to my package that was ""delivered"" at a time I was home. -_-",2705694,,2705695.0
2705694,AmazonHelp,False,2017-11-19 23:12:35+00:00,"@759892 Thank you for reaching out to us. I'm very sorry we've missed our mark for delivery! This certainly isn't what we strive for and we'd like to help the best we can. Just to confirm, who's the carrier listed for your order here:  https://t.co/Y5jpI9gRhE ^NN",2705693,2705695.0,2705695.0
2705693,759892,True,2017-11-19 23:18:31+00:00,@AmazonHelp Amzl US,2705692,2705694.0,2705695.0
2705692,AmazonHelp,False,2017-11-19 23:21:31+00:00,"@759892 We'd like to escalate this to our AMZL team for you. Please give us some additional information, including order details, here: https://t.co/SgVwC1sCZz ^BE",,2705693.0,2705695.0
2706774,760164,True,2017-11-19 18:23:38+00:00,Amazonで頼んだ荷物1週間以上来ないんだけど大丈夫なの？これ,2706773,,2706774.0
2706773,AmazonHelp,False,2017-11-19 23:31:29+00:00,@760164 お届け予定日を過ぎても未着の場合、状況をお調べしますのでURLよりお問い合わせください。Amazonが発送する場合：https://t.co/J6YEizo6qC 出品者が発送する場合：https://t.co/ZXCXcbN3Tv EK,,2706774.0,2706774.0
2707626,216146,True,2017-11-20 00:05:09+00:00,Yo @115821 my package is “guaranteed for delivery by 8pm” but it’s been in Tampa since yesterday at 5pm. What you got going on.,2707624,,2707626.0
2707624,AmazonHelp,False,2017-11-20 00:10:30+00:00,"@216146 My apologies for the delay.  I am not able to view the specific order details over social media out of respect for your accounts security, if the order does not arrive by 8PM let us know. ^CH",2707625,2707626.0,2707626.0
2707625,216146,True,2017-11-20 00:11:18+00:00,@AmazonHelp Will do.,,2707624.0,2707626.0
2710846,761156,True,2017-11-20 02:00:33+00:00,@AmazonHelp Can you please verify order #205-0338684-4594711 or cancel it? Thanks,2710844,,2710846.0
2710844,AmazonHelp,False,2017-11-20 02:15:30+00:00,@761156 Hi there! Thanks for reaching out. Unfortunately we don't have access to your account via twitter. Please reach us using this link: https://t.co/JzP7hlA23B so we can look into this with you in real time. ^LH,2710845,2710846.0,2710846.0
2710845,761156,True,2017-11-20 02:17:00+00:00,@AmazonHelp Phone and live chat support is closed right now though. How can I cancel the order so I can buy it elsewhere? It's a digital game code.,2710847,2710844.0,2710846.0
2710847,AmazonHelp,False,2017-11-20 02:35:00+00:00,"@761156 We can look into your available options for your order with you using ^LH's contact link. If your order needs payment reconfirmation, you can learn more about what this means here: https://t.co/qdxiGSmRZl ^DW",,2710845.0,2710846.0
2710877,743843,True,2017-11-18 12:19:49+00:00,"@115850 @AmazonHelp @115851 hahahaha how many time you guys tweet same thing ""we are working on it and responded you ASAP"" till now I don't get any single call from you guys with a answer. And in the link you send me earlier on that link you mention that we call u in 12hours",2710876,,2710877.0
2710876,AmazonHelp,False,2017-11-18 12:29:54+00:00,"@743843 I understand your concern. If you've shared your details, you would've received a correspondence here: https://t.co/8DAc10S7ww. Please follow the link and get back to us for further concerns. ^BV",2710875,2710877.0,2710877.0
2710875,743843,True,2017-11-18 12:34:41+00:00,"@AmazonHelp I already done that.
Tell me now where you want my detail.
And you guys tell me on earlier tweet that you have my all info.
Now what?",2710874,2710876.0,2710877.0
2710874,AmazonHelp,False,2017-11-18 12:50:34+00:00,"@743843 I'm sorry about the confusion. We've sent you a correspondence, kindly check the same here: https://t.co/ubzNHWZvL2 ^SG",2710873,2710875.0,2710877.0
2710873,743843,True,2017-11-18 13:11:04+00:00,"@AmazonHelp Now tell me what i can do wait more 24 hours to 48 hours .
Aur you wants my amazon id , phone no. address.
for checking my details.",2710872,2710874.0,2710877.0
2710872,AmazonHelp,False,2017-11-18 13:42:00+00:00,"@743843 I get your disappointment. However, Twitter being a social platform, we do not have access to your account. Request you to reply to our email with your insights, we'll check and get back to you at the earliest. ^MO",2710871,2710873.0,2710877.0
2710871,743843,True,2017-11-18 14:58:22+00:00,"@AmazonHelp Now I got a new email from your team that I have to wait for next 6hours , after that our representative will get touch to you.
Now this is the last time line after that I will share all recording in which your one representative told me that I get my money on Friday (17th) EOD.",2710870,2710872.0,2710877.0
2710870,AmazonHelp,False,2017-11-18 15:08:32+00:00,"@743843 We've responded to via DM, please check. ^RB",2710869,2710871.0,2710877.0
2710869,743843,True,2017-11-18 21:05:20+00:00,@AmazonHelp @115850 @1840  @115851 I got my money but till now noone called me for customer satisfaction.,2710868,2710870.0,2710877.0
2710868,AmazonHelp,False,2017-11-18 21:13:27+00:00,@743843 I've noted your comments and have forwarded your feedback internally so that they are aware of this issue. Appreciate your understanding. ^SM,2710867,2710869.0,2710877.0
2710867,743843,True,2017-11-18 21:14:38+00:00,"@AmazonHelp Thanks!!!
Your help.",2710866,2710868.0,2710877.0
2710866,AmazonHelp,False,2017-11-18 21:21:28+00:00,"@743843 You're welcome! Above all, we are glad that your concern has been addressed successfully. :)",2710865,2710867.0,2710877.0
2710865,743843,True,2017-11-18 21:22:32+00:00,@AmazonHelp I got my money but I am totally unhappy with you guys.,2710864,2710866.0,2710877.0
2710864,AmazonHelp,False,2017-11-18 21:27:57+00:00,"@743843 Apologies for the experience, Mohit. I'll share your comments with our internal teams for review and to improve our services. ^SV",2710863,2710865.0,2710877.0
2710863,743843,True,2017-11-18 21:29:14+00:00,@AmazonHelp I now I hope today morning I got a call from you guys . Who should be senior.,2710862,2710864.0,2710877.0
2710862,AmazonHelp,False,2017-11-18 21:47:34+00:00,"@743843 I get your concern. For any further assistance, please reply to correspondence we've sent to your registered email id. We'll be glad to assist you. ^SV",2710861,2710863.0,2710877.0
2710861,743843,True,2017-11-20 02:00:24+00:00,"@AmazonHelp Thanks!!!
But till now my complete experience with you guys was very bad.
I think your customer care team and customer escalation team are working for himself , not for a customer. https://t.co/0b3lI59lba",2710860,2710862.0,2710877.0
2710860,AmazonHelp,False,2017-11-20 02:07:29+00:00,"@743843 That's quite a remark, Mohit. Please reply to the email we've sent to your registered email id. We'll reach out to you with further assistance. Rest assured. ^SV",,2710861.0,2710877.0
2719394,763148,True,2017-11-20 08:28:43+00:00,Et sinon @120533 c'est normal une semaine de livraison au lieu d'un jour quand on est en #AmazonPrime ? Et oui j'ai déjà contacté le livreur et votre service client #Amazon ! Je suis assez déçus là ! https://t.co/LupBmCBpiH,2719393,,2719394.0
2719393,AmazonHelp,False,2017-11-20 08:33:00+00:00,"@763148 Bonjour, quelle est la date estimée de livraison SVP ? ^SM",2719392,2719394.0,2719394.0
2719392,763148,True,2017-11-20 08:35:31+00:00,"@AmazonHelp C'était le 14 avant 22h, puis le 17 avant 22h et ensuite le 18 avant 22h et maintenant j'attends des ""informations complémentaires"" !",2719391,2719393.0,2719394.0
2719391,AmazonHelp,False,2017-11-20 08:40:29+00:00,"@763148 Afin qu'on puisse vérifier votre dossier, merci de remplir ce formulaire via un PC : https://t.co/HtUowg2UGX 
^SM",2719390,2719392.0,2719394.0
2719390,763148,True,2017-11-20 08:41:21+00:00,@AmazonHelp Je l'ai déjà fais ...,2719389,2719391.0,2719394.0
2719389,AmazonHelp,False,2017-11-20 08:45:54+00:00,"@763148 Malheureusement, nous ne l'avons pas encore  reçu, je vous invite à refaire la même chose en remplissant le formulaire via le lien envoyé précédemment par ma collègue.^FT",2719388,2719390.0,2719394.0
2719388,763148,True,2017-11-20 08:48:24+00:00,"@AmazonHelp Pourtant je l'ai fait samedi, et j'ai eu 4 conseillers au téléphone. Il serrait peut être temps que les choses avance non ?",2719387,2719389.0,2719394.0
2719387,AmazonHelp,False,2017-11-20 08:53:54+00:00,"@763148 Ne vous inquiétez pas, remplissez simplement le formulaire qui vous a été envoyé et on fera le nécessaire pour vous. ^AR",2719386,2719388.0,2719394.0
2719386,763148,True,2017-11-20 08:55:23+00:00,"@AmazonHelp J'ai bien compris et je viens de le faire une 2ème fois ! Sachant que déja la première fois on ""devait faire le nécessaire"" pour moi ....",2719385,2719387.0,2719394.0
2719385,AmazonHelp,False,2017-11-20 08:57:00+00:00,"@763148 Je vous comprends, désolé pour le retard. ^AR",,2719386.0,2719394.0
2719404,296064,True,2017-11-20 08:47:05+00:00,'@122232 making you question the value of @115821 Prime'. Wish they'd just use @126705.,2719403,,2719404.0
2719403,AmazonHelp,False,2017-11-20 08:54:26+00:00,"@296064 Hi, do you have an order that you are waiting to be delivered? What date were you given on the order confirmation email? ^ES",,2719404.0,2719404.0
2720030,763263,True,2017-11-20 08:56:41+00:00,"アマゾンからの配達の不在連絡票が入ってたんだけど、注文してないし、私アマゾンのアカウントすら持ってないんだよな
アカウント持ってないから問い合わせることもできない",2720029,,2720030.0
2720029,AmazonHelp,False,2017-11-20 09:08:30+00:00,@763263 ご心配をお掛けしております。お心当たりがない商品が届いた場合は、お調べした上でご案内させていただきますので、カスタマーサービス（0120-999-373・フリーダイヤルを使えない場合：011-330-3000）へお問い合わせください。＊24時間365日受付 TN,,2720030.0,2720030.0
2720477,763357,True,2017-11-20 09:44:20+00:00,Amazonプライム・ビデオでがんばれロボコンが見れるようになっとる…ポワトリンとかシャンゼリオンとかちゅうかなぱいぱいもある…,2720475,,2720477.0
2720475,AmazonHelp,False,2017-11-20 09:52:53+00:00,@763357 お気に入りの作品がございましたか。どうぞごゆっくりお楽しみくださいませ。😊 ET,2720476,2720477.0,2720477.0
2720476,763357,True,2017-11-20 22:22:34+00:00,"@AmazonHelp 意外なラインナップに驚いておりました( ^ω^ )
楽しませていただきますね！",2720478,2720475.0,2720477.0
2720478,AmazonHelp,False,2017-11-20 23:24:46+00:00,@763357 色々なコンテンツをご準備しておりますので、是非存分にお楽しみください♪( *´艸｀)TY,,2720476.0,2720477.0
2720516,739514,True,2017-11-20 09:29:05+00:00,"Merci @AmazonHelp pour votre diligence et la réexpédition (reçue à l'instant) de ma commande perdue dans les limbes de l'oubli appelées ""service public de la Poste en dégénérescence"" ! Vous avez été Top et il faut le dire ! 👍",2720515,,2720516.0
2720515,AmazonHelp,False,2017-11-20 09:34:00+00:00,"@739514 Bonjour, je suis ravie d’apprendre cela. 😍 Je vous remercie infiniment pour vos compliments qui vont droit au cœur. J’espère que vos articles vous ont plu. ☺️^SB",2720514,2720516.0,2720516.0
2720514,739514,True,2017-11-20 09:35:47+00:00,"@AmazonHelp Non, c'est moi qui vous remercie. Quand ça ne va pas, on proteste et on a raison de le faire. Mais quand ça va très bien, il faut aussi le dire. Article parfaitement emballé, par ailleurs.",2720513,2720515.0,2720516.0
2720513,AmazonHelp,False,2017-11-20 09:41:00+00:00,"@739514 Ah c'est super ! 😍 et ce cela nous fait vraiment plaisir. Sinon, préférerez-vous quelle boutique sur notre site ? ^SB",,2720514.0,2720516.0
2721718,733342,True,2017-11-20 10:03:35+00:00,@AmazonHelp will I be receiving this item at all? Or will it get cancelled? I really hope not 😔 https://t.co/D14YX6qLHI,2721715,,2721718.0
2721715,AmazonHelp,False,2017-11-20 10:21:54+00:00,"@733342 Hey Stephanie, I'm sorry to hear about this. What was the original estimated delivery date provided to you in your order confirmation? ^PJ","2721716,2721717",2721718.0,2721718.0
2721716,733342,True,2017-11-20 10:23:44+00:00,@AmazonHelp It sad it was going to be delivered by 8pm today. I even spoke to someone on the online chat a few weeks ago who also reassured me I would receive this today,,2721715.0,2721718.0
2721717,733342,True,2017-11-20 10:38:47+00:00,@AmazonHelp It said it was going to be delivered by 8pm today. I even spoke to someone on the online chat a few weeks ago who also reassured me I would receive this today,,2721715.0,2721718.0
2722717,763822,True,2017-11-13 19:37:53+00:00,@119625 - is the service down?,2722716,,2722717.0
2722716,763822,True,2017-11-13 19:42:13+00:00,@119625 #amazonprimefail #servicedown https://t.co/GFcazUmZzF,2722715,2722717.0,2722717.0
2722715,AmazonHelp,False,2017-11-20 10:38:23+00:00,"@763822 Apologies for the delay in responding to your concern. Our team have fixed the issue. However, if you've experiencing any further trouble, do let us know. ^AM",,2722716.0,2722717.0
2725927,273612,True,2017-11-20 12:47:06+00:00,".@115821 Anything that is shipped with ""AMZL US"" is either late or doesn't come. I've had to call for 5 orders now. Maybe you shouldn't roll out a service if you clearly can't handle it. Why am I paying for prime if I NEVER get it on time? #Amazon #Shipping #Prime #AmazonPrime",2725925,,2725927.0
2725925,AmazonHelp,False,2017-11-20 13:06:34+00:00,@273612 Sorry to hear about your delivery issues. Were you advised that this issue was being investigated? ^ES,2725926,2725927.0,2725927.0
2725926,273612,True,2017-11-20 19:10:38+00:00,"@AmazonHelp No. I was just apologized to over and over again, which I appreciate, but I wasn't given any real feedback. There should be an option to not use your carrier service because it clearly shouldn't have been rolled out yet.",2725928,2725925.0,2725927.0
2725928,AmazonHelp,False,2017-11-20 19:19:32+00:00,@273612 Thank you for that information! I'd like a member of my team to look into all of these issues for you personally! Please let us know more here: https://t.co/g68vH8DD2o Thank you for your patience while we look into this for you! ^AD,,2725926.0,2725927.0
2726728,282926,True,2017-11-20 13:41:50+00:00,"1/2

Just had a polish courier from @115830 knock on my door

Courier: ""18""

Me: ""Sorry?""

Courier: ""18""

Me: ""Wrong house mate""

Courier ""no you 18""

Me: Points to my door number, speaks slowly:
""Wrong
House
Mate""

Courier: ""no you 18""

Me: sighs...",2726727,,2726728.0
2726727,282926,True,2017-11-20 13:45:52+00:00,"@115830 2/2

Turns out he's asking if I am 18 years old

Me: ""Do I look it?""

Courier: ""no you 18""

Me: well over 20 years ago yeah""

Courier point blank refuses to hand parcel over to me.

I don't know if to feel annoyed or flattered - I was born in '74!",2726725,2726728.0,2726728.0
2726725,AmazonHelp,False,2017-11-20 13:57:50+00:00,"@282926 Hey, could you contact us so we can look into this order for you: https://t.co/oGDklGgbCZ? ^PJ",2726726,2726727.0,2726728.0
2726726,282926,True,2017-11-20 14:02:47+00:00,"@AmazonHelp I managed to communicate in broken terms with the courier and take delivery of the item in the end (that was supposed to be delivered yesterday).
No need to look into from my perspective, made me chuckle he asked if I'm 18, im in my early 40s!
I may look young for my age, but 🙄",,2726725.0,2726728.0
2726731,764659,True,2017-11-20 13:36:50+00:00,"@AmazonHelp @115821 I just received my article in very bad condition totally break item delivered me I instruct you, refund my whole amount",2726729,,2726731.0
2726729,AmazonHelp,False,2017-11-20 13:56:00+00:00,@764659 I'm sorry about the situation with your order. Kindly return/replace the product using the link here: https://t.co/3yqvLnyTxi ^SG,2726730,2726731.0,2726731.0
2726730,764659,True,2017-11-20 14:49:37+00:00,@AmazonHelp No I don't want to replace or return I just want my money back. Refund my money immediately and tell to your people collect your article.,2726732,2726729.0,2726731.0
2726732,AmazonHelp,False,2017-11-20 15:03:00+00:00,"@764659 I get your concern, Mayur. It was never our intention to disappoint you. Please reach out to our support team here: https://t.co/vlvfJr4nN9 and we'll assist you further. ^NK",2726733,2726730.0,2726731.0
2726733,764659,True,2017-11-20 15:05:54+00:00,@AmazonHelp No need to do anything please refund my amount as soon as possible otherwise I approach Consumer Court against you.,2726734,2726732.0,2726731.0
2726734,AmazonHelp,False,2017-11-20 15:37:25+00:00,"@764659 I understand you're upset, Mayur. However, twitter being a social media platform, we wouldn't have the direct access to your account. So, as requested, reach out to our support team through the link so that they can assist you. Appreciate your understanding. ^NK",,2726733.0,2726731.0
2732834,315813,True,2017-11-20 15:53:26+00:00,"Why were my orders “guaranteed” to come today, but now won’t be here until Wednesday? @115821",2732832,,2732834.0
2732832,AmazonHelp,False,2017-11-20 16:00:46+00:00,@315813 I'm so sorry the delivery date changed! We always aim to meet the delivery date provided at checkout but sometimes unforeseen circumstances may occur. Who's the carrier for the order? ^JO,2732833,2732834.0,2732834.0
2732833,315813,True,2017-11-20 16:22:16+00:00,@AmazonHelp sold by VIVO; fulfilled by Amazon,2732835,2732832.0,2732834.0
2732835,AmazonHelp,False,2017-11-20 16:30:00+00:00,@315813 When reviewing here: https://t.co/Y5jpI9gRhE who's the listing carrier for the order? Does the tracking show a delay or any new delivery emails sent to you here: https://t.co/CMri93TJ8O to help shed some light on this further for you? ^TM,2732836,2732833.0,2732834.0
2732836,315813,True,2017-11-20 16:33:43+00:00,"@AmazonHelp It doesn’t show any delays; just went from guaranteed today, to now guaranteed Wednesday instead. Dont see anything about a carrier, just the seller: https://t.co/kCOLBlC3q0",2732837,2732835.0,2732834.0
2732837,AmazonHelp,False,2017-11-20 16:39:00+00:00,@315813 Thanks for letting us know! The carrier will show here: https://t.co/Y5jpI9gRhE under Track Package. ^JO,2732838,2732836.0,2732834.0
2732838,315813,True,2017-11-20 16:40:25+00:00,@AmazonHelp  https://t.co/ZXU0lSqUim,2732839,2732837.0,2732834.0
2732839,AmazonHelp,False,2017-11-20 16:48:05+00:00,"@315813 Hi, sorry to hear that your parcel was delayed. Please let us know if your order does not arrive on your revised delivery date of Wednesday. ^TI",2732840,2732838.0,2732834.0
2732840,315813,True,2017-11-20 16:48:52+00:00,@AmazonHelp Thank you. I’m traveling for the holidays so is there a way to ensure it’ll come in the morning &amp; not at 8 at night?,2732841,2732839.0,2732834.0
2732841,AmazonHelp,False,2017-11-20 16:55:30+00:00,@315813 The carrier would be in the best position to possibly provide a better time frame. They can be contacted here: https://t.co/KKABfT6MXz ^CS,,2732840.0,2732834.0
2734027,766298,True,2017-11-20 15:24:58+00:00,"@116316 Ist es echt nicht möglich, die Telefonfunktion (und Kontakte) auf dem Echo meiner Oma einzurichten, wenn diese kein Smartphone besitzt?",2734026,,2734027.0
2734026,AmazonHelp,False,2017-11-20 15:51:00+00:00,"@766298 Du benötigst ein Amazon-Konto um telefonieren zu können und der zweite Teilnehmer braucht ein Echo-Gerät.
Mehr dazu hier: https://t.co/Qtj95iXjxx
Falls weitere Hilfe benötigt wird, wende dich doch bitte an die Kollegen vom Echo Kundenservice: https://t.co/wWn0qM25US
^AM",2734025,2734027.0,2734027.0
2734025,766298,True,2017-11-20 16:14:01+00:00,"@AmazonHelp Ich hab schon mit dem Kundenservice gesprochen. Die konnten mir auch nicht weiterhelfen. Unter dem Link ist auch nur die Rede von einem Mobiltelefon. Also nochmal meine Frage: Ist es tatsächlich nicht möglich, die Telefonfunktion des Echos einzurichten ohne ein Mobiltelefon?",2734024,2734026.0,2734027.0
2734024,AmazonHelp,False,2017-11-20 16:32:01+00:00,"@766298 Jaein. Du brauchst zur Verwaltung die Alexa App auf einem SMS fähigen Gerät (Handy, Tablet) um dich verifizieren zu können. Die Kommunikation läuft über Internet, und zwar zu einem anderen Echo Gerät oder einem anderen Gerät mit Alexa App. ^AS",,2734025.0,2734027.0
2734314,766362,True,2017-11-20 18:35:51+00:00,@AmazonHelp No me ha llegado el paquete que tenia que llegar el 18 y aun nada,2734313,,2734314.0
2734313,AmazonHelp,False,2017-11-20 19:39:32+00:00,"@766362 Hola. Lamento el atraso en la entrega de tu paquete. Sin compartir el número de pedido, dime, ¿este fue gestionado por Amazon o por un vendedor desde nuestro sitio? ¿La compra la realizaste en https://t.co/nUUp5MLhYl, Amazon.es o alguna otra de nuestras páginas? ^CR",,2734314.0,2734314.0
2744210,340699,True,2017-11-20 19:00:20+00:00,@115830 my book didn’t arrive today 😞 Paid ‘one day delivery’ on Friday. Advice please? Thanks.,2744208,,2744210.0
2744208,AmazonHelp,False,2017-11-20 19:04:09+00:00,"@340699 I'm sorry to hear you haven't received your book! What was the expected delivery date from your order confirmation? Also, what is the current tracking status showing here: https://t.co/ijxJ9jCwr9? ^JS",2744209,2744210.0,2744210.0
2744209,340699,True,2017-11-20 19:40:00+00:00,@AmazonHelp Arriving by 8pm. I’m too early in asking for help! 😀Many thanks. https://t.co/pUypm9vsQi,,2744208.0,2744210.0
2754619,768579,True,2017-11-20 21:16:01+00:00,"Just to be clear.. I have been home ALL day! ALL day! No one delivered anything and I most certainly did not refuse the delivery that I've been waiting in all day for, my son's delivery that never turned up! .. Disgusting that @115830 drivers can blatantly LIE like that! https://t.co/iL890rp1ec",2754617,,2754619.0
2754617,AmazonHelp,False,2017-11-20 21:20:00+00:00,"@768579 We never intend to let you down, Charlie! Allow us to take a closer look to see what's going on via phone/chat. Please reach us directly here: https://t.co/JzP7hlA23B ^CS",2754618,2754619.0,2754619.0
2754618,768579,True,2017-11-20 21:29:26+00:00,"@AmazonHelp You're very quick to get in touch when someone shames you on social media but have yet to prove that you actually value your customers! To LIE on the tracking info is unacceptable! I just hope these issues are dealt with promptly, people can't afford to be messed about near xmas!",,2754617.0,2754619.0
2759744,772202,True,2017-11-21 03:56:06+00:00,"@115850 Dear Team, I purchases @951 headphone &amp; its has some compatibility issue vd honor Phone but its working fine in all other devices ni want to return it but you guys says that we give replacement only is replacement really work if it have compatibility issue",2759743,,2759744.0
2759743,AmazonHelp,False,2017-11-21 04:33:00+00:00,@772202 I understand your concern regarding the compatibility issue of your headphone. Please drop in your details here: https://t.co/GIJyeYqKE0 and we will have this checked for you. ^AH,,2759744.0,2759744.0
2760311,772343,True,2017-11-16 13:14:52+00:00,@368879 @115817 Allah aşkına nedir sizden çektiğimiz kaç kez evrak gönderiyorum arıyorsunuz içeriği söylüyorum sonuç alamıyorum. Kimsenin kimseden haberi yok. Bana gönderdiğiniz mailde bile siparişin kg'si yazmasına rağmen 7 kg'lik bir siparişe 74 kg'lik işlem yapıyorsunuz https://t.co/Nz3HdtTKap,2760309,,2760311.0
2760309,772343,True,2017-11-21 05:11:38+00:00,@368879 @115817 @116316 yazıklar olsun. böyle keyfiyet arzeden bir durum ne gördüm ne duydum.Küçük bir hata yüzünden günlerce bekletiliyorum,"2760308,2760310",2760311.0,2760311.0
2760310,AmazonHelp,False,2017-11-21 05:19:29+00:00,@772343 Türkçe Müşteri Hizmetleri ile görüşmek için lütfen: https://t.co/sfgWIGu3L6 sayfasına gidin - Yukarıda sağ köşede bulunan dünya haritasına tıklayarak dil seçeneğinizi Türkçe olarak seçin. 1/2,"2760312,2760313",2760309.0,2760311.0
2760308,AmazonHelp,False,2017-11-21 05:20:00+00:00,"@772343 Bize ulaşın sayfası seçtiğiniz dilde görüntülecektir.
- ‘Siparişlerim’ bölümünde ilgili ürünü seçerek talimatları takip edin. ^SM 2/2",,2760309.0,2760311.0
2760312,772343,True,2017-11-21 05:26:04+00:00,"@AmazonHelp durumu cuma günü Amazon Müşteri hizmetlerine de bildirdim.Böyle bir yanlışlığın günlerce düzeltilmemesinin sorumlusu kimse bedelini ödemeli.İtalyadan gelen evrakta bile 6,86 kg yazıyor.Utanmadan bana bunda ne var böyle 74 kg diyorlar.İnsan bir kontrol eder bakar kaç kg diye",2760314,2760310.0,2760311.0
2760314,AmazonHelp,False,2017-11-21 05:28:30+00:00,"@772343 Merhaba, konuyu daha yakından incelemek istiyoruz. Lütfen şu bağlantıyı kullanarak bizimle iletişime geçin: https://t.co/br7bhrlJn8 ^TA",,2760312.0,2760311.0
2760313,772343,True,2017-11-21 05:29:20+00:00,@AmazonHelp ups bana geçen hafta perşembe günü AHL'de kargo tartılıp yeniden evrak düzenlenip iki iş gününde gönderilecek demesine rağmen halen daha düzeltilip gönderilmedi.Neden kimse gerçek manada sorunu çözmek adına uğraşmıyor.Herkes tamam halledilir deyip geçiştiriyor.,2760315,2760310.0,2760311.0
2760315,772343,True,2017-11-21 05:31:11+00:00,@AmazonHelp @368879 @115817 sizden neden twitlere cevap gelmiyor. UPS denen kargo frması siz değilmisiniz. Neden halen daha 3 maymunu oynuyorsunuz https://t.co/vbBJpnY6J4,,2760313.0,2760311.0
2761743,772663,True,2017-11-21 06:36:19+00:00,アマゾンが好きすぎて部屋がダンボールだらけになった。てへ,2761742,,2761743.0
2761742,AmazonHelp,False,2017-11-21 06:39:25+00:00,@772663 ヾ(´ε｀*)ゝ.｡oO（ありがとうございます♪これからもどうぞよろしくお願いします～）TN,,2761743.0,2761743.0
2766417,294418,True,2017-11-21 09:21:08+00:00,@115850 Your Nagpur Amazon Delivery Service has a problem.  If the product reached sooner than expected delivery date they DONT deliver till the expected delivery date and happens every time!  Does not happen in Mumbai!,2766416,,2766417.0
2766416,294418,True,2017-11-21 09:26:20+00:00,@115850 My 2 products are with Amazon Delivery Service Nagpur but Nagpur office is delivering one today 2nd tomorrow?  What a waste of fuel and time? Dont u think this needs to change and reduce delivery cost? https://t.co/KzJbqgdkrg,2766415,2766417.0,2766417.0
2766415,AmazonHelp,False,2017-11-21 10:03:00+00:00,"@294418 We do try to deliver orders before the estimates. However, we will not be able to guarantee an early delivery. Request you to wait till the time frame mentioned for the order. ^GK",,2766416.0,2766417.0
2766995,773765,True,2017-11-21 10:25:42+00:00,How is this two day shipping amazon?? @115821 #amazonprimesucks #sounreliable #twodaysmeans7 https://t.co/2atMBKg9vM,2766993,,2766995.0
2766993,AmazonHelp,False,2017-11-21 10:39:36+00:00,"@773765 Hello Kasia. I can confirm 2 day delivery option would be from the date the item dispatches. Once you select your address, the system will determine the estimated date based on the location of the item from your address. ^GA",2766994,2766995.0,2766995.0
2766994,773765,True,2017-11-30 12:36:50+00:00,"@AmazonHelp That's very misleading ,2 day shipping should be 2 day shipping, it doesn't say anywhere about processing",,2766993.0,2766995.0
2769797,263833,True,2017-11-21 11:49:45+00:00,"@119356 @115821 on calling customer service, your representative gave unconvincing responses. What kind of service is this? What effort can you do to help a father keep his promise to his son? https://t.co/ySTgGEIQ3t",2769796,,2769797.0
2769796,AmazonHelp,False,2017-11-21 12:35:27+00:00,@263833 We've responded to your query here: https://t.co/jDhhSd76ql Kindly check. ^SY,,2769797.0,2769797.0
2770735,360719,True,2017-11-21 12:51:57+00:00,Gotta love the disproportionate amount of cardboard box and packaging relative to the actual item from @115830 https://t.co/4MGFSukFcF,2770734,,2770735.0
2770734,AmazonHelp,False,2017-11-21 13:02:35+00:00,@360719 Oh dear. Thanks for letting us know. Please leave feedback here: https://t.co/fxgZ6hTrFA so we can help improve the packaging for future orders. ^ES,,2770735.0,2770735.0
2771654,774754,True,2017-11-21 13:37:48+00:00,@115850 I am eligible to win 500 as Amazon Pay Balance...,2771653,,2771654.0
2771653,AmazonHelp,False,2017-11-21 13:57:31+00:00,@774754 Could you please let us know which promotion you're referring to? ^PJ,,2771654.0,2771654.0
2775439,325958,True,2017-11-18 17:29:06+00:00,@AmazonHelp does it seriously take 8 days (and still counting) for you to acknowledge a return via the locker? I’m actually concerned I’m never going to get my £190 refund.,2775438,,2775439.0
2775438,AmazonHelp,False,2017-11-18 17:39:30+00:00,"@325958 I'm very sorry for the return trouble, David! In this case, please contact us by phone or chat so that we can help investigate this further: https://t.co/JzP7hlA23B. We're here to help! Please keep us posted! ^SD",2775437,2775439.0,2775439.0
2775437,325958,True,2017-11-18 19:39:59+00:00,@AmazonHelp I tried on Friday and was told to wait. It’s now hit my credit card and I have to pay off £190 more than needed to avoid interest.,2775435,2775438.0,2775439.0
2775435,AmazonHelp,False,2017-11-18 19:42:00+00:00,"@325958 When you spoke with us, did we provide a time-frame for the wait? ^SB",2775436,2775437.0,2775439.0
2775436,325958,True,2017-11-21 14:57:49+00:00,@AmazonHelp Still nothing. This return is way beyond a joke,,2775435.0,2775439.0
2783162,777170,True,2017-11-21 17:44:54+00:00,"@116928 Buenas, los objetos como ""Bakuman Box Set"" ya tienen alguna rebaja, para tendrán una superior a partir del fin de semana? (Black Friday) Gracias!",2783160,,2783162.0
2783160,AmazonHelp,False,2017-11-21 17:49:00+00:00,"@777170 Hola Trulsep, en el momento no contamos con esta información, puedes estar pendiente de nuestra página web para más novedades. 😊 ^DA",2783161,2783162.0,2783162.0
2783161,777170,True,2017-11-21 18:00:14+00:00,@AmazonHelp Ah okey gracias,,2783160.0,2783162.0
2786315,777908,True,2017-11-21 18:22:49+00:00,"Hmm, having problems with @115833 and @115888. Alexa is unable to play any artist, ""Cannot find songs by x"". Playlists work fine. Any suggestions?","2786313,2786317",,2786315.0
2786313,AmazonHelp,False,2017-11-21 18:43:44+00:00,"@777908 What phrase are you using with Alexa? Regards, ^AN",2786314,2786315.0,2786315.0
2786314,777908,True,2017-11-21 18:46:18+00:00,@AmazonHelp Various. “Play songs by Frank Sinatra” (and variants with “on Spotify” at the end). Also tried diffeeent artists. It was working perfectly last week - no settings have been changed. Tried unlinking and delinking Spotify but no success.,2786316,2786313.0,2786315.0
2786316,AmazonHelp,False,2017-11-21 19:08:40+00:00,@777908 Please let our colleagues have a look into this. They would like to help you: https://t.co/ohyvGrpvrY ^BB,,2786314.0,2786315.0
2786317,SpotifyCares,False,2017-11-21 19:46:16+00:00,"@777908 Hey there! Just to check, do other commands work such as asking your Echo to play a specific song or album? /LM",2789404,2786315.0,2786315.0
2789404,777908,True,2017-11-21 21:11:53+00:00,"@SpotifyCares Yep - asking for a playlist (even vaguely!) or a specific song works absolutely fine. I've tried a range of artists all on Spotify but Alexa isn't playing nice. As I said, super weird because it was fine last week!",2789405,2786317.0,2786315.0
2789405,SpotifyCares,False,2017-11-21 21:25:16+00:00,"@777908 Thanks for the info. Can you try unlinking, and then relinking your Spotify account on your Amazon Echo? Afterwards, try using the command again, and see if the issue persists /LM",2789406,2789404.0,2786315.0
2789406,777908,True,2017-11-21 21:42:00+00:00,"@SpotifyCares Thanks LM, I tried that before tweeting. I’ve opened a ticket with the Amazon Alexa support team so I’ll see what they come back with. I don’t want to be a burden on two teams! :)",2789407,2789405.0,2786315.0
2789407,SpotifyCares,False,2017-11-21 21:48:31+00:00,@777908 That's totally fine! Just let us know if we can continue to help. We'll be here waiting for any updates 🙂 /LM,,2789406.0,2786315.0
2789125,636846,True,2017-11-21 19:06:11+00:00,@31319 amazon india tortured me in 20 cases and they have sent me more than 200 mails and have 100 hours tape.which is the right platform to put the issue.,2789124,,2789125.0
2789124,AmazonHelp,False,2017-11-21 19:39:56+00:00,"@636846 We've responded to you here: https://t.co/JU3xJb2nN7, kindly check. ^MO",,2789125.0,2789125.0
2790519,778840,True,2017-11-21 20:10:38+00:00,"@AmazonHelp My parcel was supposed to be delivered today and come before 8, where is it? Has just said out for delivery for the entire day 🙄",2790518,,2790519.0
2790518,AmazonHelp,False,2017-11-21 20:15:00+00:00,@778840 I'm sorry your parcel hasn't arrived yet! Deliveries can be made up until 21:00. Have you received any notifications that your order has been delayed? ^VS,2790517,2790519.0,2790519.0
2790517,778840,True,2017-11-21 20:16:22+00:00,"@AmazonHelp Then why does your website say 8pm? All that's been said is it's delayed and to wait until Friday, which I can't do",2790516,2790518.0,2790519.0
2790516,AmazonHelp,False,2017-11-21 20:19:05+00:00,@778840 Late packages will typically arrive the next business day. We can always look into this order for you as well by phone here: https://t.co/JzP7hlA23B ^VS,,2790517.0,2790519.0
2793063,779466,True,2017-11-21 21:16:06+00:00,"@AmazonHelp Bonsoir, j'ai un petit souci... possible de DM?",2793062,,2793063.0
2793062,AmazonHelp,False,2017-11-21 21:19:00+00:00,"@779466 Oui, veuillez initier la conversation en DM je vous prie. ^BR",,2793063.0,2793063.0
2793132,779480,True,2017-11-21 21:02:40+00:00,"I don’t often praise places for customer service, but @115830 thoroughly deserve plenty!
I just chatted to a few customer service operatives on the mobile app to replace my daughters Kindle. 
Excellent customer service and speed!
Thanks!",2793131,,2793132.0
2793131,AmazonHelp,False,2017-11-21 21:07:00+00:00,@779480 Thank you so much for taking the time to share your experience with us! We're glad to hear a replacement is on the way! ^MB,,2793132.0,2793132.0
2797079,396949,True,2017-11-30 20:04:22+00:00,"Man, when Amazon’s finally tuned process screws up it really screws up. Day three of trying to get them to accept that something wasn’t delivered.",2797078,,2797079.0
2797078,AmazonHelp,False,2017-11-30 20:12:00+00:00,"@396949 We'd like to help with this! When you spoke with us, what options or information did we provide? ^GR",,2797079.0,2797079.0
2805917,782582,True,2017-11-22 02:56:34+00:00,"Technology is great. Order something from @115821 &amp; can get it the same day. But, in order to do that, they must be using the worst delivery service ever. Not delivered to the mailbox, not on the doorstep, but in the front yard. Thank God it isn't raining.",2805916,,2805917.0
2805916,AmazonHelp,False,2017-11-22 02:58:33+00:00,@782582 Hello! I'm sorry about the experience you've had! We'd like to help if we can! Who was the carrier for your order? ^AJ,2805915,2805917.0,2805917.0
2805915,782582,True,2017-11-22 03:01:42+00:00,@AmazonHelp Not sure. I didn't see the vehicle. Is there another way to find out?,2805914,2805916.0,2805917.0
2805914,AmazonHelp,False,2017-11-22 03:06:54+00:00,@782582 Sorry about that! You'll be able to find out the carrier for your order here: https://t.co/cZIAVITC4L ^GM,2805913,2805915.0,2805917.0
2805913,782582,True,2017-11-22 03:09:44+00:00,@AmazonHelp Hopefully you can get the info from this. https://t.co/8HMLeHN0Bq,2805912,2805914.0,2805917.0
2805912,AmazonHelp,False,2017-11-22 03:12:31+00:00,"@782582 We'd like to look into this for you. Please give us some additional information, including order details here: https://t.co/boXPMrnrmQ ^BE",,2805913.0,2805917.0
2805939,782585,True,2017-11-22 02:55:37+00:00,Has anyone else that’s an @115821 prime member noticed that free “2 day” shipping is now consistently more like FIVE day shipping..? Annoyed. @123644 @AmazonHelp,2805938,,2805939.0
2805938,AmazonHelp,False,2017-11-22 03:03:00+00:00,"@782585 Two-Day Shipping refers to transit time, in business days, once shipped. Details can be found here: https://t.co/5wUuT2pdA8

Did we miss the delivery day in the confirmation e-mail? You can check here: https://t.co/DPBIl7IRG4 ^BH",,2805939.0,2805939.0
2806599,782773,True,2017-11-22 03:47:35+00:00,"@AmazonHelp @1141 Fell asleep reading wife’s Paperwhite earlier and...puppy ate it. Technically still works....
Happen to sell a #DogHouse for two? https://t.co/lYerUHL8ye",2806598,,2806599.0
2806598,AmazonHelp,False,2017-11-22 03:57:25+00:00,"@782773 Oh my gosh silly puppy! I'm sure she'll understand... I did find this: https://t.co/9ps8GckP9h just in case.
I would recommend this though: https://t.co/Nqf3Bi8uke and it's even on sale!! 
Best of luck ! :)  ^LL",,2806599.0,2806599.0
2807527,782989,True,2017-11-22 04:03:09+00:00,"@115821 Hi- my Amazon affiliate reporting isn't working correctly, and the ""contact us"" option for Amazon affiliates is broken. Could I get some assistance?",2807526,,2807527.0
2807526,AmazonHelp,False,2017-11-22 04:05:39+00:00,@782989 Oh no! I'm so sorry our contact us isn't working for you! Here is a page with our direct number and additional ways to contact us: https://t.co/lQU6SPe2Ix ^BE,,2807527.0,2807527.0
2809828,783617,True,2017-11-22 05:47:13+00:00,@115850 Why your delivery men don't carry a POS machine? Not every one has cash everytime.,2809827,,2809828.0
2809827,AmazonHelp,False,2017-11-22 06:15:29+00:00,"@783617 I'm sorry, did you report this to our customer service team? ^SI",,2809828.0,2809828.0
2812419,784211,True,2017-11-11 12:19:47+00:00,こまった、アマゾンプライムナウで届いたものの中身が違う,2812418,,2812419.0
2812418,AmazonHelp,False,2017-11-11 12:46:33+00:00,@784211 ご迷惑をおかけしております。Amazon公式です。ご状況をお伺いのうえご対応させていただきたく存じます。よろしければ以下リンクよりカスタマーサービスにご連絡ください。https://t.co/J6YEizo6qC (24時間年中無休対応) HM,,2812419.0,2812419.0
2816350,785122,True,2017-11-27 03:18:42+00:00,"@116090 you have the steam link on for 19.99, but every time i try to add it to cart it says it's out of stock, despite having it on the site. help?",2816348,,2816350.0
2816348,AmazonHelp,False,2017-11-27 03:31:00+00:00,@785122 I'm sorry to here this is giving you some trouble. We'd love to help you more with this. Can you please provide us with the link to the product you're trying to buy? ^AY,2816349,2816350.0,2816350.0
2816349,785122,True,2017-11-27 03:37:34+00:00,"@AmazonHelp this is the link. https://t.co/6FewkSlKrT though it seems now the price has been changed or it went out of stock while i was trying to purchase it, so here is a screencap of the page when it was at the 19.99 price. https://t.co/NNOWPBuH40",2816351,2816348.0,2816350.0
2816351,AmazonHelp,False,2017-11-27 03:54:55+00:00,@785122 Thank you for linking this to us. It looks like the item for the sale price is no longer in stock from us and is being offered by a third party seller on our site. I'm sorry for any inconvenience this has caused.  ^DW,2816352,2816349.0,2816350.0
2816352,785122,True,2017-11-27 04:06:56+00:00,@AmazonHelp it was in stock when i was trying to add it to my cart for over 5 minutes before contacting you. it's unfortunate i couldn't take advantage of the offer due to technical difficulties with your site. thank you for replying,,2816351.0,2816350.0
2818498,785650,True,2017-11-27 04:52:13+00:00,@115821 really letting me down right now..,2818497,,2818498.0
2818497,AmazonHelp,False,2017-11-27 04:54:52+00:00,@785650 I'm so sorry for the poor experience. We'd love to help in any way we can. Without providing any personal/account information can you let us know what's going on? ^EB,2818495,2818498.0,2818498.0
2818495,785650,True,2017-11-27 04:59:16+00:00,@AmazonHelp Needed a package by tonight and it got delayed from my 2-day shipping with prime.,2818493,2818497.0,2818498.0
2818493,AmazonHelp,False,2017-11-27 05:12:03+00:00,"@785650 Oh, no! I understand how frustrating this is. Who is the carrier for this order? You can find that here: https://t.co/Y5jpI9gRhE. ^DG",2818494,2818495.0,2818498.0
2818494,785650,True,2017-11-27 05:14:11+00:00,@AmazonHelp AMZL US,2818496,2818493.0,2818498.0
2818496,AmazonHelp,False,2017-11-27 05:29:27+00:00,@785650 Thanks for checking for us. My team can get this escalated to our Transportation team. Please send us some more details about your order here: https://t.co/4EKIib1cUE ^DW,,2818494.0,2818498.0
2823138,786662,True,2017-11-27 08:21:30+00:00,"Hey @115830, why has Prime stopped being next day delivery? My last few orders, while saying free one day delivery, actually show a date 2 or 3 days away?",2823136,,2823138.0
2823136,AmazonHelp,False,2017-11-27 08:27:52+00:00,@786662 One day delivery is from when it is dispatched. Also we are in a busy period and sometimes parcels and take slightly longer than usual. Here's more information: https://t.co/9iSEbJnKM9 ^PK,2823137,2823138.0,2823138.0
2823137,786662,True,2017-11-27 08:37:15+00:00,"@AmazonHelp OK, I understand, it's just it's always been that most Prime items are dispatched the same day. My last few orders for a number of weeks have been the same and none have arrived next day. Just a very noticeable drop off in service.",2823139,2823136.0,2823138.0
2823139,AmazonHelp,False,2017-11-27 08:46:51+00:00,"@786662 Hi, orders can be dispatched the same day but this does depend on the time of day that the order is placed. If you have any delivery issues please do let us know and we would be happy to help.^ES",,2823137.0,2823138.0
2825531,787134,True,2017-11-27 09:56:17+00:00,"Bicho, fiz um pedido na @117086  na quinta e chegou ONTEM na minha casa, NUM DOMINGO! COMO EU AMO ESSA LOJAA",2825529,,2825531.0
2825529,AmazonHelp,False,2017-11-27 10:07:54+00:00,"@787134 Nossa Israel, que legal! 😍 Ficamos tão felizes que você ame nossa loja. Nós amamos você também! ❤️ E pronto para aproveitar de seu pedido? 📦",2825530,2825531.0,2825531.0
2825530,787134,True,2017-11-27 10:53:22+00:00,"@AmazonHelp Já  lendo vorazmente! Kkkkkkkk
Vlw!!! ❤",2825532,2825529.0,2825531.0
2825532,AmazonHelp,False,2017-11-27 11:28:00+00:00,"@787134 Que emoção, agora estamos curiosos, que livro está lendo? ❤📚 ^DA",2825533,2825530.0,2825531.0
2825533,787134,True,2017-11-27 11:38:34+00:00,"@AmazonHelp Black Hole - Charles Burns e Gavião Arqueiro Minha vida como uma arma
Nerdzando dlev hayeushshau",2825534,2825532.0,2825531.0
2825534,AmazonHelp,False,2017-11-27 12:18:27+00:00,"@787134 Caraca, amamos demais isso! ❤😱 Queria muito ler Black Hole, o que está achando? ^DA",2825535,2825533.0,2825531.0
2825535,787134,True,2017-11-27 12:32:05+00:00,"@AmazonHelp Sensacional, arte e história impecáveis.
Até quem torce o nariz pra traço de quadrinhos underground curte.",2825536,2825534.0,2825531.0
2825536,AmazonHelp,False,2017-11-27 12:52:00+00:00,@787134 Preciso desse livro na minha vida! ❤ Quais outros você nós recomendaria? ^DA,2825537,2825535.0,2825531.0
2825537,787134,True,2017-11-27 13:04:24+00:00,"@AmazonHelp Terminei de ler recentemente o Beasts of Burden dos bonitões do @8733 
Fiquei simplesmente apaixonado.
Recomendo hard",2825538,2825536.0,2825531.0
2825538,AmazonHelp,False,2017-11-27 13:20:58+00:00,"@787134 Aaaah, estava vendo agora e que amor de arte! 😱 Mais um na minha Lista de Desejos! 😍 ^DA",,2825537.0,2825531.0
2825697,145371,True,2017-11-27 09:34:14+00:00,"@AmazonHelp I ordered a product which is not as shown on your app., you are not customer friendly such a bad exp. I have within 3 days.",2825695,,2825697.0
2825695,AmazonHelp,False,2017-11-27 09:55:00+00:00,"@145371 I understand your concern, please contact us here: https://t.co/rS49hgaADF so that we can assist you accordingly. ^PB",2825696,2825697.0,2825697.0
2825696,145371,True,2017-11-28 02:05:55+00:00,@AmazonHelp sir please don't irritate me I already tried this way but prob. is still not solve you can't solve any prob. Thru mail or by app,,2825695.0,2825697.0
2837022,789617,True,2017-11-27 15:22:19+00:00,@115830 Why is next day prime saying Thurs 30th Nov for most items? I've noticed you've increased the lead time.....not ideal!,2837021,,2837022.0
2837021,AmazonHelp,False,2017-11-27 15:26:34+00:00,@789617 We will always try to deliver as soon as possible. During busy periods some deliveries can take slightly longer. Here's more information: https://t.co/l4Y0qb9E1f.^PK,,2837022.0,2837022.0
2840123,790361,True,2017-11-27 16:35:19+00:00,"@AmazonHelp not quite sure how Amazon understands days of weeks and counting. Today is Monday, thus two day shipping should be Wednesday (not Thursday) if one is is scheduled for Tuesday. https://t.co/sNmv9HFwtJ",2840121,,2840123.0
2840121,AmazonHelp,False,2017-11-27 16:41:24+00:00,"@790361 Hey, John! You can find out how we calculate our delivery times here: https://t.co/0Ir4bfmZhK. ^DY",2840122,2840123.0,2840123.0
2840122,790361,True,2017-11-27 16:44:02+00:00,"@AmazonHelp I think you missed the sarcasm in my post. If ONE day is Tuesday, then TWO day should be Wednesday, not Thursday unless you don't deliver on Wedbesdays",2840124,2840121.0,2840123.0
2840124,AmazonHelp,False,2017-11-27 16:47:00+00:00,"@790361 Prime shipping refers to the transit time after being dispatched. We take certain factors into consideration when calculating delivery dates. For more information, the reference ^DY shared is super helpful! ^FD",,2840122.0,2840123.0
2840262,790384,True,2017-11-27 16:21:09+00:00,@AmazonHelp Awtng refund fr damaged prodct even aftr 6 wks.Complaint thru AtoZ claims pending fr 18 days.can some human respond to end this harassment,2840260,,2840262.0
2840260,AmazonHelp,False,2017-11-27 16:25:32+00:00,@790384 I'm sorry for the wait. Which Amazon website did you place the order on? Was is https://t.co/nUUp5MLhYl or https://t.co/ykTUEmdsQA? ^JF,2840261,2840262.0,2840262.0
2840261,790384,True,2017-11-27 16:26:41+00:00,@AmazonHelp Amazon.in,2840263,2840260.0,2840262.0
2840263,AmazonHelp,False,2017-11-27 16:55:44+00:00,@790384 We apologize for the experience you had. Kindly share your details here:https://t.co/beaaDm0muc and we'll get in touch with you soon. ^VH,"2840264,2840265",2840261.0,2840262.0
2840265,790384,True,2017-11-28 07:20:10+00:00,"@AmazonHelp Really sorry experience with @AmazonHelp. No one reads mails, even after posting on twitter",2840269,2840263.0,2840262.0
2840264,790384,True,2017-11-28 07:29:39+00:00,@AmazonHelp I have been harassed for 52 days by the seller. No one at amazon has read what I have written or why I have complained. Very Sad,2840266,2840263.0,2840262.0
2840266,AmazonHelp,False,2017-11-28 07:40:51+00:00,@790384 We've sent you a correspondence to your registered email ID here: https://t.co/fYrzNInVt2. Kindly check. ^PS,2840267,2840264.0,2840262.0
2840269,AmazonHelp,False,2017-11-28 07:42:52+00:00,@790384 Kindly share your details on the link provided earlier so we can look into the issue and get back to you. ^SH,,2840265.0,2840262.0
2840267,790384,True,2017-11-28 07:43:01+00:00,"@AmazonHelp I have read that communication. It is of no help. No one is even trying to understand, why i complained",2840268,2840266.0,2840262.0
2840268,AmazonHelp,False,2017-11-28 07:56:54+00:00,"@790384 Please reply to the email with appropriate understanding, we will check and connect with you. ^RW",,2840267.0,2840262.0
2843744,342198,True,2017-11-27 17:12:18+00:00,Anyone else having problems at checkout with @115821,"2843745,2843743",,2843744.0
2843745,AmazonHelp,False,2017-11-27 17:19:47+00:00,"@342198 I'm so sorry you're having issues with checking out! Could you tell me what's happening? Getting an error message?
^AV",,2843744.0,2843744.0
2843743,342198,True,2017-11-27 17:22:09+00:00,@115821 The “place your order” button was not working. Click and nothing happens.,2843742,2843744.0,2843744.0
2843742,AmazonHelp,False,2017-11-27 17:29:00+00:00,@342198 That is odd! Did you try clearing your cache and cookies? I would also try a different browser to see if the issue can be replicated. ^CH,,2843743.0,2843744.0
2845500,791484,True,2017-11-27 18:00:58+00:00,"Really @115821 @AmazonHelp . Are you really going to charged me twice for my order? After claiming that my payment was ""Declined"" even though the payment was already deducted from my account and cleared my bank?",2845499,,2845500.0
2845499,AmazonHelp,False,2017-11-27 18:07:00+00:00,@791484 I'm sorry for the second unexpected charge! We don't have access to your account via Twitter! Have you had a chance to reach out to our Customer Support team: https://t.co/hApLpMlfHN? ^ME,,2845500.0,2845500.0
2849091,792288,True,2017-11-27 18:47:04+00:00,@115821 hi hello yes why can’t I watch lock up by MSNBC. “This video is currently unavailable to watch in your location” I just wanna watch people behind bars talk about prison politics...I didn’t pay $90 to be told “no”,2849089,,2849091.0
2849089,AmazonHelp,False,2017-11-27 18:55:29+00:00,"@792288 Apologies for the trouble, Skyler! Are you currently trying to stream outside of U.S.? If so, please see: https://t.co/HcAKGNJxfn for more details. ^CS",2849090,2849091.0,2849091.0
2849090,792288,True,2017-11-27 19:20:12+00:00,@AmazonHelp No I am in Maryland in the states 😭😭 it’s the only thing that isn’t working,2849092,2849089.0,2849091.0
2849092,AmazonHelp,False,2017-11-27 19:24:00+00:00,"@792288 Hi, Skyler! I'm sorry that you are having trouble watching your show. May we ask what device you are using to stream? Is it a Kindle, Fire Tablet, Echo Show, Computer, TV, Phone or something else?  ^SP",2849093,2849090.0,2849091.0
2849093,792288,True,2017-11-27 19:34:16+00:00,"@AmazonHelp Currently using a Vizio TV... the picture is what it says under each lock up title, but I’ve never had this issue before https://t.co/TAMYifi22y",2849094,2849092.0,2849091.0
2849094,AmazonHelp,False,2017-11-27 19:41:35+00:00,"@792288 That's strange! When you get a chance please reach out to us here: https://t.co/hApLpMlfHN, so we can troubleshoot this further! ^JY",2849095,2849093.0,2849091.0
2849095,792288,True,2017-11-27 21:23:51+00:00,"@AmazonHelp Sent! Please don’t take 12hrs to respond, the chances of me crying are extremely high without my show 😂",2849096,2849094.0,2849091.0
2849096,AmazonHelp,False,2017-11-27 21:26:58+00:00,"@792288 E-mail responses are generally within 12 hours. For a faster resolution, please use the phone or chat option. ^GG",,2849095.0,2849091.0
2851165,792763,True,2017-11-13 11:20:39+00:00,Amazonで買った覚えないんやけど、メール何通が届いてて開いたらこれ。詐欺？怖すぎ https://t.co/lBi05BsQAG,2851163,,2851165.0
2851163,AmazonHelp,False,2017-11-13 11:31:30+00:00,@792763 ご存知かと存じますが、当サイトからそのようなメールをお送りすることはございません。当サイトの名を騙るフィッシング行為が増えているようです。リンクにアクセスしたりしないようご注意ください。https://t.co/k4jy2iTq1Y  SM,2851164,2851165.0,2851165.0
2851164,792763,True,2017-11-13 11:48:52+00:00,@AmazonHelp ありがとうございます😢,,2851163.0,2851165.0
2858258,232533,True,2017-11-27 21:29:11+00:00,When you order from @115830 some bluetooth headphones &amp; receive a cook book?!🤔can @AmazonHelp help me?,2858256,,2858258.0
2858256,AmazonHelp,False,2017-11-27 21:47:29+00:00,"@232533 I'm sorry you received the wrong item! You can see all of our refund/replacement options for this order here: https://t.co/OOREmXRii0. Please let us know if you have any questions or concerns, we're here for you! ^AJ",2858257,2858258.0,2858258.0
2858257,232533,True,2017-11-28 22:05:49+00:00,@AmazonHelp Thanks. Will post back the book. Whoever got my order instead of their book must be laughing!,,2858256.0,2858258.0
2859885,794717,True,2017-11-27 22:12:03+00:00,@115830 has an extension to the business that are less than shite in @625775 @116324 lie about card left at restaurant on Saturday during busy service &amp; hundreds of witnesses &amp; CCTV still without product! Good as weekest link @115830,2859883,,2859885.0
2859883,AmazonHelp,False,2017-11-27 22:31:34+00:00,@794717 I'm sorry you haven't received your parcel! We'd like to look into this with you; please reach us by phone or chat when you have a moment: https://t.co/hApLpMlfHN ^MV,2859884,2859885.0,2859885.0
2859884,794717,True,2017-11-29 10:40:09+00:00,@AmazonHelp Investigation will take 3 - 5 days and i have to believe a courier that lied to us both to solve parcel delivery. Refund may take days and so now without money and goods until you can be arsed #Amazonareshocking #wontuseprimeagain,,2859883.0,2859885.0
2862030,795069,True,2017-11-27 22:59:04+00:00,"Dear @118706 @123967 @115821 - could someone please explain to me why my package didn’t get delivered twice.  I live in a 24-7 doorman building / Hotel.  Packages are delivered all day.  I’ve never had an issue until today.  And now, I have to trek to the post office.   Why????",2862028,,2862030.0
2862028,AmazonHelp,False,2017-11-27 23:03:03+00:00,"@795069 We'd be happy to contact the carrier on your behalf, if you don't hear anything soon. You can reach out to us by phone or chat here: https://t.co/EHAWRQ24kd ^AM",2862029,2862030.0,2862030.0
2862029,795069,True,2017-11-27 23:56:06+00:00,@AmazonHelp I would love for you to contact @118706 and ask why they didn’t deliver in a 24-7 building.  They’re making you guys look bad.,2862031,2862028.0,2862030.0
2862031,AmazonHelp,False,2017-11-28 00:10:28+00:00,"@795069 We're happy to assist you. Please reach us directly using ^AM's link, above. ^JR",,2862029.0,2862030.0
2863460,795390,True,2017-11-27 23:17:49+00:00,"Really sick of paying $$ for .@115821 Prime, only to have my packages constantly delivered day(d) LATE by the .@118706  https://t.co/89r1qlMl6u",2863458,,2863460.0
2863458,AmazonHelp,False,2017-11-27 23:23:00+00:00,"@795390 I'm sorry for the trouble! To confirm, are you experiencing delivery issues with one of your current orders: https://t.co/Y5jpI9gRhE? ^LR",2863459,2863460.0,2863460.0
2863459,795390,True,2017-11-27 23:38:23+00:00,"@AmazonHelp Yes, and what exactly is a “preditive delay?”",2863461,2863458.0,2863460.0
2863461,AmazonHelp,False,2017-11-27 23:47:32+00:00,@795390 I'm sorry I'm not sure what you're referring to. Can you tell us more information about what's going on? ^JP,2863462,2863459.0,2863460.0
2863462,795390,True,2017-11-28 01:40:44+00:00,@AmazonHelp  https://t.co/PLYt2IazZ3,2863463,2863461.0,2863460.0
2863463,AmazonHelp,False,2017-11-28 01:55:10+00:00,@795390 Thanks for the screen shots. This isn't what we want you to experience. Unforeseen circumstances may cause delays. Please reach us by phone or chat here: https://t.co/hApLpMlfHN so we can look into this with you. ^LH,,2863462.0,2863460.0
2866078,231597,True,2017-11-28 00:24:32+00:00,"Delivery fresh off the Amazon truck to me, no middle man or time unattended.  And...the delivery photo was of a different house.  Items were okay thankfully but you can do better #Amazon https://t.co/1W5Fv8BQk4",2866076,,2866078.0
2866076,AmazonHelp,False,2017-11-28 00:30:15+00:00,@231597 We'd like to make sure this order is escalated for you. Please send us your details at this link here: https://t.co/ItXKoh0SCF ^VS,2866077,2866078.0,2866078.0
2866077,231597,True,2017-11-28 03:47:38+00:00,@AmazonHelp Thanks.  Your logistics department already responded tonight and FAR exceeded what I expected as a response.  Great customer service on that front.,2866079,2866076.0,2866078.0
2866079,AmazonHelp,False,2017-11-28 03:50:03+00:00,@231597 Thanks for the update! I'm glad you were able to get the helped you need and satisfied with the service that was provided. ^LH,,2866077.0,2866078.0
2867188,796297,True,2017-11-28 00:42:54+00:00,"@AmazonHelp Hi, did the $75 Instant Pot sell out? Not showing as available to add to cart",2867186,,2867188.0
2867186,AmazonHelp,False,2017-11-28 00:53:52+00:00,"@796297 If an item is available on our site, there will be the option to add to cart. However, if it is only available from sellers you'll see available from these sellers. ^VS",2867187,2867188.0,2867188.0
2867187,796297,True,2017-11-28 00:54:51+00:00,"@AmazonHelp Hmm, so I guess it sold out then? Annoying",,2867186.0,2867188.0
2867223,796305,True,2017-11-28 00:36:49+00:00,@AmazonHelp Just got Fire Stick today. Plugged it in. Nothing is happening. Screen is blue &amp; blank. None of the troubleshooting suggestions have worked. Just got it today. Ready to send back! 😠,2867221,,2867223.0
2867221,AmazonHelp,False,2017-11-28 00:49:27+00:00,"@796305 Oh no, I'm sorry your Fire Stick isn't working! Please reach out to us here so that we can see if we can help: https://t.co/hApLpMlfHN ^EA",2867222,2867223.0,2867223.0
2867222,796305,True,2017-11-28 01:18:04+00:00,@AmazonHelp I emailed. This is so disappointing. Effortless set up this is not.,2867224,2867221.0,2867223.0
2867224,AmazonHelp,False,2017-11-28 01:32:37+00:00,"@796305 If you'd like a faster response, you can also chat or call us for immediate real-time help at the link EA provided to you. Please keep us posted on how it goes. ^CC",,2867222.0,2867223.0
2869608,796875,True,2017-11-28 01:49:28+00:00,@116875 me pueden ayudar me hicieron un cargo doble a la tarjeta y todavía necesitaba hacer unas compras con uds,2869606,,2869608.0
2869606,AmazonHelp,False,2017-11-28 01:51:32+00:00,"@796875 Hola Victor, cobramos a la hora del envío. Puede que lo que visualices sea una autorización, que se libera según las políticas de retenciones de tu banco. Puedes conocer más aquí: https://t.co/rv2C9CU1HX ^JD",2869607,2869608.0,2869608.0
2869607,796875,True,2017-11-28 01:53:02+00:00,@AmazonHelp Pues ya hablé con el banco y un cobro ya está autorizado y el otro está pendiente y hasta que no liberen no puedo saber si van a cobrar 2 veces,,2869606.0,2869608.0
2871576,797326,True,2017-11-28 02:52:48+00:00,"@115821 I received an email several months ago saying the email linked to my account had been changed. I couldn't log in to my account. I called up, they said I had to verify my address but it was changed. An accounts specialist was looking into it, but I haven't heard from them",2871575,,2871576.0
2871575,AmazonHelp,False,2017-11-28 03:00:31+00:00,"@797326 I'm so sorry you haven't heard from our Account Specialists! Have you checked your spam and junk folders? If you're not seeing anything there, please reach out to us one more time so we can help you regain access to your account: https://t.co/edxhbYU1gy ^AM",,2871576.0,2871576.0
2875680,798326,True,2017-11-28 03:58:20+00:00,Just finished all my Christmas Shopping from my bathtub on @115821 #CyberMonday2017 I’m currently typing this from an iPad. I had to add an iPhone midway through the shopping in the tub,2875679,,2875680.0
2875679,AmazonHelp,False,2017-11-28 05:18:00+00:00,"@798326 That definitely sounds like a win to me! You can relax now, it doesn't get much better than this! Merry Christmas, Kathryn! ^NN",,2875680.0,2875680.0
2876282,647627,True,2017-11-28 06:08:36+00:00,Retourné 2 articles à @120533 le premier avec #RelaisColis arrivée en 24h. Le second avec #LaPoste J+8 toujours pas arrivé. Cherchez l'erreur ...,2876280,,2876282.0
2876280,AmazonHelp,False,2017-11-28 06:12:00+00:00,"@647627 Bonjour, Je suis désolé, avez-vous utilisé l'étiquette de retour d'amazon?
^YL",2876281,2876282.0,2876282.0
2876281,647627,True,2017-11-28 06:16:36+00:00,@AmazonHelp Oui il est d'ailleurs notifié en cours de retour sur la page de suivi #Amazon,2876283,2876280.0,2876282.0
2876283,AmazonHelp,False,2017-11-28 06:26:27+00:00,@647627 Le mieux serait de contacter l'équipe en charge via ce lien  https://t.co/hgIrz98cdI ^SN,2876284,2876281.0,2876282.0
2876284,647627,True,2017-11-28 06:29:29+00:00,@AmazonHelp Je pense qu'il ne s'agit que d'un habituel retard de traitement de #LaPoste mais je prendrai contact si il n'est pas arrivé d'ici la fin de la semaine. Merci !,2876285,2876283.0,2876282.0
2876285,AmazonHelp,False,2017-11-28 06:30:39+00:00,"@647627 D'accord, nous restons à votre disposition en cas de besoin.
^YL",,2876284.0,2876282.0
2877135,224581,True,2017-11-28 05:10:12+00:00,Gracias por tus promos de hoy @116875 ❤️ #CyberMondayEnAmazon,2877134,,2877135.0
2877134,AmazonHelp,False,2017-11-28 06:20:28+00:00,"@224581 ¡Hola Edgar! Buenas noches, que alegría que te hayan gustado nuestras ofertas el día de hoy CyberMondey. Gracias por tu comentario nos trae mucha felicidad. 😍❤️ ^CJ",,2877135.0,2877135.0
2878704,798985,True,2017-11-28 07:16:51+00:00,Amazonプライム気づいたら継続なってた,2878703,,2878704.0
2878703,AmazonHelp,False,2017-11-28 07:22:31+00:00,@798985 突然失礼いたします、公式サポートです。Amazonプライムは自動更新をオフにされていない場合は自動的に会員継続となります。もしキャンセルをご希望の場合はリンクをご参照ください。https://t.co/JrKFIybs6n 更新後に特典の利用がなければ全額返金させていただいております。TN,,2878704.0,2878704.0
2878719,798992,True,2017-11-28 07:07:48+00:00,Llegar al trabajo un martes y encontrar tu pedido de @116928 @110290 I needed to know more about Durzo Blint’s past. https://t.co/Zpjjx6JUiJ,2878718,,2878719.0
2878718,AmazonHelp,False,2017-11-28 07:14:56+00:00,@798992 ¡Qué emoción! Nosotros también queremos saber qué irá a pasar con Azoth. ¿Ya estás listo para comenzarlo? ^AR,,2878719.0,2878719.0
2880503,799347,True,2017-11-28 08:15:39+00:00,Thanku @115850  for delivering bday order to my mom before time 👍,2880502,,2880503.0
2880502,AmazonHelp,False,2017-11-28 08:27:25+00:00,@799347 You're welcome! We are glad that we could make it for this special occasion. ^KK,,2880503.0,2880503.0
2884913,800220,True,2017-11-28 11:19:17+00:00,時間に追われてアマゾンプライマーになってしまった,2884912,,2884913.0
2884912,AmazonHelp,False,2017-11-28 11:32:00+00:00,@800220 リプライ失礼いたします、Amazon公式です。プライムにご登録いただきありがとうございます🙇　お届け予定日やその他ご注文に関する状況は、注文履歴に記載されておりますので、よろしければ以下リンクよりご覧くださいませ。https://t.co/X4jnWeXXoL HM,,2884913.0,2884913.0
2886455,800533,True,2017-11-28 12:32:33+00:00,@115821 @115830 are US purchased gift cards usable on the U.K. site? What kind of conversion or exchange rate is used in doing so if possible,"2886454,2886456",,2886455.0
2886454,AmazonHelp,False,2017-11-28 12:41:00+00:00,"@800533 Thanks for reaching out to us today! https://t.co/nUUp5MLhYl Gift Cards can only be redeemed on the website where it was issued. Unfortunately, they are not transferable from one website to another. There are no conversion rates, so if you have a $25 USD....1/2",,2886455.0,2886455.0
2886456,AmazonHelp,False,2017-11-28 12:44:00+00:00,"@800533 gift card, it's still worth $25 USD. The only things you would have to keep in mind are international shipping charges &amp; import fees, which are normally calculated in the order total. Here are the terms &amp; conditions for gift cards: https://t.co/3d6363Lz9N 2/2 ^KN",,2886455.0,2886455.0
2886466,793004,True,2017-11-28 12:11:28+00:00,Je l'ai commandé hier et je viens de le recevoir ! Un bon boulot de la part de @120533 https://t.co/QMXbBIFoOC,2886465,,2886466.0
2886465,AmazonHelp,False,2017-11-28 12:22:51+00:00,"@793004 Bonjour Maxime, ravie d'apprendre que votre colis est livré😊😍 Merci d'avoir partagé vos impressions, profitez en bien💙^FT",2886464,2886466.0,2886466.0
2886464,793004,True,2017-11-28 12:23:20+00:00,@AmazonHelp C'était un plaisirs ! Merci !,2886463,2886465.0,2886466.0
2886463,AmazonHelp,False,2017-11-28 12:37:32+00:00,@793004 profitez-en et bonne journée :p ^AR,2886462,2886464.0,2886466.0
2886462,793004,True,2017-11-28 12:38:04+00:00,@AmazonHelp Merci bien ! Bonne journée a vous aussi ! 😌,2886461,2886463.0,2886466.0
2886461,AmazonHelp,False,2017-11-28 12:41:00+00:00,@793004 👍 😊,,2886462.0,2886466.0
2890549,467643,True,2017-11-28 14:19:00+00:00,"Really fed up of @115830 now, awful service for the last 2-3 months, just keeps getting worse. Constantly told one thing, then another happens, then 'sorry' and it still continues. I think our Amazon days will soon be over at this rate. The amount of hours on the phone- unreal!",2890547,,2890549.0
2890547,AmazonHelp,False,2017-11-28 14:28:02+00:00,"@467643 Hello Ashleigh, without providing any personal info/account details, could you please explain the issue you are facing? ^BD",2890548,2890549.0,2890549.0
2890548,467643,True,2017-11-28 15:04:29+00:00,"@AmazonHelp Wrong items sent multiple times, damaged items, drivers not even knocking on door, cut off on the phone twice, unauthorised payments, told incorrect information multiple times on phone, advised to discard of broken item-then attempted to be charged for it. Never used to be as bad",2890550,2890547.0,2890549.0
2890550,AmazonHelp,False,2017-11-28 15:08:56+00:00,"@467643 I'm terribly sorry for the poor experience, Ashleigh! We certainly don't expect this to happen. We're not able to view your account via Twitter. However, please allow us another opportunity to look into this further with you here: https://t.co/JzP7hlA23B ^AB",2890551,2890548.0,2890549.0
2890551,467643,True,2017-11-28 15:11:19+00:00,"@AmazonHelp Thank you, I am currently on the phone at the moment speaking to a manager regarding all of this so hopefully it will be resolved at last.",,2890550.0,2890549.0
2894550,802186,True,2017-11-28 15:59:18+00:00,We need more companies like @115821 I love you!❤️ https://t.co/532kxeJstO,2894549,,2894550.0
2894549,AmazonHelp,False,2017-11-28 16:11:32+00:00,"@802186 Hey Alec, we love you too! 💁 Glad you like our lil dog picture! How cute huh?! ^JC.",,2894550.0,2894550.0
2894580,802191,True,2017-11-28 16:00:32+00:00,"@120533 Bonjour , j'ai commander une souris sur votre site le 19 novembre 2017 ! Je devais la recevoir aujourd'hui et là , date de livraison repoussée au mar. 5 déc. ??! Je suis amazon prime , j'ai bien séléctionné la livraison en 1j ouvré j'aurai besoin de votre aide la.. Mrci","2894577,2894588",,2894580.0
2894577,AmazonHelp,False,2017-11-28 16:07:28+00:00,"@802191 Bonjour, je suis navré d'apprendre cela. Que dit le suivi de votre colis ? ^ARC","2894578,2894579",2894580.0,2894580.0
2894579,802191,True,2017-11-28 16:57:42+00:00,"@AmazonHelp Commandé
19 nov.
Expédition prévue
4 déc.

Et je dois le recevoir le 5",2894583,2894577.0,2894580.0
2894578,802191,True,2017-11-28 16:59:31+00:00,@AmazonHelp Pour faire plus simple voici une image https://t.co/FP2pg985io,2894581,2894577.0,2894580.0
2894583,AmazonHelp,False,2017-11-28 17:07:35+00:00,@802191 L'avez-vous signalé à notre SAV afin qu'il prenne les mesures nécessaires?^FT,2894584,2894579.0,2894580.0
2894581,AmazonHelp,False,2017-11-28 17:09:26+00:00,@802191 Je suis sincèrement désolée pour cela. Avez-vous reçu un email pour vous prévenir du changement de la date d'expédition de votre colis ? ^SB,2894582,2894578.0,2894580.0
2894584,802191,True,2017-11-28 17:09:34+00:00,"@AmazonHelp Non , mais c'est pour ça que je vous ai tweeté ?",2894585,2894583.0,2894580.0
2894582,802191,True,2017-11-28 17:11:44+00:00,"@AmazonHelp Oui, j'ai reçu un mail aujourd'hui a 14:30 donc déjà quasiment 1semaines après l'envoi.. Je pense avoir été très patient et gentil mais ça ne va pas continuer longtemps si ça doit prendre 1semaines de + ! Je paie un prime a 50e pour être livré rapidement et je dois att 2semaines?",,2894581.0,2894580.0
2894585,AmazonHelp,False,2017-11-28 17:14:01+00:00,@802191 N'ayant pas accès à votre compte depuis Twitter veuillez contacter notre service client afin de donner suite à votre requête je vous prie via le lien suivant: https://t.co/hgIrz98cdI ^BR,2894586,2894584.0,2894580.0
2894586,802191,True,2017-11-28 17:19:58+00:00,"@AmazonHelp Je parle actuellement avec votre SAV , merci de votre aide.",2894587,2894585.0,2894580.0
2894587,AmazonHelp,False,2017-11-28 17:35:09+00:00,"@802191 Je vous en prie, très bonne soirée. ^ASZ",,2894586.0,2894580.0
2895896,802490,True,2017-11-28 16:23:08+00:00,"Why is @115821 filtering #LGBT content? Why are straight parenting books searchable on their site, but my parenting book for gay dads is being classified as ""adult content"" and excluded in searches? Please retweet to raise awareness. https://t.co/NEox4Eej6J",2895895,,2895896.0
2895895,802489,True,2017-11-28 16:24:59+00:00,"@802490 @115821 Amazon, get your shit together! Guess I'll be canceling my Prime membership.",2895893,2895896.0,2895896.0
2895893,AmazonHelp,False,2017-11-28 16:38:31+00:00,"@802489 Hi there, We would love to help with any frustration you are having. Without adding personal account details, can you explain what has happened? 

-RD",2895894,2895895.0,2895896.0
2895894,802489,True,2017-11-28 16:41:22+00:00,"@AmazonHelp Maybe try reading the original tweet. Why is @802490 book on parenting for gay dads being filtered as ""adult"" content?",,2895893.0,2895896.0
2899626,270208,True,2017-11-28 17:38:48+00:00,"Boah @116316 dieses Buch kostet 70€ und ihr schickt es mir so zu. Was soll das? Verpackt eure Sachen SICHER!!! Jedes Mal angestoßene Ecken, Kratzer und Knicke. Und ja, ich melde es immer und es ändert sich nie was!!! 😡 https://t.co/2o9exUTGSS",2899624,,2899626.0
2899624,AmazonHelp,False,2017-11-28 17:48:31+00:00,"@270208 Hallo, das sieht tatsächlich nicht schön aus. :( Bitte gib uns Feedback zur Verpackung immer hier ab, damit es die richtigen Kollegen erreicht: https://t.co/dLhbMTHfvK Hast du denn schon eine Ersatzlieferung angefordert? Liebe Grüße ^TA",2899625,2899626.0,2899626.0
2899625,270208,True,2017-11-28 18:15:38+00:00,"@AmazonHelp Konnte es zum Glück klären. Hoffentlich sehen die anderen Bücher, die die Woche kommen, nicht auch so aus :(",2899627,2899624.0,2899626.0
2899627,AmazonHelp,False,2017-11-28 18:25:53+00:00,"@270208 Schön zu hören, dass dir geholfen werden konnte. Sag gerne Bescheid, wie die anderen Bücher ankommen. Lieben Gruß ^NW",,2899625.0,2899626.0
2901098,803604,True,2017-11-28 18:04:42+00:00,"Comprar algo na sexta-feira 
Chegar na terça-feira
Satisfação que não tem tamanho

@117086 te amo &lt;3 #Amazon #newbooks #eficiencia",2901097,,2901098.0
2901097,AmazonHelp,False,2017-11-28 18:11:37+00:00,"@803604 Corremos para entregar o mais rápido possível!🏃📦 Nós também Ricardo.😊❤️ Me diga, que você comprou?🙃 ^HC https://t.co/HtSMQ5mVNK",,2901098.0,2901098.0
2902492,803915,True,2017-11-28 18:21:43+00:00,"Bonjour @AmazonHelp, j’ai 2  commandes livrée par Amazon Logistics, le colis est marqué livré contre signature, or ce n’est pas le cas, personne n’a signé et elles ont juste été posées par terre dans un autre immeuble, j’ai pu les récupérer uniquement par hasard …",2902491,,2902492.0
2902491,AmazonHelp,False,2017-11-28 18:43:01+00:00,"@803915 Bonsoir, je suis sincèrement désolée pour le désagrément causé par cela. Afin de vérifier votre dossier de plus près, je vous invite à remplir le formulaire suivant : https://t.co/HtUowg2UGX ^SB",,2902492.0,2902492.0
2902612,803941,True,2017-11-28 18:23:45+00:00,"मैंने 23rd Nov 2017 को ""Lucent's सामान्य ज्ञान (2018 edition)"" का ओर्डर दिया था। पर आज मुझे 2016 के edition की किताब मिली। और रुपए नये संस्करण के लिए। तो मुझे 2018 का नया संस्करण भेजें। 

@115850 @AmazonHelp https://t.co/VwzONox5oo",2902611,,2902612.0
2902611,AmazonHelp,False,2017-11-28 18:33:35+00:00,"@803941 We apologize for the mismatch. Allow our support team to investigate this. You can report this here: https://t.co/R3EfhzgU8B. Also, please don't provide your order details as we consider it personal information. Our twitter page is visible to public. ^NK",,2902612.0,2902612.0
2903572,235770,True,2017-11-28 18:43:24+00:00,"En la madrugada hice mi primera compra en @116875 y ya me llegó. No sólo súper rápido, también me salió muy pero muy barato. Soy muy fan.",2903571,,2903572.0
2903571,AmazonHelp,False,2017-11-28 18:49:31+00:00,"@235770 Hola, Héctor. No sabes lo felices que somos al recibir comentarios como este. ❤️  La satisfacción de nuestros clientes es nuestro mayor premio. 😊 Cuéntanos, ¿cuál fue tu primera compra en Amazon? Esperamos que la disfrutes mucho. ^ES",2903558,2903572.0,2903572.0
2903558,235770,True,2017-11-28 18:54:24+00:00,"@AmazonHelp Unos tenis y un reloj, es mi aniversario, cumplo 3 años de vivir con mi chico. Esta feliz porque fue sorpresa y le encantaron. Gracias. La próxima vez compraré algo para mí.",2903556,2903571.0,2903572.0
2903556,AmazonHelp,False,2017-11-28 19:04:01+00:00,"@235770 ¡Héctor, que amor, felicidades por los 3 años que viven juntos! 😍😍 Somos súper curiosos, ¿qué dirías que ha sido lo mejor de vivir juntos? ^DA https://t.co/QBE9JXMFNn",2903557,2903558.0,2903572.0
2903557,235770,True,2017-11-28 19:07:54+00:00,"@AmazonHelp Es todo pero también no es nada. Es despertar juntos, es caminar horas buscando algo lindo para el depa, son esas miradas que no dicen nada pero que significan todo. Es él, soy yo. Somos nosotros.",2903559,2903556.0,2903572.0
2903559,AmazonHelp,False,2017-11-28 19:16:00+00:00,"@235770 💕✨ Amamos formar parte de tu sorpresa para una persona tan especial Héctor, definitivamente el tiempo que compartirmos con alguien tan importante es lo mejor del día. Cuéntanos ¿Tienen alguna película o serie favorita?  ^PC",2903560,2903557.0,2903572.0
2903560,235770,True,2017-11-28 19:18:11+00:00,"@AmazonHelp Si. Varias... Ahora andamos locos con la liga de la justicia, queremos comprar la de Wonder Woman y la de Superman Vs Batman para empezar la colección.",2903561,2903559.0,2903572.0
2903561,AmazonHelp,False,2017-11-28 19:35:36+00:00,@235770 Nosotros somos fans de la Liga de la justicia y todo el poder que ellos transmiten. 💪💥 Nos gustaría saber que otras películas o series te interesan. Cuéntanos a través del siguiente enlace: https://t.co/lFwwV5Aa8g ¡Nos emociona saber tu respuesta! ^KA https://t.co/YvVijXNZTr,2903562,2903560.0,2903572.0
2903562,235770,True,2017-11-28 19:58:42+00:00,"@AmazonHelp Listo, ya lo llené pero para que es???",2903563,2903561.0,2903572.0
2903563,AmazonHelp,False,2017-11-28 20:02:34+00:00,"@235770 ¡Héctor es todo un secreto!. Ya vamos a verificarlo. 😀
^DB",2903564,2903562.0,2903572.0
2903564,235770,True,2017-11-28 20:04:25+00:00,"@AmazonHelp Un secreto??? Jajaja de verdad que son geniales, cómo es que una empresa trabaja tanto en su atención a clientes??? Y yo pensaba que por ser en línea había todo menos servicio a cliente. Imaginaba que eran robots jajajaja. Cuéntenos por fa.",2903565,2903563.0,2903572.0
2903565,AmazonHelp,False,2017-11-28 20:07:30+00:00,"@235770 Ya los descubrirás, Héctor 😉 Recuerda que la paciencia es una de las mayores virtudes 😊 ^LG",2903566,2903564.0,2903572.0
2903566,235770,True,2017-11-29 15:48:39+00:00,@AmazonHelp Ya no me contaron el secreto!!! Cuéntenme. Por favor!!!!,2903567,2903565.0,2903572.0
2903567,AmazonHelp,False,2017-11-29 16:07:07+00:00,"@235770 Héctor, todo es mejor con un poco de suspenso. 😏 Además, nosotros sabemos guardar muy bien los secretos. 😂 ^FZ https://t.co/qDgAmUlFaP",2903568,2903566.0,2903572.0
2903568,235770,True,2017-11-29 16:08:26+00:00,"@AmazonHelp Jajajaja, yo también. Si me lo cuentan, lo guardo bien. Bueno al menos una pista!!!!",2903569,2903567.0,2903572.0
2903569,AmazonHelp,False,2017-11-29 16:16:00+00:00,"@235770 Ya lo verás, no comas ansias. 😉 ¡Feliz ombligo de semana! ¡Que tengas un lindo miércoles! ^ES",2903570,2903568.0,2903572.0
2903570,235770,True,2017-12-01 20:37:16+00:00,"@AmazonHelp Wow, wow, woow son maravillosos... Realmente maravillosos. Este era el secreto, nos encantó, de verdad que nos encantó. Muchas muchas muchas gracias. https://t.co/qcpvzRjOov",,2903569.0,2903572.0
2903647,804160,True,2017-11-28 18:47:31+00:00,yo @115821 USPS has a better shipping service than AMZL US. At least they attempt to put my shit inside the screen door or the mailbox. smh,2903646,,2903647.0
2903646,AmazonHelp,False,2017-11-28 18:50:33+00:00,"@804160 I'm sorry for the frustration! Without giving account/personal details, can you please provide us with more information? ^AC",,2903647.0,2903647.0
2906636,804864,True,2017-11-28 19:51:01+00:00,@115821 that's a strange message confirming my issue submissions 😄 @AmazonHelp https://t.co/axvmoMHdQR,2906634,,2906636.0
2906634,AmazonHelp,False,2017-11-28 20:05:00+00:00,@804864 We'd like to assist! What action caused this error to appear? ^SJ,2906635,2906636.0,2906636.0
2906635,804864,True,2017-11-28 20:57:32+00:00,@AmazonHelp Filing a refund dispute because the vendor did not contact me for 2+ days.,2906637,2906634.0,2906636.0
2906637,AmazonHelp,False,2017-11-28 21:04:30+00:00,@804864 Was this noticed on the website or received via e-mail? ^CS,2906638,2906635.0,2906636.0
2906638,804864,True,2017-11-28 21:52:41+00:00,@AmazonHelp On the website.,2906639,2906637.0,2906636.0
2906639,AmazonHelp,False,2017-11-28 21:55:55+00:00,@804864 I'm sorry for the trouble! Most errors can be resolved by clearing the cache and cookies and restarting your web browser. Please let us know if this helps! ^LR,2906640,2906638.0,2906636.0
2906640,804864,True,2017-11-28 21:58:06+00:00,"@AmazonHelp #facepalm cookies and cache do not create issues like that, those look like placeholder tokens that were not replaced when the page was rendered. I'd suggest you have your developers look into this, I am fairly sure they will find references to the tokens in the source code.",2906641,2906639.0,2906636.0
2906641,AmazonHelp,False,2017-11-28 22:08:26+00:00,"@804864 Are you able to see if the A-Z claim was submitted before you received the error message? If not, you can contact us here and we'll be glad to assist: https://t.co/hApLpMlfHN ^FJ",2906642,2906640.0,2906636.0
2906642,804864,True,2017-11-28 22:21:04+00:00,@AmazonHelp I am going to guess those tokens were supposed to be the confirmation. ;),2906643,2906641.0,2906636.0
2906643,804864,True,2017-11-28 22:23:04+00:00,@AmazonHelp As I said... those were placeholder tokens that are now fixed again. https://t.co/iMWkSFCCXs,,2906642.0,2906636.0
2906701,804877,True,2017-11-28 19:51:47+00:00,@115830 Thanks for leaving my product on my door step today it’s now soaking wet and ruined!!🤬😡,2906700,,2906701.0
2906700,AmazonHelp,False,2017-11-28 19:56:01+00:00,@804877 Oh no! I am so sorry to hear this! Please reach out to us here and we will look at options together:  https://t.co/JzP7hlRCV9 We are here to help! ^DJ,,2906701.0,2906701.0
2907834,805134,True,2017-11-28 20:28:05+00:00,"Señores de @116928 les recomiendo que no trabajen con @4496 ya que a 3 minutos de finalizar el servicio, por aquí no han aparecido.",2907833,,2907834.0
2907833,805134,True,2017-11-28 20:28:41+00:00,@116928 @4496 Lo que implica que mi pedido no ha llegado a tiempo gracias a la empresa de transporte.,2907832,2907834.0,2907834.0
2907832,AmazonHelp,False,2017-11-28 20:31:29+00:00,"@805134 Hola Lucía, lamento mucho lo sucedido con la entrega de tu pedido. ¿Has podido hablar con @133260, sobre esta entrega? ^LG",2907825,2907833.0,2907834.0
2907825,805134,True,2017-11-28 20:32:36+00:00,"@AmazonHelp @133260 Sí, me han dicho que estaba en entrega, pero aquí no ha venido nadie...",2907823,2907832.0,2907834.0
2907823,AmazonHelp,False,2017-11-28 20:36:00+00:00,"@805134 Entiendo, Lucía. ¿El pedido que estás esperando es vendido y enviado por Amazon o por un vendedor externo en nuestro sitio web? ^AA",2907824,2907825.0,2907834.0
2907824,805134,True,2017-11-28 20:42:11+00:00,@AmazonHelp Son vendedores externos. Influye en algo? Gracias por vuestra rápida respuesta!,2907826,2907823.0,2907834.0
2907826,AmazonHelp,False,2017-11-28 20:46:00+00:00,"@805134 Lucía, gracias por el dato. En ese caso, si gustas puedes ponerte en contacto con el vendedor, el siguiente enlace contiene información detallada que explica cómo hacerlo: https://t.co/98g5F6KhqU
^CB",2907827,2907824.0,2907834.0
2907827,805134,True,2017-11-28 20:59:29+00:00,"@AmazonHelp Si no es problema del vendedor externo, el problema es que al buscar la localización del pedido, aparece como que está en entrega. Entró ayer por la mañana en la unidad de reparto y dos días así, sin poder hacer cosas porque estos señores no hacen las cosas bien.",2907828,2907826.0,2907834.0
2907828,AmazonHelp,False,2017-11-28 21:05:33+00:00,"@805134 Lucía, sin compartir información personal, ¿podrías informarnos cuál es la fecha de entrega de tu pedido por favor?. ^NB",2907829,2907827.0,2907834.0
2907829,805134,True,2017-11-28 21:15:17+00:00,@AmazonHelp 28 de Noviembre,2907830,2907828.0,2907834.0
2907830,AmazonHelp,False,2017-11-28 21:20:08+00:00,"@805134 Lamento el atraso. Ya que el pedido fue gestionado por un vendedor, es necesario que este verifique lo ocurrido. Recuerda que todos nuestros pedidos están cubiertos bajo la Garantía de la A a la Z. Por favor, verifica esta información: https://t.co/9yuwZRAFb3 ^CR",2907831,2907829.0,2907834.0
2907831,805134,True,2017-11-28 21:23:18+00:00,"@AmazonHelp El problema no es del vendedor, es de la empresa de transporte. En este caso es @4496 . La organización que tiene en esta ciudad es horrible.",,2907830.0,2907834.0
2907867,805142,True,2017-11-28 20:25:02+00:00,"@AmazonHelp I've been waiting for a package since saturday. Still didn't receive anything. Intelcom apparently tried to deliver and said I was not present, though both me and my girlfriend were there. They don't return calls or emails... 4 days after using #Prime. So deceiving!!",2907866,,2907867.0
2907866,AmazonHelp,False,2017-11-28 20:28:30+00:00,@805142 I'm so sorry to hear that! Please contact us directly so we can take a closer look: https://t.co/Q7Ftz6nj80 ^BG,,2907867.0,2907867.0
2910331,805701,True,2017-11-28 21:21:02+00:00,"He pedido un juego a @115821 que nos tenía que llegar a la cafetería donde estamos siempre abiertos, hemos mirado en @4496 y nos dicen que lo han entregado pero a nosotros no nos lo ha dado nadie... Me encantaría saber que ha pasado... O si es un timo...",2910330,,2910331.0
2910330,AmazonHelp,False,2017-11-28 21:26:29+00:00,"@805701 Hola, Arancha. Lamentamos mucho este inconveniente, sin mencionar detalles de tu cuenta o el número de tu pedido, ¿podrías por favor indicarnos si este pedido fue gestionado por Amazon directamente o por un vendedor externo? ¿Ya contactaste a Correos? 
^CB",2910329,2910331.0,2910331.0
2910329,805701,True,2017-11-28 21:29:13+00:00,"@AmazonHelp Fue directamente pedido desde Amazon. A correos hemos llamado y es imposible hablar con ellos, no cogen el teléfono... Solo pone en el seguimiento del pedido que fue entregado ayer a las 12 y media más o menos, cuando la cafetería está abierta",2910328,2910330.0,2910331.0
2910328,AmazonHelp,False,2017-11-28 21:36:00+00:00,"@805701 Arancha, ¿podrías indicarnos si compraste este producto en Amazon.es o en otro mercado de Amazon? ^ES",2910327,2910329.0,2910331.0
2910327,805701,True,2017-11-28 21:37:09+00:00,@AmazonHelp En amazon.es,2910325,2910328.0,2910331.0
2910325,AmazonHelp,False,2017-11-28 21:39:26+00:00,"@805701 Arancha, muchas gracias por el dato. En este caso, lo mejor sería que contactes con Servicio al Cliente mediante este enlace: https://t.co/OjvUxwnzPe
^CB",2910326,2910327.0,2910331.0
2910326,805701,True,2017-11-28 21:43:21+00:00,"@AmazonHelp Vale, gracias",,2910325.0,2910331.0
2910412,805713,True,2017-11-28 21:19:15+00:00,.@AmazonHelp why the fuck do I have to wait 2 months for this to deliver https://t.co/QQyWJjq7pB,2910410,,2910412.0
2910410,AmazonHelp,False,2017-11-28 21:21:30+00:00,@805713 Hi! Is this item being shipped by one of our sellers? Let us know! ^DA,2910411,2910412.0,2910412.0
2910411,805713,True,2017-11-29 02:36:29+00:00,@AmazonHelp Oh shit dude it’s shipping from China lmao😂why the fuck y’all on that China shipping?,,2910410.0,2910412.0
2913188,806449,True,2017-11-28 22:23:47+00:00,"@AmazonHelp I ordered a necklace but when my package arrived, the jewellery box was empty. Please help.",2913187,,2913188.0
2913187,AmazonHelp,False,2017-11-28 22:34:00+00:00,"@806449 I'm so sorry to hear you received an empty package. We'd like to check available options for you. If you have a moment, please reach us by phone or chat here: https://t.co/hApLpMlfHN. ^LH",,2913188.0,2913188.0
2914489,267286,True,2017-11-28 22:58:50+00:00,So @115821 had two deliveries to make to me this week. Neither made it. One driver just “ran out of time” and another didn’t have the balls to ask for directions. Amazon’s own delivery is 100% a failure. Go back to using @81 @118706 @115817 to deliver cuz your people are incapable!,2914486,,2914489.0
2914486,AmazonHelp,False,2017-11-28 23:06:37+00:00,"@267286 Kimberly, I'm sorry to hear you haven't received either package. When you reached out to our phone support, did they provide you with a resolution? ^SY","2914487,2914488",2914489.0,2914489.0
2914488,267286,True,2017-11-28 23:19:42+00:00,"@AmazonHelp They’ll send it tomorrow. Unacceptable. Still on hold. They wanted me to go over mapquest with them. I’m in a condo that’s been here 20 years!! If pizza @81 @118706 and @115817 can find me, why can’t @115821?! And what good is prime if things take four or five days??!!","2914492,2914493",2914486.0,2914489.0
2914487,267286,True,2017-11-28 23:21:22+00:00,"@AmazonHelp Please tell me again why I should PAY to have the 2 day shipping??? And I wouldn’t even know there was a problem if I hadn’t looked at the website!! No message, no notice, just again no delivery!! WTF kind of service is that?!",2914490,2914486.0,2914489.0
2914493,UPSHelp,False,2017-11-28 23:24:52+00:00,@267286 I'm sorry to hear that you're experiencing delivery issues. If you need any assistance please send us your tracking number in a DM. ^SK https://t.co/wKJHDXWGRQ,,2914488.0,2914489.0
2914492,AmazonHelp,False,2017-11-28 23:27:00+00:00,@267286 I understand the frustration! Deliveries can be made until 8:00 p.m. Please let us know if this is missed. We'll be able to further assist. ^SJ,,2914488.0,2914489.0
2914490,AmazonHelp,False,2017-11-28 23:38:30+00:00,@267286 Notifications are available through the Amazon Shopping App. You may also set up shipping notifications here: https://t.co/O9HzwP94vn ^SJ,2914491,2914487.0,2914489.0
2914491,267286,True,2017-11-29 00:05:21+00:00,"@AmazonHelp How about you just get items to me when they are supposed to be here??!! And I do have notifications with Echo.  I got notice it was in the way, I never got a notice there were issues!! Keep trying. I PAY for Prime &amp; you’ve screwed up both deliveries this week. Why should I pay?!",,2914490.0,2914489.0
2917268,807469,True,2017-11-28 23:40:32+00:00,"Never have I ordered something from Amazon that was ""lost in transit"" until now. Guess there's a first time for everything.",2917267,,2917268.0
2917267,AmazonHelp,False,2017-11-28 23:45:30+00:00,@807469 I'm sorry your item was lost. We'd like to help look into replacement/refund options with you when you have time here: https://t.co/hApLpMlfHN ^VS,,2917268.0,2917268.0
2918640,807838,True,2017-11-29 00:23:33+00:00,@AmazonHelp @115821 do you find this level of damage acceptable when shipping an item? https://t.co/YmAlETeIxx,2918639,,2918640.0
2918639,AmazonHelp,False,2017-11-29 00:26:00+00:00,"@807838 I'm so sorry for the condition your package was delivered in! So we can get you the correct information, was the item fulfilled by Amazon or a Marketplace seller? ^AR",2918638,2918640.0,2918640.0
2918638,807838,True,2017-11-29 00:30:36+00:00,@AmazonHelp Fulfilled by Amazon. This is 2 different packages. Both had shipping labels slapped on the collectors box rather than placed in a shipping box.,2918636,2918639.0,2918640.0
2918636,AmazonHelp,False,2017-11-29 00:39:27+00:00,"@807838 I'm terribly sorry, David. Returns, replacements, and exchanges can be made here: https://t.co/ITd7bvWK86 or, if you prefer, you can contact us via phone, chat, or e-mail here: https://t.co/hApLpMlfHN. ^KL",2918637,2918638.0,2918640.0
2918637,807838,True,2017-11-29 00:55:17+00:00,"@AmazonHelp I was only given the option to return but I want more done. This was supposed to be a gift for some one but it first arrived late, then damaged. Then the replacement was damaged as well.",,2918636.0,2918640.0
2921393,808529,True,2017-11-29 01:35:19+00:00,Kitten TV on @116439 🐱🐱🐱 https://t.co/tmvlpcnbJ1,2921392,,2921393.0
2921392,AmazonHelp,False,2017-11-29 01:40:27+00:00,@808529 That's a purrfect shot! ^LS,,2921393.0,2921393.0
2923578,809032,True,2017-11-29 02:18:24+00:00,"whoever stole my amazon package, i hope you enjoy those lactating pads, you sicko",2923577,,2923578.0
2923577,AmazonHelp,False,2017-11-29 02:22:36+00:00,@809032 Oh no! I'm sorry to hear someone took your package. We'd like to help! Please reach out to us via phone or chat here: https://t.co/hApLpMlfHN ^JP,,2923578.0,2923578.0
2926368,809671,True,2017-11-29 03:58:10+00:00,@AmazonHelp my package hasn't arrived and it was supposed to be here today @ or before 8 :(,2926367,,2926368.0
2926367,AmazonHelp,False,2017-11-29 04:02:00+00:00,@809671 I'm sorry to hear of the trouble! Can you please confirm the carrier for us: https://t.co/Y5jpI9gRhE? Is there any new updates on the order?  ^ST,,2926368.0,2926368.0
2926413,401098,True,2017-11-29 03:31:50+00:00,.@115821 @AmazonHelp should I expect receiving my order in this lifetime? https://t.co/kIHstcl8GU,2926411,,2926413.0
2926411,AmazonHelp,False,2017-11-29 03:47:57+00:00,"@401098 I'm sorry you haven't received your order yet! Have you reached out to one of our agents regarding this for available options? If not, you can do so here: https://t.co/Y5jpI9gRhE ^JP",2926412,2926413.0,2926413.0
2926412,401098,True,2017-11-29 15:25:18+00:00,"@AmazonHelp Problem solved, apparently, the package is lost. https://t.co/rk27muK16J",2926414,2926411.0,2926413.0
2926414,401098,True,2017-11-29 22:10:44+00:00,"@AmazonHelp .@115821 thanks for the non-existing follow up, great customer service!",2926415,2926412.0,2926413.0
2926415,AmazonHelp,False,2017-11-29 22:16:27+00:00,@401098 I'm sorry you didn't receive a follow up! This isn't the expectation we've set. Have you had a chance to set up for a refund/replacement yet? ^AC,"2926416,2926417",2926414.0,2926413.0
2926417,401098,True,2017-11-29 22:22:57+00:00,"@AmazonHelp I don't have that option, I am only allowed to cancel, however, I still need the item https://t.co/atu12c47Zn",,2926415.0,2926413.0
2926416,401098,True,2017-11-29 22:23:58+00:00,@AmazonHelp I just submitted a request for replacement,2926418,2926415.0,2926413.0
2926418,AmazonHelp,False,2017-11-29 22:33:05+00:00,@401098 I'm glad to hear you were able to get a replacement situated. Please reach back out if you ever need us. We're here for you. ^AN,,2926416.0,2926413.0
2930658,810677,True,2017-11-29 07:15:46+00:00,Il mio #kindle sa quando ho voglia di leggere. Si scarica.,2930656,,2930658.0
2930656,AmazonHelp,False,2017-11-29 07:34:51+00:00,@810677 Hai riscontrato un problema col dispositivo? ^GA,2930657,2930658.0,2930658.0
2930657,810677,True,2017-11-29 07:38:39+00:00,@AmazonHelp Credo sia colpa della cover che non era chiusa bene e mi ha fatto rimanere lo schermo acceso 😩 e il karma. Super gentili ❤️,2930659,2930656.0,2930658.0
2930659,AmazonHelp,False,2017-11-29 07:44:26+00:00,"@810677 mi spiace ☹. Grazie, restiamo a disposizione! 💜. ^RP",2930660,2930657.0,2930658.0
2930660,810677,True,2017-11-29 07:48:42+00:00,@AmazonHelp  https://t.co/XW77zmveKt,,2930659.0,2930658.0
2931352,810811,True,2017-11-29 07:49:58+00:00,"@115850 @115851 ordered bose soundlink speaker , the delivery boy cancelled ordered without contacting me, and customer service is replying that they can't do anything regarding this as it was cash on delivery order",2931350,,2931352.0
2931350,AmazonHelp,False,2017-11-29 08:04:00+00:00,"@810811 I understand your concern about the order. However, once the order is returned we cannot reinstate it. I request you to kindly place a fresh order. Further, I've noted your comments and will be sure to forward this as a feedback internally. ^SF",2931351,2931352.0,2931352.0
2931351,810811,True,2017-11-29 08:10:18+00:00,"@AmazonHelp @115851 I ordered the speaker at an offer price on black friday deal.
Your delivery boy should call me at least once or come to my location.
This is very poor service from your side",2931353,2931350.0,2931352.0
2931353,AmazonHelp,False,2017-11-29 08:33:00+00:00,@810811 I completely agree with you and understand your level of discomfort with the services. Be assured that your experience has been forwarded as feedback to make sure this isn't repeated. Appreciate your understanding in this concern. ^HR,2931354,2931351.0,2931352.0
2931354,810811,True,2017-11-29 08:43:28+00:00,@AmazonHelp @115851  But what about my product. Because of ypur glitch you want me to suffer. I want that product at same price i ordered,2931355,2931353.0,2931352.0
2931355,AmazonHelp,False,2017-11-29 09:08:31+00:00,"@810811 I could understand how upsetting it is. However, once an order is canceled we do not reinstate the same order. Please place a new order for the same.  We have forwarded your feedback internally to review. Appreciate your understanding. ^BS","2931356,2931357",2931354.0,2931352.0
2931356,810811,True,2017-11-29 09:09:55+00:00,"@AmazonHelp But i didn't cancelled it .You guys have to take the responsibility.
You should order it for me at same price",,2931355.0,2931352.0
2931357,810811,True,2017-11-29 09:14:59+00:00,@AmazonHelp Place thr same order for me at same price thats all i want,2931358,2931355.0,2931352.0
2931358,AmazonHelp,False,2017-11-29 09:42:00+00:00,"@810811 We'd certainly want to help you. However, since this is a COD order a replacement is not possible. Hence, place a new order. Unfortunately, we won't be able to assist any further on this, but we'll be more than happy to provide any help you may need in the future. ^BS",2931359,2931357.0,2931352.0
2931359,810811,True,2017-11-29 10:02:22+00:00,@AmazonHelp @115851 Why you can't? If you are going to turn down your regular customer like this. I don't see any option then stop using your services.,,2931358.0,2931352.0
2931954,810922,True,2017-11-29 08:08:36+00:00,@AmazonHelp quite possibly the WORST customer service on your web chat 😪😪😪,2931952,,2931954.0
2931952,AmazonHelp,False,2017-11-29 08:19:25+00:00,@810922 I'm sorry to hear about the poor experience. Without giving out account / personal info can you tell s more about the issue? ^MI,2931953,2931954.0,2931954.0
2931953,810922,True,2017-11-30 05:16:56+00:00,"@AmazonHelp Overcharged for purchases which has incurred me bank charges,  and generally made to feel like an inconvenience by your web chat team when trying to find out why I was overcharged...to which I still have had no explanation 😡",,2931952.0,2931954.0
2933600,811211,True,2017-11-29 09:15:23+00:00,".@115830 are making a habit of telling me a delivery will be in two days, and then deciding it will be in one day on the morning. This is not actually very useful.","2933601,2933599",,2933600.0
2933601,AmazonHelp,False,2017-11-29 09:17:23+00:00,"@811211 I am sorry to hear this Garry. Can I ask, what was the estimated delivery date given to you on the confirmation email you received when placing this order?^GA",2933641,2933600.0,2933600.0
2933641,811211,True,2017-11-29 09:19:53+00:00,"@AmazonHelp Thursday on both the confirmation and dispatch notification, for two orders (same happened last week on other orders). Then delivery notifications for today, this morning.",2933639,2933601.0,2933600.0
2933639,AmazonHelp,False,2017-11-29 09:23:00+00:00,"@811211 Apologies for the delay, Garry. Some deliveries may take slightly longer than usual due to this busy period. What is the current status on the tracking?^CN",2933640,2933641.0,2933600.0
2933640,811211,True,2017-11-29 09:24:20+00:00,"@AmazonHelp Hi - there’s no delay, quite the opposite - you’re delivering it earlier than you said you would :)

It’s a very first world problem I’m having, I’ll be honest.

But I do still have one package coming tomorrow so now I’m in waiting both days.",,2933639.0,2933600.0
2933599,414951,True,2017-11-29 09:24:59+00:00,@811211 @115830 You can select a designated day (for free) to avoid this - I have done it this week when it wanted to deliver a day when I wasn't in.,2933598,2933600.0,2933600.0
2933598,811211,True,2017-11-29 09:26:06+00:00,@414951 @115830 I was fine with the day that was on the order confirmation AND the dispatch notification…but then it changed to another day the next morning - that’s my problem :),2933595,2933599.0,2933600.0
2933595,AmazonHelp,False,2017-11-29 09:28:53+00:00,"@811211 I am sorry to hear this Garry. Can I ask, who sold and fulfilled this order please? You can find this info here:https://t.co/aaDyEz1VgE.^GA","2933596,2933597",2933598.0,2933600.0
2933597,811211,True,2017-11-29 09:30:47+00:00,"@AmazonHelp One order is Amazon for both. The other has one item which is sold by TelComponents and fulfilled by Amazon, with the other items sold and fulfilled by Amazon.",,2933595.0,2933600.0
2933596,811211,True,2017-11-29 09:32:08+00:00,"@AmazonHelp As an aside, you have picked up a spam account - @110852 just DM’d me.",,2933595.0,2933600.0
2933638,811217,True,2017-11-29 08:57:03+00:00,@112515 @118919 @115850 you guys cheat your customers. Some days back I had bought a amazon prime subscription through this link https://t.co/VmJSew4btB. Now both of you guys are refusing to give cashback. Both passing the blame to each other. You guys cheat customers,2933637,,2933638.0
2933637,AmazonHelp,False,2017-11-29 09:24:25+00:00,"@811217 I understand your concern regarding the cashback, Vaibhav. We'd like to help you, please drop in your details here: https://t.co/GIJyeYqKE0 and we will check this out for you. ^AH",,2933638.0,2933638.0
2935203,811530,True,2017-11-29 09:48:04+00:00,@119625  Plz add English subtitles to vaastav the reality Hindi movie,2935202,,2935203.0
2935202,AmazonHelp,False,2017-11-29 10:18:24+00:00,"@811530 Thank you for your suggestion, Ashi. I'll ensure to forward this feedback to our concerned team internally and get it reviewed. ^RI",,2935203.0,2935203.0
2938337,521341,True,2017-11-29 12:09:19+00:00,Estar esperando un paquete de @116928 y de repente recibir un sms diciendo que han estado en casa. Cuatro personas y ninguno escuchamos el timbre? Decepcionada,2938336,,2938337.0
2938336,AmazonHelp,False,2017-11-29 12:16:29+00:00,"@521341 Hola, sentimos cualquier inconveniente que esto te pudiera ocasionar. ¿Has podido contactar directamente con el transportista encargado de hacer la entrega de tu pedido? ^KA",2938335,2938337.0,2938337.0
2938335,521341,True,2017-11-29 12:18:23+00:00,"@AmazonHelp No, quería llamar para ver si podía ir esta tarde a recogerlo y tras 5 llamadas no lo coge nadie. Y solo me dejaba aceptar la opción de que me lo traigan mañana y mañana no estoy en casa. Cuando lo he pedido para que llegara hoy.",2938334,2938336.0,2938337.0
2938334,AmazonHelp,False,2017-11-29 12:22:00+00:00,@521341 Entiendo. ¿El artículo es vendido por Amazon o por un vendedor tercero? ^DB,2938333,2938335.0,2938337.0
2938333,521341,True,2017-11-29 12:23:03+00:00,@AmazonHelp Un vendedor tercero.,2938332,2938334.0,2938337.0
2938332,AmazonHelp,False,2017-11-29 12:26:27+00:00,@521341 En este caso te recomiendo contactar directamente con el vendedor para verificar esta información. Puedes hacerlo mediante este enlace:https://t.co/KbxyVNYK8A ^VL,,2938333.0,2938337.0
2940318,812637,True,2017-11-29 12:57:27+00:00,"@115850 @AmazonHelp 
What is the return policy for this from delhi? https://t.co/zYpb6Ut0Or",2940316,,2940318.0
2940316,AmazonHelp,False,2017-11-29 13:18:27+00:00,@812637 You can learn about our return policies here: https://t.co/gYYDFKUNPY. Kindly refer to the link and feel free to get back to us for further concerns. ^BV,2940317,2940318.0,2940318.0
2940317,812637,True,2017-11-29 17:35:24+00:00,@AmazonHelp Will you pick it up from the address or will I have to courier it to you?,2940319,2940316.0,2940318.0
2940319,AmazonHelp,False,2017-11-29 17:49:00+00:00,@812637 That you will come to know when you raise a request for return. You may request the return from here: https://t.co/3yqvLnyTxi. ^HS,,2940317.0,2940318.0
2946945,813942,True,2017-11-29 15:49:16+00:00,@115821 the fact that 3rd party sellers now have my email address when I buy things that are prime &amp; they email me 85 times to ask for reviews makes me want to cancel my prime membership. It’s that infuriating,2946944,,2946945.0
2946944,AmazonHelp,False,2017-11-29 15:52:27+00:00,"@813942 This isn't at all the experience we expect! I'd like to make sure this is reported. Please, check this reference: https://t.co/rZ0gIVbapD to learn how to report this to us. We're here for you! ^JE",,2946945.0,2946945.0
2948120,814219,True,2017-11-29 16:07:51+00:00,@119625 Why can’t you add cast info for South Indian movies (specifically Telugu)? @AmazonHelp,2948119,,2948120.0
2948119,AmazonHelp,False,2017-11-29 16:32:32+00:00,@814219 We value your insights shared. I'll ensure to pass your comment internally to work on and improvise. ^CB,,2948120.0,2948120.0
2949503,814550,True,2017-11-29 16:37:06+00:00,Ever since @115821 decided to switch to their own drivers they’ve been delaying most of my packages. What’s the point of paying for Prime when they can’t meet the expected date??? https://t.co/zIwcO40AON,2949502,,2949503.0
2949502,AmazonHelp,False,2017-11-29 16:50:25+00:00,"@814550 Hi there, I'm sorry to hear you're having trouble with your delivery. Is there a recent order you are waiting on? 

-RD",,2949503.0,2949503.0
2950772,515088,True,2017-11-29 17:24:08+00:00,"Hi @AmazonHelp - my 1-day delivery (ordered Sunday evening!) is due to arrive by 8pm tonight. It reached Edinburgh at 4am, but still isn't out for delivery at 5.22pm. Can you tell why it hasn't gone out yet?","2950770,2950774",,2950772.0
2950770,AmazonHelp,False,2017-11-29 17:32:36+00:00,@515088 I'm sorry your parcel hasn't gone out for delivery! We'd like to stay informed of your delivery. Please let us know if you don't get your parcel by 21:00 tonight. ^TK,2950771,2950772.0,2950772.0
2950771,515088,True,2017-11-29 20:22:08+00:00,@AmazonHelp Tracking has now changed to the attached pic. Am I entitled to a refund on the 'one day delivery' costs for this failure to deliver? https://t.co/bFXsvfsQ4Y,2950773,2950770.0,2950772.0
2950773,AmazonHelp,False,2017-11-29 20:35:14+00:00,"@515088 I am sorry that you have had this experience! Yes, you are indeed entitled to a refund on the shipping. Please click here:  https://t.co/JzP7hlRCV9 so that a team member can further assist you with that request. ^TL",,2950771.0,2950772.0
2952226,815184,True,2017-11-29 18:02:20+00:00,#Amazon-Alexa ist Gard angekommen 🤔😉,2952225,,2952226.0
2952225,AmazonHelp,False,2017-11-29 18:06:28+00:00,@815184 Dann befrei die mal schnell aus ihrer Verpackung ;) ^AN,,2952226.0,2952226.0
2952359,815208,True,2017-11-29 17:30:28+00:00,"Hola @116928 una pregunta.
Cuando tengo algo en reserva, ¿el pago se efectua automaticamente el dia del lanzamiento o al realizar la reserva? O me avisan el dia de lanzamiento para pagarlo?
El problema es que lo tengo en amazon.de y no entiendo demasiado. Gracias!",2952357,,2952359.0
2952357,AmazonHelp,False,2017-11-29 17:44:28+00:00,"@815208 Hola, quando compras algo en amazon.de, lo pagas automaticamente el día del lanzamiento. ^AW",2952358,2952359.0,2952359.0
2952358,815208,True,2017-11-29 18:17:09+00:00,@AmazonHelp Muchas gracias!,2952360,2952357.0,2952359.0
2952360,AmazonHelp,False,2017-11-29 18:24:30+00:00,@815208 De nada :),,2952358.0,2952359.0
2954441,158069,True,2017-11-29 18:44:42+00:00,"@115830  How do I contact Amazon about an order. All options send me to the seller, don’t need to talk to them?",2954440,,2954441.0
2954440,AmazonHelp,False,2017-11-29 18:49:33+00:00,@158069 I'm sorry for the troubles. You can reach out to us via phone or chat here: https://t.co/JzP7hlA23B. ^AL,,2954441.0,2954441.0
2958671,816587,True,2017-11-29 19:45:46+00:00,"@116875 como puedo hacer para recoger compras en un local ó en un buzón postal, casi nunca estoy en casa.",2958670,,2958671.0
2958670,AmazonHelp,False,2017-11-29 19:50:00+00:00,"@816587 Hola Guillermo, por favor verifica las siguientes informaciones: https://t.co/I6Nq7eJoYi .^MB",,2958671.0,2958671.0
2959945,816929,True,2017-11-29 20:12:05+00:00,I am not impressed with @115821 or @AmazonHelp today. It has been a frustrating experience to say the least.,2959943,,2959945.0
2959943,AmazonHelp,False,2017-11-29 20:27:30+00:00,"@816929 I'm so sorry to hear this, Mr. Currin! We like our customers to have a great experience with us, and it seems we've let you down! Without posting personal account information, tell us more about your situation. ^FR",2959944,2959945.0,2959945.0
2959944,816929,True,2017-11-29 20:36:01+00:00,"@AmazonHelp I ordered a package 11/22 using prime. It was lost/delayed. The initial delay was not an issue. However I need it 12/1. I called today for a way to fix the situation. A replacement was shipped and I was told it would be here 12/1. However, it now scheduled to arrive 12/2.","2959946,2959947",2959943.0,2959945.0
2959947,816929,True,2017-11-29 20:36:30+00:00,@AmazonHelp It is just stressful that I needed it and it won't be here in time.,,2959944.0,2959945.0
2959946,AmazonHelp,False,2017-11-29 20:46:27+00:00,@816929 I'm so sorry! I understand how frustrating this can be. Please keep us posted on the arrival of your replacement! ^SW,2959948,2959944.0,2959945.0
2959948,816929,True,2017-11-29 20:55:47+00:00,@AmazonHelp Hopefully I'll be pleasantly surprised and it'll be here Friday. But I'm not counting on it,,2959946.0,2959945.0
2966556,806788,True,2017-11-29 22:41:19+00:00,"@116875 pésimo servicio d entrega, 1paquet q tuvo q llegar DESDE ayer, y a esta hora TODAVÍA NOO LLEGA y pague envío 😡😡😡😡",2966555,,2966556.0
2966555,AmazonHelp,False,2017-11-29 22:45:00+00:00,"@806788 Hola, Lettys. Lamentamos mucho este inconveniente. ¿Has intentado ponerte en contacto con el transportista para verificar las razones de este retraso? ^ES",,2966556.0,2966556.0
2973823,820163,True,2017-11-30 01:48:30+00:00,"however you feel about Amazon taking photos of delivered packages on your porch, it did enable me to find my package on a neighbor's porch today ¯\_(ツ)_/¯",2973822,,2973823.0
2973822,AmazonHelp,False,2017-11-30 02:01:06+00:00,@820163 I'm sorry for the delivery mix-up! So we can best assist; who's the carrier shown under tracking info here: https://t.co/Y5jpI9gRhE? ^WT,2973821,2973823.0,2973823.0
2973821,820163,True,2017-11-30 02:04:18+00:00,@AmazonHelp Hi! AMZL US,2973820,2973822.0,2973823.0
2973820,AmazonHelp,False,2017-11-30 02:13:08+00:00,"@820163 Our team would like to gather some info about this delivery for the AMZL team! 

When you get a chance, we'd really appreciate it if you could provide some details about your delivery experience here: https://t.co/5tV0KAqA6v ^WT",,2973821.0,2973823.0
2975974,820749,True,2017-11-16 12:44:30+00:00,amazonから届いたOVA特典が付いてないんだけど、どうしたら、,2975973,,2975974.0
2975973,AmazonHelp,False,2017-11-16 12:54:00+00:00,@820749 恐れ入りますが、注文履歴より商品ページにアクセスいただき、特典付きの商品をご注文いただいたか、今一度ご確認をお願いいたします。特典付きにもかかわらず付属していなかった場合は、こちらのページより交換または返品のお手続きをお願いいたします。https://t.co/DnnJnFatZK RI,,2975974.0,2975974.0
2979604,821747,True,2017-11-30 04:12:03+00:00,Funny that someone just liked this tweet as AMZL yet again failed to deliver a package tonight. Hooray @115821 https://t.co/hf8ELalqGO,2979603,,2979604.0
2979603,AmazonHelp,False,2017-11-30 04:22:25+00:00,"@821747 I'm sorry you haven't received your expected package. I'd like to make sure this is escalated for you. At your convenience, and with as much detail as possible, please provide your information via this secure link: ​ https://t.co/lN4e5jxnnh  ^SE",,2979604.0,2979604.0
2979700,816246,True,2017-11-30 03:48:20+00:00,"#amzl_us the driver was less than a,1,one,ONE mile from my house. https://t.co/QuiAKdedtj",2979699,,2979700.0
2979699,AmazonHelp,False,2017-11-30 03:59:30+00:00,"@816246 I'm sorry for the delay. Without any account or personal information, please confirm for us who the shipper is on the order here: https://t.co/Y5jpI9gRhE ^SG",,2979700.0,2979700.0
2983644,822764,True,2017-11-30 05:41:22+00:00,Amazonプライムにガルパンあるの最の高,2983643,,2983644.0
2983643,AmazonHelp,False,2017-11-30 05:55:35+00:00,"@822764 いつもAmazonをご利用いただきありがとうございます☺
 ごゆっくりお楽しみください～🤗
プライム・ビデオ :""ガールズ＆パンツァー""  ＞https://t.co/VaqIfUq6ch　MH",,2983644.0,2983644.0
2983665,822766,True,2017-11-30 05:17:13+00:00,@AmazonHelp Hi i have a query i live in Marthahalli bridge area (Bengaluru) . can you tell me where is the nearest location for phone exchange ???,2983663,,2983665.0
2983663,AmazonHelp,False,2017-11-30 05:30:44+00:00,@822766 Are you referring to the mobile exchange program on our website? ^SY,"2983659,2983664",2983665.0,2983665.0
2983664,822766,True,2017-11-30 05:31:09+00:00,@AmazonHelp Yes,,2983663.0,2983665.0
2983659,822766,True,2017-11-30 05:36:55+00:00,@AmazonHelp I am on the delivery page right now if u can provide me nearest location it will b very helpful,2983657,2983663.0,2983665.0
2983657,AmazonHelp,False,2017-11-30 05:52:25+00:00,@822766 The delivery agent collects the exchange phone at the shipping address. ^NS,2983658,2983659.0,2983665.0
2983658,822766,True,2017-11-30 05:55:52+00:00,@AmazonHelp i need to know location nearer to me so that i can place the order with exchange,2983660,2983657.0,2983665.0
2983660,AmazonHelp,False,2017-11-30 06:10:00+00:00,"@822766 We will not be able to help with the exact location. Please put in pin codes/location close to you, &amp; try again. ^RW",2983661,2983658.0,2983665.0
2983661,822766,True,2017-11-30 06:10:48+00:00,@AmazonHelp trying that since forever not working for any of the pin codes,2983662,2983660.0,2983665.0
2983662,AmazonHelp,False,2017-11-30 06:31:00+00:00,"@822766 The availability of Exchange Offer for a product depends on several factors such as your delivery location, availability of Buyback partners for that location. Please be assured that we are continuously working to expand our selection. ^KA",,2983661.0,2983665.0
2984570,823006,True,2017-11-30 05:59:18+00:00,So @AmazonHelp another package that missed the 'guaranteed' delivery window for a prime user. This is becoming kinda sadly common (40% miss rate in November). Is that acceptable for a prime member?,2984569,,2984570.0
2984569,AmazonHelp,False,2017-11-30 06:04:28+00:00,@823006 I'm sorry to hear that your package is late. Have you received updated tracking information (found here): https://t.co/sC9hYVSmFR  ^SE,2984567,2984570.0,2984570.0
2984567,823006,True,2017-11-30 06:19:03+00:00,@AmazonHelp Just a vauge some time in the next 3 days with no further tracking info. It really is starting to look like your systems are getting overwhelmed.,2984565,2984569.0,2984570.0
2984565,AmazonHelp,False,2017-11-30 06:26:26+00:00,@823006 I understand your concern. Late packages typically arrive within one or two business days.  Please keep us posted when it arrives. ^GM,2984566,2984567.0,2984570.0
2984566,823006,True,2017-11-30 06:46:15+00:00,"@AmazonHelp You do realize that it arriving 1-2 days late is exactly the issue, as it misses the 'guaranteed' delivery date that you state when checking out?",2984568,2984565.0,2984570.0
2984568,AmazonHelp,False,2017-11-30 06:52:00+00:00,"@823006 We understand. However, unforeseen circumstances happen and we may ask you to wait before we can research available options to avoid needing to return a replacement/refund that's been processed. ^EZ",,2984566.0,2984570.0
2985490,761050,True,2017-11-30 06:33:17+00:00,@AmazonHelp Got help with fraud on a/c. could not reset my p/word as it came up with error. Now finally got to send an email about it to you &amp; aparently I don't have an ac under my email. I have yrs of emails etc from you????? I also pay for prime. Please find my a/c!,2985488,,2985490.0
2985488,AmazonHelp,False,2017-11-30 06:47:28+00:00,"@761050 We're unable to access account or order details if your account is currently on hold. I suggest working with our Account Specialists for more information. If you haven't received an e-mail from them, please reach out here: https://t.co/jzvkhdlrK5 ^NN",2985489,2985490.0,2985490.0
2985489,761050,True,2017-11-30 06:52:45+00:00,@AmazonHelp I have sent them an email. There response was there is no a/c under my email. But all the reset codes are coming through to it. So did someone cancel my a/c?,2985491,2985488.0,2985490.0
2985491,AmazonHelp,False,2017-11-30 06:59:00+00:00,@761050 I'm sorry for the trouble! We don't have access to your account via Twitter. Please reach out to us here: https://t.co/jzvkhdlrK5 ^MO,,2985489.0,2985490.0
2986464,207371,True,2017-11-30 07:16:09+00:00,@115821 really love how i got a replacement h115i and i can still use the ok but not working properly working h115i while i wait for my new one. Thanks for being the best amazon https://t.co/hwBIljV1WM,2986463,,2986464.0
2986463,AmazonHelp,False,2017-11-30 07:21:52+00:00,"@207371 oh my!!!! We're in love! Stu wishes he knew how to HI5, alas, he prefers sitting for treats :P ^AS https://t.co/5ToTuXej0t",,2986464.0,2986464.0
2986953,823582,True,2017-11-21 18:25:36+00:00,Flipando con el servicio de atención al cliente de @115821 . Envio mail para solicitar una reclamación a un vendedor externo y a los 5 minutos me llaman para ayudarme en el asunto. Esto si que es seriedad. Excelente!!! #amazonmolas #amazon,2986952,,2986953.0
2986952,AmazonHelp,False,2017-11-21 18:49:26+00:00,"@823582 Hola, Laura. Qué lindo recibir comentarios como el tuyo, y saber que estás satisfecha con nuestro servicio.😊 Espero que los inconvenientes hayan quedado resueltos.
Saludos. ^ES",,2986953.0,2986953.0
2987261,139821,True,2017-11-30 07:40:56+00:00,"@115850 
What about the ONEPLUS 5T quiz results?",2987260,,2987261.0
2987260,AmazonHelp,False,2017-11-30 07:49:27+00:00,@139821 The results for the quiz will be published by the end of the day on our page. Stay tuned! ^HR,,2987261.0,2987261.0
